sudut,kecepatan,delta_sudut_puncak,label
17.05066449674313,256.57482147216797,4.711029346418076,fall
20.069181617727438,258.6887741088867,4.711029346418076,fall
32.514514938334,249.32086944580078,8.932355732441817,fall
36.7519280829149,313.9902877807617,8.932355732441817,fall
40.88215585711631,312.45243072509766,8.932355732441817,fall
44.72839195799575,268.1414794921875,8.932355732441817,fall
51.74932119896077,285.23231506347656,8.932355732441817,fall
50.44049844383092,382.66571044921875,8.932355732441817,fall
55.56860592383128,199.7197723388672,8.932355732441817,fall
56.91932670474557,380.4487609863281,8.932355732441817,fall
66.43611741479398,206.8109893798828,9.516790710048411,fall
72.47285629742643,387.4280548095703,9.516790710048411,fall
66.65096242741785,330.40077209472656,9.516790710048411,fall
72.18993181065905,159.92340087890625,9.516790710048411,fall
69.47974850921544,541.1139678955078,9.516790710048411,fall
61.91505969666677,539.71435546875,9.516790710048411,fall
37.18919023048272,720.6161499023438,24.72586946618405,fall
56.25098052963022,1324.211654663086,24.72586946618405,fall
76.85332528993332,-198.057861328125,62.06309788758306,fall
60.10214944938882,140.81336975097656,62.06309788758306,fall
63.77742187447318,138.01849365234375,62.06309788758306,fall
15.045719046505914,203.03604125976562,62.06309788758306,fall
53.418421227621074,171.50390625,6.4504585365000295,fall
53.703512010059534,264.89559173583984,6.4504585365000295,fall
57.25782973917516,130.3095245361328,6.4504585365000295,fall
61.6400797904212,189.28115844726562,6.4504585365000295,fall
63.46173971438575,320.2649688720703,6.4504585365000295,fall
67.58776279603954,374.2964172363281,6.4504585365000295,fall
70.66587906701739,436.9104766845703,6.4504585365000295,fall
72.48813320412872,202.6318359375,6.4504585365000295,fall
67.50639880755553,425.1990509033203,6.4504585365000295,fall
64.32037434038695,291.1054229736328,6.4504585365000295,fall
62.31152346430726,268.5955810546875,6.4504585365000295,fall
63.706624112401656,155.73760986328125,6.4504585365000295,fall
68.42262485495216,139.92874145507812,6.4504585365000295,fall
72.64818993208769,316.4165496826172,6.4504585365000295,fall
68.17640704590305,50.30708312988281,6.4504585365000295,fall
64.82045807648483,19.948196411132812,6.4504585365000295,fall
80.80657073505667,563.8323211669922,15.986112658571841,fall
83.20940851240171,574.3842315673828,15.986112658571841,fall
86.0045838869622,144.0209197998047,15.986112658571841,fall
82.02032312111292,90.076904296875,15.986112658571841,fall
84.22684917174396,239.5813751220703,15.986112658571841,fall
83.33594982510454,-34.90608215332031,15.986112658571841,fall
77.0910162311557,-29.14306640625,15.986112658571841,fall
72.41332230142297,341.48231506347656,15.986112658571841,fall
75.69464947865235,-90.49575805664062,15.986112658571841,fall
78.30895956346802,16.094970703125,15.986112658571841,fall
75.78521523459814,-113.56681823730469,15.986112658571841,fall
71.52556021632992,180.15953063964844,15.986112658571841,fall
74.8199196522623,302.0100402832031,15.986112658571841,fall
72.14396587405761,-195.33370971679688,15.986112658571841,fall
71.496773096488,-51.87469482421875,15.986112658571841,fall
73.11112135187501,50.498199462890625,15.986112658571841,fall
75.04906181264073,65.66047668457031,15.986112658571841,fall
74.2897070011634,-14.275131225585938,15.986112658571841,fall
79.62272202855203,386.1078643798828,15.986112658571841,fall
79.00734486669515,3.099517822265625,15.986112658571841,fall
13.0394101555672,232.1707534790039,5.973168089635336,fall
13.723980229006369,242.91057586669922,5.973168089635336,fall
15.290544747017487,283.4294128417969,5.973168089635336,fall
14.47858597626421,282.2760772705078,5.973168089635336,fall
14.999801224607996,291.74549102783203,5.973168089635336,fall
17.109531955260575,469.1221618652344,5.973168089635336,fall
17.13538712957566,378.6995315551758,5.973168089635336,fall
17.58722035161937,304.7750473022461,2.7116985573533565,fall
16.369766811292894,327.3457717895508,2.7116985573533565,fall
15.690467383883801,371.05762481689453,2.7116985573533565,fall
14.970857652563016,316.3165283203125,2.7116985573533565,fall
14.291726770975576,269.8329162597656,2.7116985573533565,fall
14.435468277869871,247.8519058227539,2.7116985573533565,fall
12.93139276581375,302.05467224121094,2.7116985573533565,fall
9.650367853806715,319.4146728515625,3.2810249120070356,fall
3.8678501094073834,425.9532165527344,5.782517744399332,fall
2.35648736232307,203.5466766357422,5.782517744399332,fall
25.811274065301998,305.26634216308594,14.081886142969404,fall
33.19787276140476,319.0708923339844,14.081886142969404,fall
50.55792195086422,114.6493148803711,4.229653333816422,fall
54.87780728010834,60.187225341796875,4.319885329244123,fall
56.61391303726539,97.81791687011719,4.319885329244123,fall
57.144205423707085,-40.19805908203125,4.319885329244123,fall
58.78221287042404,103.63689422607422,4.319885329244123,fall
63.78691778541644,7.365074157714844,5.004704914992402,fall
65.27270495933931,82.9599380493164,5.004704914992402,fall
67.5544365085874,8.036727905273438,5.004704914992402,fall
69.33575701713657,149.67910766601562,5.004704914992402,fall
68.90098552937646,213.18511962890625,5.004704914992402,fall
74.65435085248915,143.16490173339844,5.753365323112689,fall
73.8889536597839,96.21505737304688,5.753365323112689,fall
76.84317695541023,149.39437866210938,5.753365323112689,fall
76.54909540018309,318.5321044921875,5.753365323112689,fall
78.86979025448207,332.0416259765625,5.753365323112689,fall
75.47801967740679,333.84178161621094,5.753365323112689,fall
71.12133885797286,244.74746704101562,5.753365323112689,fall
64.21481116424724,274.82643127441406,6.9065276937256215,fall
69.58903182969655,90.24856567382812,6.9065276937256215,fall
63.72957558457874,506.3484191894531,6.9065276937256215,fall
65.78371090244212,79.03358459472656,6.9065276937256215,fall
58.46062831495355,184.16473388671875,7.323082587488571,fall
58.657475669839314,335.17433166503906,7.323082587488571,fall
59.828729552851705,-163.55117797851562,7.323082587488571,fall
63.858181314446725,533.4143829345703,20.226138913549377,fall
76.02409387826168,906.4668273925781,20.226138913549377,fall
78.6375399904046,187.98751831054688,32.752801875212,fall
88.11716394361164,254.68826293945312,32.752801875212,fall
77.39114409665603,-269.1545104980469,32.752801875212,fall
72.33457003816194,134.62852478027344,32.752801875212,fall
75.54536420937603,81.95594787597656,32.752801875212,fall
77.36884840655102,74.77500915527344,32.752801875212,fall
86.33847030993408,710.4837799072266,32.752801875212,fall
87.66645000884746,60.785980224609375,32.752801875212,fall
84.84726456211892,284.970703125,32.752801875212,fall
80.19296803586464,-320.1567077636719,32.752801875212,fall
76.0781527067892,435.11146545410156,35.15888761754222,fall
33.31098756405926,360.9228515625,7.517305682870619,fall
41.493604954868815,207.44922637939453,8.182617390809554,fall
51.66043531038579,285.2366638183594,10.166830355516979,fall
59.49189412074657,80.47794342041016,10.166830355516979,fall
63.9930100845466,257.51392364501953,10.166830355516979,fall
78.18997422855365,217.9712677001953,14.196964144007055,fall
80.90615336852153,309.5807647705078,14.196964144007055,fall
80.0696211145237,455.7563781738281,14.196964144007055,fall
87.98359543236731,144.4983673095703,14.196964144007055,fall
87.08310178514341,367.4370574951172,14.196964144007055,fall
86.67565386283287,420.3007507324219,14.196964144007055,fall
86.10287941185126,239.51499938964844,14.196964144007055,fall
85.62034472134633,208.73886108398438,14.196964144007055,fall
77.52748343716775,1748.2958221435547,14.196964144007055,fall
64.38864307030362,724.2333984375,14.196964144007055,fall
59.7934137869168,373.64158630371094,14.196964144007055,fall
59.40224298017659,-576.0665130615234,14.196964144007055,fall
84.86331355567535,-66.72477722167969,25.46107057549876,fall
84.9765476682435,234.3669891357422,25.46107057549876,fall
68.16750817108759,-36.26678466796875,25.46107057549876,fall
71.42309304070818,231.20864868164062,25.46107057549876,fall
65.0313506380328,29.260025024414062,25.46107057549876,fall
70.36002800826857,-5.894622802734375,25.46107057549876,fall
71.01902364195446,199.79827880859375,25.46107057549876,fall
64.47795777471397,326.6992950439453,25.46107057549876,fall
66.15218550810677,138.29544067382812,25.46107057549876,fall
71.5319680344503,-636.8220520019531,25.46107057549876,fall
72.12726000437064,-240.21446228027344,25.46107057549876,fall
36.195738461073965,823.8844299316406,35.931521543296675,fall
61.552626146987876,-217.7588653564453,35.931521543296675,fall
51.49619693061849,-15.152206420898438,35.931521543296675,fall
57.62776888276992,679.9477386474609,57.1167143513312,fall
76.52320131093698,-2.10205078125,57.1167143513312,fall
39.66228303883035,264.0022659301758,4.270883690912051,fall
38.87342617247754,209.57874298095703,4.270883690912051,fall
42.243561515226034,243.4247589111328,4.270883690912051,fall
46.71466277291008,224.65896606445312,4.471101257684047,fall
46.886561796017205,281.8498992919922,4.471101257684047,fall
52.17501924254791,245.965576171875,5.288457446530707,fall
58.000773847146114,235.75332641601562,5.8257546045982025,fall
60.135590638433804,255.47653198242188,5.8257546045982025,fall
63.04739669577934,4.9839019775390625,5.8257546045982025,fall
68.42543794869715,178.93592834472656,5.8257546045982025,fall
71.2963229653181,-22.806243896484375,5.8257546045982025,fall
74.94669744380815,255.1728057861328,5.8257546045982025,fall
78.66888258095145,30.003662109375,5.8257546045982025,fall
84.1164733418543,246.08001708984375,5.8257546045982025,fall
87.69042809645504,-110.4510498046875,5.8257546045982025,fall
89.33709502544791,79.52064514160156,5.8257546045982025,fall
86.35189440642336,-92.60169982910156,5.8257546045982025,fall
86.03730795998803,72.81806945800781,5.8257546045982025,fall
76.7065313254507,42.64045715332031,9.33077663453733,fall
75.33089920869584,149.8711395263672,9.33077663453733,fall
63.29439993181133,184.66278076171875,27.966568136131905,fall
64.99566205964516,-335.03082275390625,27.966568136131905,fall
81.61153306915472,30.809783935546875,27.966568136131905,fall
71.980220164494,246.8360137939453,27.966568136131905,fall
68.18084054097731,-70.17013549804688,56.96384603609644,fall
69.66509728633024,12.134857177734375,56.96384603609644,fall
51.781272735210315,95.943603515625,56.96384603609644,fall
80.98099046925391,273.7268829345703,56.96384603609644,fall
81.26149785490779,-179.4257354736328,56.96384603609644,fall
59.70702217349868,-326.0932159423828,56.96384603609644,fall
83.24351041478612,207.49351501464844,56.96384603609644,fall
85.44982672495118,-27.829055786132812,56.96384603609644,fall
88.44524879622327,75.82603454589844,56.96384603609644,fall
85.67753140195731,119.560546875,56.96384603609644,fall
82.33723000070096,-545.7778930664062,56.96384603609644,fall
82.19199084539143,-111.9891357421875,56.96384603609644,fall
86.61930852686115,143.89251708984375,56.96384603609644,fall
83.84391415607294,121.7120361328125,56.96384603609644,fall
86.48763383736613,-118.87435913085938,56.96384603609644,fall
86.43908340164874,-139.37164306640625,56.96384603609644,fall
88.52507312005545,63.18122863769531,56.96384603609644,fall
87.23810164001254,-85.506591796875,56.96384603609644,fall
85.29542710265855,-11.042633056640625,56.96384603609644,fall
81.96427029099505,-95.75225830078125,56.96384603609644,fall
85.27815440795467,-11.156387329101562,56.96384603609644,fall
86.44519606102324,176.58897399902344,56.96384603609644,fall
89.17748126641473,33.72459411621094,56.96384603609644,fall
84.4962671297597,-79.45449829101562,56.96384603609644,fall
88.85984911997446,233.08639526367188,56.96384603609644,fall
87.33250921681605,-68.95042419433594,56.96384603609644,fall
84.45589224737836,4.3462371826171875,56.96384603609644,fall
81.46397158819714,8.025283813476562,56.96384603609644,fall
83.6984877378069,176.0932159423828,56.96384603609644,fall
78.06781732070017,-284.6058654785156,53.164466412579756,fall
86.72477030427888,35.667572021484375,29.199717734043595,fall
83.93287918143504,215.34324645996094,29.199717734043595,fall
87.59219239294889,186.361083984375,29.199717734043595,fall
85.06931655202608,-170.76942443847656,23.536488241287437,fall
82.83134161373523,-179.227294921875,23.536488241287437,fall
82.71994326887419,-99.39399719238281,23.536488241287437,fall
82.5835532909876,-85.93505859375,8.656952983578705,fall
82.27887995840014,-38.1646728515625,8.656952983578705,fall
84.2202624158222,124.75959777832031,8.656952983578705,fall
86.90536043779663,223.5472869873047,8.656952983578705,fall
84.52222263158941,-141.7357635498047,8.656952983578705,fall
23.770521057221455,211.2421417236328,3.5189278286073247,fall
25.799663660772985,292.6659393310547,3.5189278286073247,fall
29.398766996512375,336.90513610839844,3.5991033357393896,fall
34.68367680541898,329.68814849853516,5.284909808906608,fall
40.01355294234962,376.5249252319336,5.329876136930636,fall
45.80946674153753,323.87237548828125,5.7959137991879075,fall
58.14934667714333,289.8369598388672,12.3398799356058,fall
66.51014669925257,361.7354965209961,12.3398799356058,fall
71.22447917945514,271.3417053222656,12.3398799356058,fall
78.65600438817222,269.87640380859375,12.3398799356058,fall
80.17729558171627,280.43724060058594,12.3398799356058,fall
86.56436583266856,200.71998596191406,12.3398799356058,fall
87.48580121356602,386.0563659667969,12.3398799356058,fall
85.91711918726438,240.78414916992188,12.3398799356058,fall
89.66204509225625,108.98345947265625,12.3398799356058,fall
87.6227860040075,79.273681640625,12.3398799356058,fall
78.34610673552322,311.5583038330078,12.3398799356058,fall
84.22205462027982,264.37522888183594,12.3398799356058,fall
82.58948975035776,225.81573486328125,12.3398799356058,fall
79.07731964594356,438.9067840576172,12.3398799356058,fall
76.68666172669685,408.45359802246094,12.3398799356058,fall
63.02652907415177,277.9119873046875,13.660132652545087,fall
85.78864672555966,338.7952423095703,22.76211765140789,fall
58.186854114083744,891.5707397460938,27.601792611475915,fall
61.775182341061594,-283.14720153808594,27.601792611475915,fall
62.094392060059945,-91.0784912109375,27.601792611475915,fall
61.80433255479646,273.0292510986328,27.601792611475915,fall
67.01079438654006,223.61297607421875,27.601792611475915,fall
68.48799913341604,-10.021820068359375,27.601792611475915,fall
71.40275329492118,-621.7671203613281,27.601792611475915,fall
77.98166182589424,1013.8991546630859,27.601792611475915,fall
71.88213572965375,-531.0454559326172,27.601792611475915,fall
50.301523545812806,-628.6406707763672,27.601792611475915,fall
70.42609301398436,793.8290405273438,27.601792611475915,fall
69.51263417741393,175.86204528808594,27.601792611475915,fall
75.9936303073367,-103.57795715332031,27.601792611475915,fall
71.99591854287918,-233.78448486328125,27.601792611475915,fall
62.85801010876476,-173.40980529785156,27.601792611475915,fall
60.57088169570085,125.7513427734375,27.601792611475915,fall
64.07928125537227,176.70639038085938,27.601792611475915,fall
59.37009432969136,249.53819274902344,27.601792611475915,fall
57.971681294636895,-503.4429931640625,27.601792611475915,fall
55.65287288660271,160.33424377441406,27.601792611475915,fall
56.58824496547044,-41.10694885253906,27.601792611475915,fall
53.76191219409593,120.63125610351562,27.601792611475915,fall
54.99451442263059,104.73861694335938,27.601792611475915,fall
54.77023810518426,167.41744995117188,27.601792611475915,fall
52.560534617865024,-131.29531860351562,27.601792611475915,fall
55.227100997581935,236.84783935546875,27.601792611475915,fall
54.90353785583758,99.38163757324219,27.601792611475915,fall
36.31844378022111,201.05552673339844,27.601792611475915,fall
55.794317176247134,-30.540618896484375,24.03826575414021,fall
59.68678433798839,74.4415283203125,24.03826575414021,fall
58.91336047637645,110.42060852050781,24.03826575414021,fall
63.48854630060984,-55.51666259765625,24.03826575414021,fall
52.19883078895801,-0.8475494384765625,4.884197227362726,fall
55.68056352664797,60.90522766113281,4.884197227362726,fall
60.62450793136457,-27.73944854736328,4.943944404716596,fall
62.94227677279238,54.908294677734375,4.943944404716596,fall
67.34354099671864,13.78143310546875,4.943944404716596,fall
68.22451763138434,-39.095420837402344,4.943944404716596,fall
73.4558655583557,-1.9430923461914062,5.2313479269713525,fall
75.10357736307228,100.30677795410156,5.2313479269713525,fall
76.80046271173447,91.90200805664062,5.2313479269713525,fall
75.32018515285206,193.14971923828125,5.2313479269713525,fall
77.63633186243523,0.5681991577148438,5.2313479269713525,fall
74.8208480795281,173.4646224975586,5.2313479269713525,fall
83.11245904372637,18.336410522460938,8.29161096419827,fall
78.73200365178656,208.3930206298828,8.29161096419827,fall
82.73403209359888,157.7728271484375,8.29161096419827,fall
88.44478364639966,219.1571044921875,8.29161096419827,fall
89.04334243899609,209.08790588378906,8.29161096419827,fall
84.21543099258804,220.86090087890625,8.29161096419827,fall
86.43770810695068,335.43365478515625,8.29161096419827,fall
86.02673208198789,269.75486755371094,8.29161096419827,fall
79.32732980663806,277.7570343017578,8.29161096419827,fall
72.06406699160858,289.3384552001953,8.29161096419827,fall
65.07361601929642,110.72227478027344,8.29161096419827,fall
58.96719668336378,153.43460083007812,8.29161096419827,fall
50.105782058579095,184.30641174316406,8.861414624784686,fall
57.57557438365154,-50.52131652832031,12.404824644320705,fall
65.42534588924049,20.82550048828125,12.404824644320705,fall
69.5554438901542,57.0263671875,12.404824644320705,fall
75.58064319902182,176.58920288085938,12.404824644320705,fall
82.37149746001445,52.12715148925781,12.404824644320705,fall
86.26351225431024,24.7320556640625,12.404824644320705,fall
89.99798047689552,133.62281799316406,12.404824644320705,fall
88.09402826814282,85.517578125,12.404824644320705,fall
89.69784277957926,54.45716857910156,12.404824644320705,fall
83.68857130826399,-47.6806640625,12.404824644320705,fall
82.0803214618296,-42.02430725097656,12.404824644320705,fall
80.50057204056466,-35.29380798339844,12.404824644320705,fall
81.32806632229004,47.07733154296875,12.404824644320705,fall
80.46743032633309,310.00328063964844,12.404824644320705,fall
80.41104900514007,334.6479034423828,12.404824644320705,fall
81.24951334883609,-135.02357482910156,12.404824644320705,fall
81.93432892188751,-145.94078063964844,12.404824644320705,fall
82.80812030273829,-146.19232177734375,12.404824644320705,fall
85.94270431763537,62.585906982421875,12.404824644320705,fall
86.86812431326065,-160.29075622558594,12.404824644320705,fall
83.24627026573097,-24.20379638671875,12.404824644320705,fall
85.8401027008894,69.11041259765625,12.404824644320705,fall
86.33127174998654,36.42219543457031,12.404824644320705,fall
86.1634569430816,93.24737548828125,12.404824644320705,fall
87.42848102912811,18.046188354492188,12.404824644320705,fall
88.06867051911425,202.76046752929688,12.404824644320705,fall
88.48497875134554,-215.02830505371094,12.404824644320705,fall
10.203957627885558,200.7245635986328,1.9243921259009895,fall
11.063703177162246,253.79344940185547,1.9243921259009895,fall
12.67461223578112,241.52847290039062,1.7616968013234668,fall
13.536503219112593,215.5916976928711,1.7616968013234668,fall
15.874129166389576,236.1532974243164,2.337625947276983,fall
20.92765247033068,247.6223373413086,5.053523303941105,fall
27.304575839471365,267.5819778442383,6.376923369140684,fall
33.050033621260525,286.78836822509766,6.376923369140684,fall
37.989080442376086,302.30701446533203,6.376923369140684,fall
45.34085039588948,217.7328872680664,7.351769953513397,fall
47.700487099750724,298.2498550415039,7.351769953513397,fall
54.137006038128725,322.80223846435547,7.351769953513397,fall
61.960573286431874,364.85755920410156,7.823567248303149,fall
69.79857636837285,289.720458984375,7.838003081940975,fall
73.07671165045305,337.10838317871094,7.838003081940975,fall
71.71085137035725,325.41297912597656,7.838003081940975,fall
72.3790502884871,332.362060546875,7.838003081940975,fall
72.10242749330384,247.28851318359375,7.838003081940975,fall
69.20892586923482,125.94657897949219,7.838003081940975,fall
71.47086030388995,154.37049865722656,7.838003081940975,fall
73.0691219987241,219.50294494628906,7.838003081940975,fall
74.32950571447182,337.51922607421875,7.838003081940975,fall
73.9512362243802,343.43284606933594,7.838003081940975,fall
68.67707490149846,416.0206604003906,7.838003081940975,fall
57.87057918184375,207.66403198242188,10.806495719654706,fall
8.553254952635758,1246.5998840332031,49.317324229208,fall
58.25862561800517,442.4290466308594,49.705370665369415,fall
70.2936228575214,272.5543212890625,53.13386748577328,fall
62.1903086928009,-26.427383422851562,53.13386748577328,fall
67.66031912825211,-131.01173400878906,53.13386748577328,fall
55.857495994168275,-42.93800354003906,53.13386748577328,fall
72.6636758175268,147.05886840820312,53.13386748577328,fall
79.70859547889233,-250.4095458984375,53.13386748577328,fall
72.65595125573975,-115.63156127929688,53.13386748577328,fall
75.56618063511272,197.27439880371094,53.13386748577328,fall
78.74007127189834,216.4031982421875,53.13386748577328,fall
86.5578714893411,-10.220489501953125,53.13386748577328,fall
86.91276472876822,-202.08778381347656,53.13386748577328,fall
74.8909784479758,10.958633422851562,53.13386748577328,fall
69.76751794968304,-164.23439025878906,53.13386748577328,fall
53.334484432043304,66.7232894897461,6.11428138585859,fall
56.9499156196951,17.780799865722656,6.11428138585859,fall
58.8701958055738,116.51195526123047,6.11428138585859,fall
62.29572206137023,22.34161376953125,6.11428138585859,fall
66.63871761976165,103.51112365722656,6.11428138585859,fall
71.85614170151862,-19.4970703125,6.11428138585859,fall
77.47751440057868,21.335220336914062,6.11428138585859,fall
81.8870279893527,82.02472686767578,6.11428138585859,fall
79.4640616100556,195.46428680419922,6.11428138585859,fall
86.168151574954,2.4698638916015625,6.704089964898401,fall
88.18628605600951,80.64079284667969,6.704089964898401,fall
88.87585897578398,19.47235107421875,6.704089964898401,fall
87.32988142614026,179.8944854736328,6.704089964898401,fall
81.27457500876501,111.36955261230469,6.704089964898401,fall
79.16217698678744,98.22349548339844,6.704089964898401,fall
80.33667778113133,179.9292755126953,6.704089964898401,fall
80.52641751880725,98.10310363769531,6.704089964898401,fall
82.32086077989298,447.64732360839844,6.704089964898401,fall
85.22728249439395,171.53709411621094,6.704089964898401,fall
88.33511029838716,247.81150817871094,6.704089964898401,fall
86.11191499183637,210.68161010742188,6.704089964898401,fall
81.62260323010958,344.0080261230469,6.704089964898401,fall
80.23719593366461,299.9922180175781,6.704089964898401,fall
82.5660013114401,225.25428771972656,6.704089964898401,fall
79.76380172221093,229.45701599121094,6.704089964898401,fall
76.87990275978375,446.1829376220703,6.704089964898401,fall
72.23877326185352,427.90855407714844,6.704089964898401,fall
70.79436090678388,482.68341064453125,6.704089964898401,fall
83.89527671440288,-145.13763427734375,13.100915807619003,fall
79.09743684811316,388.2536315917969,13.100915807619003,fall
88.73020159739157,690.3252410888672,13.100915807619003,fall
88.85263232283684,-150.09384155273438,13.100915807619003,fall
89.2618415198834,76.96632385253906,13.100915807619003,fall
84.76087764125252,64.57557678222656,13.100915807619003,fall
82.23199400874981,-195.42526245117188,13.100915807619003,fall
85.90228807207995,137.9930877685547,13.100915807619003,fall
88.90384684930319,457.40936279296875,13.100915807619003,fall
73.48072905458436,-500.2972412109375,15.423117794718834,fall
76.4564386992806,218.20541381835938,15.423117794718834,fall
50.84169573148236,-65.91796875,63.393264661625295,fall
63.57119636992975,61.60240173339844,63.393264661625295,fall
74.16326786609105,302.786865234375,63.393264661625295,fall
88.03532418515702,-669.9980163574219,63.393264661625295,fall
30.953679020050497,332.5956344604492,4.0951989844454495,fall
34.0146222447912,380.60794830322266,4.0951989844454495,fall
37.450428466923626,338.14395904541016,4.0951989844454495,fall
40.65265175291358,419.98889923095703,4.0951989844454495,fall
43.65711191585921,413.41495513916016,4.0951989844454495,fall
48.927269575129436,341.77356719970703,5.270157659270225,fall
51.89654890455891,323.11100006103516,5.270157659270225,fall
53.943879524480266,416.02489471435547,5.270157659270225,fall
60.227485922619614,269.7889709472656,6.283606398139348,fall
64.25353943983897,371.0902404785156,6.283606398139348,fall
65.79970934552875,313.2023620605469,6.283606398139348,fall
70.7211438698311,136.84158325195312,6.283606398139348,fall
70.39878271394373,379.6685028076172,6.283606398139348,fall
72.5571531867845,167.6433563232422,6.283606398139348,fall
69.3574404622961,116.17973327636719,6.283606398139348,fall
68.14347521401662,86.91352844238281,6.283606398139348,fall
65.43519741311717,91.32293701171875,6.283606398139348,fall
61.47853751205019,100.81466674804688,6.283606398139348,fall
61.2455447551384,-79.53117370605469,6.283606398139348,fall
53.81764345461214,227.22816467285156,7.427901300526258,fall
50.37382814501137,169.573974609375,7.427901300526258,fall
52.56467237702948,-14.606552124023438,7.427901300526258,fall
54.391108338623575,-39.54071044921875,7.427901300526258,fall
60.357049698433954,104.55802917480469,7.427901300526258,fall
60.9125330402058,87.264404296875,7.427901300526258,fall
58.08088161009546,181.8083953857422,7.427901300526258,fall
69.0618653039322,-17.095184326171875,10.980983693836734,fall
74.81184263241344,-3.226318359375,10.980983693836734,fall
82.68346133228442,-23.327865600585938,10.980983693836734,fall
84.13731036070217,-117.70065307617188,10.980983693836734,fall
83.3220825920731,-69.3017578125,10.980983693836734,fall
81.87614208583643,139.4732666015625,10.980983693836734,fall
88.21353248608555,-228.79669189453125,10.980983693836734,fall
84.07083374225684,-83.57688903808594,10.980983693836734,fall
85.338219258104,92.552490234375,10.980983693836734,fall
86.19392413120345,37.94952392578125,10.980983693836734,fall
86.34888927353697,-11.912155151367188,10.980983693836734,fall
89.4594188167946,190.68626403808594,10.980983693836734,fall
85.4817184060402,1.6504669189453125,10.980983693836734,fall
84.71992928849099,96.49726867675781,10.980983693836734,fall
86.70242828550913,108.51974487304688,10.980983693836734,fall
86.21301038428251,-49.10408020019531,10.980983693836734,fall
84.90691471962542,27.169876098632812,10.980983693836734,fall
83.56547338944499,37.51899719238281,10.980983693836734,fall
80.9209330551338,80.79826354980469,10.980983693836734,fall
81.97257918999577,-10.674362182617188,10.980983693836734,fall
80.29759370805793,-13.127517700195312,10.980983693836734,fall
82.76670794229237,-69.85244750976562,10.980983693836734,fall
80.6118383122757,-75.73150634765625,10.980983693836734,fall
80.4528050390894,60.42228698730469,10.980983693836734,fall
79.50654785365174,-28.208541870117188,10.980983693836734,fall
80.62561776692586,-22.216415405273438,10.980983693836734,fall
78.88612288228455,-47.88597106933594,10.980983693836734,fall
77.18193616293895,69.16946411132812,10.980983693836734,fall
77.60716099004566,12.266006469726562,10.980983693836734,fall
80.30517432581738,86.96365356445312,10.980983693836734,fall
81.58494795211637,36.78955078125,7.871618699870979,fall
78.41233266471725,-17.817306518554688,7.871618699870979,fall
78.25033534630606,25.03692626953125,6.33739040024912,fall
75.93170198650459,-75.12657165527344,6.33739040024912,fall
78.04657532543897,51.96418762207031,6.33739040024912,fall
78.68600536562744,-15.714797973632812,6.33739040024912,fall
76.34409016566615,-74.381103515625,4.142698743828717,fall
76.80301226072301,-31.036148071289062,3.9777004107543945,fall
76.8524761379166,50.29151916503906,3.9777004107543945,fall
78.67823142557724,-9.264450073242188,3.9777004107543945,fall
78.2338163805616,21.103134155273438,3.9777004107543945,fall
78.50444974168057,52.78106689453125,3.9777004107543945,fall
78.55478941302013,6.5842437744140625,3.172615287399111,fall
77.33120029943903,-37.690887451171875,3.172615287399111,fall
77.0747359788989,-79.07020568847656,3.172615287399111,fall
77.6117594989149,28.076705932617188,3.172615287399111,fall
78.47157861871071,-36.632080078125,3.172615287399111,fall
52.240503826244876,11.770706176757812,4.44692874420668,fall
56.839681354223806,15.982246398925781,4.599177527978931,fall
59.577223054656145,1.8790054321289062,4.599177527978931,fall
66.105622686967,81.97517395019531,6.528399632310851,fall
65.58275473761383,30.53466796875,6.528399632310851,fall
72.02001554198671,19.461593627929688,6.528399632310851,fall
83.346650019609,96.82159423828125,11.326634477622292,fall
86.94624814525456,147.98709869384766,11.326634477622292,fall
88.34192183091494,133.99417877197266,11.326634477622292,fall
85.3447655790986,193.15292358398438,11.326634477622292,fall
89.86593853455797,148.1421661376953,11.326634477622292,fall
89.25075528793082,190.00648498535156,11.326634477622292,fall
88.40476626815354,143.0651092529297,11.326634477622292,fall
85.94156861440999,181.41403198242188,11.326634477622292,fall
84.98932775221442,139.7039794921875,11.326634477622292,fall
79.43992841440922,168.91799926757812,11.326634477622292,fall
69.78402734307774,216.02691650390625,11.326634477622292,fall
67.97948059687717,218.58718872070312,11.326634477622292,fall
62.22959291920783,231.2999725341797,11.326634477622292,fall
59.135976886717806,173.97262573242188,11.326634477622292,fall
55.303249751471235,235.3466033935547,11.326634477622292,fall
55.23169060908624,259.7687530517578,11.326634477622292,fall
62.143189537710214,54.605712890625,11.326634477622292,fall
64.22718433391813,57.30995178222656,11.326634477622292,fall
71.13648149886325,31.948471069335938,11.326634477622292,fall
76.84655640931963,121.49940490722656,11.326634477622292,fall
77.03320963147638,131.87210083007812,11.326634477622292,fall
82.86261857467669,141.17454528808594,11.326634477622292,fall
84.46197865753211,20.79437255859375,11.326634477622292,fall
89.04931805858472,41.55555725097656,11.326634477622292,fall
87.64741828461531,-41.9696044921875,11.326634477622292,fall
83.02684528199724,51.888885498046875,11.326634477622292,fall
81.33066557829673,-38.06739807128906,11.326634477622292,fall
83.5289523071537,53.917694091796875,11.326634477622292,fall
85.90465685772683,-88.76792907714844,11.326634477622292,fall
89.58647114062833,217.6947784423828,11.326634477622292,fall
86.63817131788466,13.266677856445312,9.655901071331485,fall
88.08589121979685,-39.99229431152344,9.655901071331485,fall
83.33200092085833,-226.50672912597656,9.655901071331485,fall
88.04838485197041,31.574249267578125,9.655901071331485,fall
87.51847756588305,90.94894409179688,9.655901071331485,fall
85.4328455613314,-100.48484802246094,9.655901071331485,fall
85.2122502729402,16.787567138671875,9.655901071331485,fall
86.33624650492989,34.506683349609375,9.655901071331485,fall
86.36690046744606,-47.60261535644531,9.655901071331485,fall
84.48149068230752,2.117156982421875,9.655901071331485,fall
84.44037130870639,34.52064514160156,6.9114989286239705,fall
84.42221665575215,-26.531295776367188,6.9114989286239705,fall
85.5602524548073,6.137237548828125,6.9114989286239705,fall
84.59265472265982,19.321975708007812,6.9114989286239705,fall
83.80139505005738,-12.070083618164062,6.9114989286239705,fall
84.78893795502555,26.052932739257812,6.9114989286239705,fall
85.37578392728993,12.682113647460938,6.909297164945116,fall
84.22170521261803,-18.821868896484375,6.909297164945116,fall
83.8669994788543,-11.019973754882812,5.829408943200306,fall
83.61190276378963,40.419158935546875,5.829408943200306,fall
84.71345832973878,-1.74224853515625,5.829408943200306,fall
84.864573886002,-13.11859130859375,4.753890298938515,fall
86.699670279322,15.172576904296875,4.753890298938515,fall
86.73150585753952,-0.0345611572265625,4.753890298938515,fall
87.95301293522148,53.472747802734375,4.753890298938515,fall
86.87278835719114,2.1453094482421875,4.753890298938515,fall
86.50592659509536,-15.829925537109375,4.753890298938515,fall
86.1123198604325,-8.888397216796875,4.753890298938515,fall
86.05368838389882,-11.092758178710938,4.753890298938515,fall
86.78375506381344,44.58457946777344,4.753890298938515,fall
85.3374673426763,-32.270050048828125,4.753890298938515,fall
86.1937373507903,34.37370300292969,4.753890298938515,fall
85.81326920490345,-22.836685180664062,4.716383931112077,fall
86.06220576577239,33.302764892578125,2.085632004551641,fall
85.61244467815743,-48.35105895996094,2.085632004551641,fall
86.15319613092554,-31.828536987304688,1.8854097851385347,fall
87.23262945402165,13.166427612304688,1.8854097851385347,fall
87.72011380065172,2.410125732421875,1.8854097851385347,fall
86.98693864036463,-11.700439453125,1.8854097851385347,fall
87.3146878716748,14.820785522460938,1.8350963933200006,fall
86.66093644435368,-25.266952514648438,1.8350963933200006,fall
54.77364403586779,162.7873992919922,11.507389076981454,fall
74.16783384294972,2.480621337890625,19.39418980708193,fall
76.00814235623977,348.4295654296875,19.39418980708193,fall
85.63659722673388,-38.95500183105469,19.39418980708193,fall
70.92477697876902,-5.765533447265625,19.39418980708193,fall
7.493105649059644,278.8774108886719,63.431671329709374,fall
63.844478655901135,423.38653564453125,63.431671329709374,fall
56.889484057118764,285.3950500488281,63.431671329709374,fall
79.24452625684684,3077.414016723633,70.83373705243714,fall
70.83357026181362,3734.256820678711,70.83373705243714,fall
79.42423650123168,4433.892059326172,70.83373705243714,fall
68.08504287887835,4207.39631652832,70.83373705243714,fall
53.09206696166226,-40.95726013183594,4.659345377714004,fall
53.74348687089166,56.721038818359375,4.659345377714004,fall
55.20813410831011,11.897506713867188,4.659345377714004,fall
57.87237700881334,-34.18510437011719,4.659345377714004,fall
60.2614855138051,18.262481689453125,4.659345377714004,fall
61.93915088618966,-10.444107055664062,4.659345377714004,fall
64.74632216186639,106.35269165039062,4.659345377714004,fall
66.30388653790996,-47.590484619140625,4.659345377714004,fall
68.00619085320331,27.644805908203125,4.659345377714004,fall
68.14252894021871,144.16854858398438,4.659345377714004,fall
67.59965086152046,57.80342102050781,4.659345377714004,fall
67.50998561897147,84.37225341796875,4.659345377714004,fall
72.69665867149729,126.58790588378906,5.186673052525819,fall
75.15002168407109,122.46231079101562,5.186673052525819,fall
76.83426451384872,182.7092742919922,5.186673052525819,fall
79.19605763801547,169.0271759033203,5.186673052525819,fall
78.87614006342774,234.42123413085938,5.186673052525819,fall
83.17688260689528,277.01499938964844,5.186673052525819,fall
83.39855946372684,208.00025939941406,5.186673052525819,fall
82.1682030140298,147.44247436523438,5.186673052525819,fall
85.94673169924742,191.94969177246094,5.186673052525819,fall
89.89832364479604,312.0531463623047,5.186673052525819,fall
87.5277919309897,134.0265655517578,5.186673052525819,fall
88.84213475874185,255.01190185546875,5.186673052525819,fall
88.45133452548384,118.62785339355469,5.186673052525819,fall
81.15481534559578,2830.2511596679688,81.15073438437585,fall
81.41586461669496,-43.640899658203125,81.15073438437585,fall
80.75065981543854,66.28807067871094,81.15073438437585,fall
81.21474319879118,7.01751708984375,81.15073438437585,fall
82.0070278873954,2.41241455078125,81.15073438437585,fall
85.3605722573718,-41.94145202636719,81.15073438437585,fall
83.53264044537885,-2.1887969970703125,81.15073438437585,fall
83.690570565906,71.68006896972656,81.15073438437585,fall
83.22177475583268,-43.57795715332031,81.15073438437585,fall
82.12142275619176,120.37857055664062,81.15073438437585,fall
81.49464595215633,-3.9846038818359375,81.15073438437585,fall
81.94702671824913,-57.94944763183594,81.15073438437585,fall
82.17925285332595,52.52861022949219,81.15073438437585,fall
82.64649175788105,19.896926879882812,81.15073438437585,fall
51.56957957020179,143.1420135498047,12.575130138074364,fall
64.48878062730832,29.476547241210938,12.919201057106527,fall
81.5611501180018,183.1780242919922,17.07236949069349,fall
88.25844816354291,74.76905822753906,17.07236949069349,fall
88.63491615196617,237.43331909179688,17.07236949069349,fall
76.28508408750514,20.698471069335938,17.07236949069349,fall
72.42867063814957,201.61056518554688,17.07236949069349,fall
75.78233514476844,390.1190185546875,17.07236949069349,fall
71.16004981659607,315.8345031738281,17.07236949069349,fall
51.66392740438324,240.03273010253906,19.496122412212834,fall
63.618107769940565,1289.710464477539,19.496122412212834,fall
72.01240270758474,376.36024475097656,19.496122412212834,fall
66.72076085626912,343.17100524902344,19.496122412212834,fall
72.54751681672978,782.5426483154297,19.496122412212834,fall
67.83596908481216,395.91087341308594,19.496122412212834,fall
76.99576441377147,152.33070373535156,19.496122412212834,fall
75.24487643447983,-115.59654235839844,19.496122412212834,fall
71.51675095524145,9.912643432617188,43.66478246060224,fall
77.31788822910835,53.063507080078125,43.66478246060224,fall
77.14336529225112,-78.20228576660156,43.66478246060224,fall
53.5976153739297,-29.6832275390625,4.284425264487144,fall
55.87574744788461,-9.40521240234375,4.284425264487144,fall
57.73200141505367,56.95404052734375,4.284425264487144,fall
60.329683669029926,40.76362609863281,4.284425264487144,fall
60.96029127886074,-0.645904541015625,4.284425264487144,fall
64.98798281648959,92.64724731445312,4.284425264487144,fall
66.39586605777929,78.68179321289062,4.284425264487144,fall
65.75555226043043,121.03614807128906,4.284425264487144,fall
68.11675756236332,40.46333312988281,4.284425264487144,fall
69.15779281476792,139.80079650878906,4.284425264487144,fall
71.18602764156812,36.12419128417969,4.284425264487144,fall
71.75154426392102,98.84902954101562,4.284425264487144,fall
71.74922170333772,201.7401123046875,4.284425264487144,fall
73.84890337943018,164.16343688964844,4.284425264487144,fall
76.10368930598226,169.96353149414062,4.284425264487144,fall
77.95991330146273,299.08653259277344,4.284425264487144,fall
81.88735214927786,178.8837432861328,4.284425264487144,fall
77.47695979490808,291.4750671386719,4.410392354369776,fall
81.15321422960467,246.02554321289062,4.410392354369776,fall
83.58067129364613,183.92486572265625,4.410392354369776,fall
80.83389997595253,93.49319458007812,4.410392354369776,fall
83.09811266727178,368.84559631347656,4.410392354369776,fall
86.76405307413636,120.66078186035156,4.410392354369776,fall
88.90256939832996,62.22908020019531,4.410392354369776,fall
86.8244991226431,45.655059814453125,4.410392354369776,fall
85.00800273173407,96.93122863769531,4.410392354369776,fall
85.18161159975995,-186.2065887451172,4.410392354369776,fall
85.95320456641153,51.0552978515625,4.410392354369776,fall
84.58844923979261,-19.345550537109375,4.410392354369776,fall
84.97145115280743,7.8321075439453125,4.410392354369776,fall
24.380000616976407,202.58262634277344,4.394686254439112,fall
65.42744764791018,138.446044921875,20.90493668751464,fall
77.4414026997626,69.67094421386719,20.90493668751464,fall
72.0867203615802,285.4712677001953,20.90493668751464,fall
71.9882818049583,272.5245666503906,20.90493668751464,fall
30.286433132874254,308.73252868652344,41.701848672084054,fall
17.846201728200434,989.7759246826172,41.701848672084054,fall
48.468841749966586,530.9676361083984,41.701848672084054,fall
44.5721400568837,2281.9722747802734,41.701848672084054,fall
67.10732359447525,-80.56961059570312,47.96744785594403,fall
52.446114863128905,-2.08831787109375,5.258321110564161,fall
52.680131384158344,141.85569763183594,5.258321110564161,fall
58.782801260165,-40.81260681152344,6.102669876006658,fall
63.02661126495385,31.05194091796875,6.102669876006658,fall
66.09732446421367,70.90255737304688,6.102669876006658,fall
70.3764625792174,-19.4659423828125,6.102669876006658,fall
68.28549282670167,186.76368713378906,6.102669876006658,fall
73.01873269396471,9.902114868164062,6.102669876006658,fall
79.12439040731229,3.0905914306640625,6.105657713347583,fall
81.29263198971907,74.1650390625,6.105657713347583,fall
80.47645172126508,225.91873168945312,6.105657713347583,fall
83.13252152420628,71.53404235839844,6.105657713347583,fall
85.57500364763192,102.43858337402344,6.105657713347583,fall
86.96045005576865,174.02801513671875,6.105657713347583,fall
83.1495515860052,92.35084533691406,6.105657713347583,fall
81.31270469741415,473.360595703125,6.105657713347583,fall
83.49542223052225,320.0855255126953,6.105657713347583,fall
84.89742594921557,454.07386779785156,6.105657713347583,fall
85.26533190225874,274.96742248535156,6.105657713347583,fall
88.21089974819083,570.3007507324219,6.105657713347583,fall
85.37560937654915,676.5241241455078,6.105657713347583,fall
83.89531590926084,211.12106323242188,6.105657713347583,fall
75.28985843756715,347.3442077636719,8.605457471693697,fall
81.38501641440976,5.2814483642578125,8.605457471693697,fall
4.688440385871288,216.61090850830078,2.0524515248818647,fall
9.677027297521958,304.0045166015625,6.05042489089952,fall
14.646104019630814,399.0717315673828,6.05042489089952,fall
6.566930152169599,735.6781768798828,8.079173867461215,fall
7.120459484652829,643.5200500488281,8.079173867461215,fall
50.54279887036557,-436.5424346923828,43.422339385712746,fall
75.85599975167906,471.05369567871094,43.422339385712746,fall
62.771473092257494,316.7571258544922,43.422339385712746,fall
76.63828206886572,594.4608306884766,43.422339385712746,fall
62.89310976292744,738.3235931396484,43.422339385712746,fall
28.120072648392956,224.72579956054688,12.288351780307117,fall
33.617085081349664,490.7963562011719,12.288351780307117,fall
50.86415631508069,240.06591796875,12.288351780307117,fall
41.71092321390507,335.679931640625,12.288351780307117,fall
55.53961170568729,-52.71171569824219,13.828688491782223,fall
54.676546827040404,73.67866516113281,13.828688491782223,fall
58.9805853461506,191.50840759277344,13.828688491782223,fall
65.38026609353898,26.26739501953125,13.828688491782223,fall
63.658519853102895,-107.8399658203125,13.828688491782223,fall
68.15957413851183,48.54034423828125,13.828688491782223,fall
68.41973712415837,-2.109375,13.828688491782223,fall
73.14193373663447,-142.57186889648438,13.828688491782223,fall
71.61245372815704,-47.672882080078125,13.828688491782223,fall
71.67175690061767,-80.7110595703125,13.828688491782223,fall
69.12222281546089,-3.9237213134765625,13.828688491782223,fall
67.93177205255365,15.630111694335938,13.828688491782223,fall
68.17754248989148,-51.65519714355469,13.828688491782223,fall
66.11773468701514,3.3721160888671875,13.828688491782223,fall
60.54702593396277,37.736663818359375,13.828688491782223,fall
61.05086088107528,-36.39862060546875,13.828688491782223,fall
61.73256639739926,-31.792373657226562,13.828688491782223,fall
59.413729047270365,39.534759521484375,13.828688491782223,fall
57.585941748842224,15.281295776367188,13.828688491782223,fall
56.877658611332464,-16.086502075195312,13.828688491782223,fall
58.004019530023655,-72.26325988769531,13.828688491782223,fall
58.28360353373231,78.38584899902344,13.828688491782223,fall
50.503457866349336,56.49696350097656,13.828688491782223,fall
51.19914868878531,-85.51254272460938,13.828688491782223,fall
51.63832647830774,227.76809692382812,13.828688491782223,fall
50.66183848798129,27.631988525390625,13.828688491782223,fall
52.49059498818098,-44.197998046875,7.780145667382975,fall
41.31494435846767,218.43292236328125,6.7501055961758,fall
50.00161339495083,-67.82478332519531,44.1038489339239,fall
86.49997813856699,232.38510131835938,44.1038489339239,fall
86.88732847676984,253.3447265625,44.1038489339239,fall
68.0437818530846,238.1458282470703,44.1038489339239,fall
82.09891980937768,284.1014099121094,44.1038489339239,fall
58.033366329512084,371.60247802734375,44.1038489339239,fall
38.53254239316186,383.6071014404297,44.1038489339239,fall
19.679905652890014,578.7812805175781,44.1038489339239,fall
37.86546283882731,554.5710754394531,44.1038489339239,fall
84.99528299866618,758.0229949951172,47.12982015983887,fall
54.43819486583781,0.157928466796875,7.846472735702346,fall
56.91536461663648,80.57807922363281,7.846472735702346,fall
64.08958945883262,68.15437316894531,7.846472735702346,fall
67.08457214037368,57.58827209472656,7.846472735702346,fall
70.39270033867992,120.13961791992188,7.846472735702346,fall
78.12604576407371,16.741104125976562,7.846472735702346,fall
79.33856102411755,192.1575164794922,7.846472735702346,fall
79.77917681733928,151.55662536621094,7.846472735702346,fall
81.78125908454712,144.76089477539062,7.846472735702346,fall
83.5671656544459,350.3887939453125,7.846472735702346,fall
86.70469707734625,239.83016967773438,7.846472735702346,fall
88.98545108506072,316.2993621826172,7.846472735702346,fall
85.47466791974273,321.1621856689453,7.846472735702346,fall
88.51465997797618,270.9791564941406,7.846472735702346,fall
84.92550368564969,301.1254119873047,7.846472735702346,fall
80.68353560754939,461.21246337890625,7.846472735702346,fall
79.81333088067989,402.26600646972656,7.846472735702346,fall
65.54252430758659,892.5119018554688,14.270806573093296,fall
86.01720080825976,52.06764221191406,20.47467650067317,fall
87.80001878158136,161.62925720214844,20.47467650067317,fall
88.35610348357012,35.5718994140625,54.531127701934345,fall
54.897494771629745,188.44985961914062,54.531127701934345,fall
46.98882018734583,288.4723663330078,54.531127701934345,fall
30.04474509850099,473.4349822998047,54.531127701934345,fall
24.868000644022075,682.5936126708984,54.531127701934345,fall
59.810129647574556,64.15397644042969,54.531127701934345,fall
79.63800692631327,-219.4713592529297,54.531127701934345,fall
77.16831505599984,90.90545654296875,54.531127701934345,fall
2.730916574197767,224.0068817138672,2.2366324745379207,fall
32.122966604410074,460.89134216308594,18.889654653658997,fall
62.9158115998136,101.0833740234375,30.792844995403527,fall
70.22538336238014,183.4906768798828,30.792844995403527,fall
85.74066768583684,399.47113037109375,30.792844995403527,fall
70.936421462817,437.67333984375,30.792844995403527,fall
71.3764027128259,424.38331604003906,30.792844995403527,fall
27.624844258365215,263.06236267089844,43.75155845446068,fall
34.2784757194332,434.85443115234375,43.75155845446068,fall
87.53374166826326,52.1685791015625,53.25526594883006,fall
88.27743240145514,116.48002624511719,53.25526594883006,fall
59.55159083858592,619.6817779541016,53.25526594883006,fall
68.49893180995028,285.2961730957031,53.25526594883006,fall
82.53728994910725,112.29286193847656,53.25526594883006,fall
19.88351636334436,632.7433776855469,62.65377358576289,fall
0.7310544377003894,209.5081329345703,62.65377358576289,fall
86.68249722738243,-119.40559387207031,62.65377358576289,fall
50.3782976089751,-10.980606079101562,62.65377358576289,fall
55.79718011740716,32.10731506347656,7.443565969485604,fall
62.0299785598177,45.25382995605469,7.443565969485604,fall
68.1983428481929,71.83982849121094,7.443565969485604,fall
72.07009979859397,109.16061401367188,7.443565969485604,fall
75.18091818625471,151.83609008789062,7.443565969485604,fall
79.11841416965625,167.26181030273438,7.443565969485604,fall
80.08761819585527,206.22116088867188,7.443565969485604,fall
82.94980341487032,265.72540283203125,7.443565969485604,fall
85.7515625843362,76.78276062011719,7.443565969485604,fall
86.85971598214468,258.4080505371094,7.443565969485604,fall
87.34398686923011,224.30007934570312,7.443565969485604,fall
89.96136163894403,319.95277404785156,7.443565969485604,fall
85.88755728042487,185.13084411621094,7.443565969485604,fall
86.35803080491269,247.40936279296875,7.443565969485604,fall
82.24270528949904,182.68089294433594,7.443565969485604,fall
84.2004590555326,254.5685577392578,7.443565969485604,fall
83.70659382851204,406.6399383544922,7.443565969485604,fall
82.75014254478013,164.95811462402344,7.443565969485604,fall
6.052772246199968,620.2867126464844,76.69737029858017,fall
69.04380698221938,223.51478576660156,76.69737029858017,fall
64.1449101449171,-71.53175354003906,76.69737029858017,fall
66.69741135731195,129.49905395507812,76.69737029858017,fall
84.17609295192425,-40.17951965332031,76.69737029858017,fall
58.70497646509678,40.45417785644531,76.69737029858017,fall
69.08427203959013,95.41854858398438,76.69737029858017,fall
74.47539908705157,143.69773864746094,76.69737029858017,fall
78.57908284073041,-52.862091064453125,76.69737029858017,fall
87.19355734081059,-61.633758544921875,84.92594444149884,fall
7.13768480396863,235.3759002685547,1.5748836478481874,fall
14.965932023963301,263.3052062988281,3.9667562546071773,fall
16.075041346575816,291.4173889160156,3.9667562546071773,fall
19.85616045947223,304.5881652832031,3.9667562546071773,fall
4.047618704527987,1724.2998504638672,15.80854175494424,fall
3.6862311455749865,301.0569763183594,15.80854175494424,fall
9.428997736945272,245.63186645507812,15.80854175494424,fall
3.9079957267286707,510.92811584472656,15.80854175494424,fall
50.21120980908801,3.2804489135742188,4.530614464157551,fall
52.02216590603067,18.772315979003906,4.530614464157551,fall
51.505786556184944,19.588851928710938,4.530614464157551,fall
53.31894777885791,42.31132507324219,4.530614464157551,fall
57.15082262073659,22.231521606445312,4.530614464157551,fall
58.27508809462648,118.44703674316406,4.530614464157551,fall
62.94796671354564,-8.7872314453125,4.672878618919157,fall
61.636387550066345,92.89764404296875,4.672878618919157,fall
60.39850572195052,27.08953857421875,4.672878618919157,fall
62.65265908419174,88.13850402832031,4.672878618919157,fall
64.25396031852145,26.443405151367188,4.672878618919157,fall
64.47909206733826,194.82261657714844,4.672878618919157,fall
66.64549245479496,66.17637634277344,4.672878618919157,fall
68.09824460551033,38.03306579589844,4.672878618919157,fall
70.00060222389949,259.8014831542969,4.672878618919157,fall
75.41973221442365,49.996490478515625,5.419129990524155,fall
81.86956650717012,180.7170867919922,6.449834292746473,fall
82.04173685320949,196.20803833007812,6.449834292746473,fall
85.01562528952647,407.6726531982422,6.449834292746473,fall
86.55630590575555,447.0240783691406,6.449834292746473,fall
87.76972027966728,369.7174072265625,6.449834292746473,fall
74.91157585255101,1243.1231689453125,12.858144427116272,fall
81.18993615268828,104.02702331542969,12.858144427116272,fall
75.71682049344125,308.26446533203125,12.858144427116272,fall
71.2700611141433,191.40792846679688,12.858144427116272,fall
75.35125508312424,38.89595031738281,12.858144427116272,fall
84.85921180262139,132.75604248046875,12.858144427116272,fall
70.67728781474983,-22.686309814453125,14.181923987871556,fall
83.02214109116893,66.93946838378906,14.181923987871556,fall
70.76118312241115,-135.24513244628906,14.181923987871556,fall
48.34287522339263,265.03074645996094,22.418307899018522,fall
78.8627523475026,165.274658203125,30.519877124109975,fall
57.82721161070079,-41.849212646484375,30.519877124109975,fall
52.831300528002096,-47.0745849609375,30.519877124109975,fall
67.54899678530626,-49.51629638671875,30.519877124109975,fall
64.390095175017,76.9189453125,30.519877124109975,fall
51.670034331384926,3.2098388671875,30.519877124109975,fall
61.558077707467994,-137.91961669921875,30.519877124109975,fall
61.09092710249713,-21.27410888671875,30.519877124109975,fall
0.038306884177877545,497.603759765625,43.33964909952249,fall
2.2970340687918953,2271.086654663086,43.33964909952249,fall
51.86806131672492,-67.467041015625,5.025505746764079,fall
51.823046755515854,84.19120788574219,5.025505746764079,fall
54.815193627896676,14.033203125,5.025505746764079,fall
56.70769762814876,85.00785827636719,5.025505746764079,fall
57.72483275310644,93.51402282714844,5.025505746764079,fall
59.34444996418381,52.188262939453125,5.025505746764079,fall
61.7686280556996,130.6139373779297,5.025505746764079,fall
63.620848465829845,88.28109741210938,5.025505746764079,fall
69.47216911771433,79.94293212890625,5.851320651884485,fall
70.40129062744141,136.26022338867188,5.851320651884485,fall
69.33944584876052,139.53048706054688,5.851320651884485,fall
75.44609278463084,158.4807586669922,6.106646935870316,fall
80.26893319357359,222.81463623046875,6.106646935870316,fall
77.2682241390811,243.9484405517578,6.106646935870316,fall
83.03897417294318,238.73313903808594,6.106646935870316,fall
84.46460126104873,529.7220611572266,6.106646935870316,fall
86.95885488099624,213.36456298828125,6.106646935870316,fall
89.8956367011209,396.4219665527344,6.106646935870316,fall
85.25880862334355,472.0719909667969,6.106646935870316,fall
86.09197231986535,355.5194091796875,6.106646935870316,fall
83.41898192333997,250.1447296142578,6.106646935870316,fall
78.35055739532046,305.1500701904297,6.106646935870316,fall
75.20124170113272,281.12388610839844,6.106646935870316,fall
80.42470887407809,425.4553985595703,6.106646935870316,fall
74.71454546458469,-130.13351440429688,6.106646935870316,fall
87.3036788256903,24.7265625,12.58913336110561,fall
86.17632382415054,68.95317077636719,12.58913336110561,fall
83.6684657504397,-167.01278686523438,35.900352127888354,fall
14.19919319049192,1209.3576049804688,69.46927255994777,fall
58.98779930673779,-207.31613159179688,69.46927255994777,fall
30.8555857423139,491.28868103027344,69.46927255994777,fall
47.11518155435244,511.4472198486328,69.46927255994777,fall
77.52403154905764,232.09487915039062,69.46927255994777,fall
50.89662036331582,-15.932235717773438,4.179947005628172,fall
52.509298404710115,-25.71613311767578,4.179947005628172,fall
55.57917775554669,-107.06703186035156,4.179947005628172,fall
55.46469124806774,-29.267005920410156,4.179947005628172,fall
56.536544466177325,-19.195175170898438,4.179947005628172,fall
54.88188383045101,-1.257476806640625,4.179947005628172,fall
56.12379516697353,37.821807861328125,4.179947005628172,fall
52.94702297231868,106.60079956054688,4.179947005628172,fall
56.53895933155703,71.09275817871094,4.179947005628172,fall
57.964480645340615,17.853927612304688,4.179947005628172,fall
58.24910128493985,99.51095581054688,4.179947005628172,fall
58.191472482307724,126.43157958984375,4.179947005628172,fall
61.868531476967185,86.53633117675781,4.179947005628172,fall
62.74621498963181,122.91343688964844,4.179947005628172,fall
62.09700205716002,169.4702911376953,4.179947005628172,fall
67.96818400967321,137.13729858398438,5.87118195251319,fall
73.41029146314723,216.02394104003906,5.87118195251319,fall
76.36429994582338,112.44140625,5.87118195251319,fall
79.42005823288098,305.0672149658203,5.87118195251319,fall
77.36521641433268,368.2225799560547,5.87118195251319,fall
88.73924625621898,388.61228942871094,11.374029841886298,fall
87.64298672402337,346.6429138183594,11.374029841886298,fall
66.71681133929133,809.8764038085938,20.926175384732048,fall
1.011395299671724,0.0,0.0,normal
3.32268331848578,55.40702819824219,2.3112880188140563,normal
5.012371165935105,-68.536376953125,2.3112880188140563,normal
5.262819320520496,-14.056663513183594,2.3112880188140563,normal
3.0597855853286573,-109.12914276123047,2.3112880188140563,normal
3.6623256426337916,-50.53276062011719,2.3112880188140563,normal
3.921127448811423,9.074363708496094,2.3112880188140563,normal
2.303390930424841,16.395835876464844,2.3112880188140563,normal
2.084987870762258,13.765754699707031,2.3112880188140563,normal
3.154819356988208,-3.7511444091796875,2.3112880188140563,normal
0.4489831936625972,45.69465637207031,2.705836163325611,normal
1.0556547558658538,12.577285766601562,2.705836163325611,normal
0.5953145412325601,-18.811683654785156,2.705836163325611,normal
0.6353769576556995,32.53761291503906,2.705836163325611,normal
0.615423234058169,-30.458335876464844,2.705836163325611,normal
0.494231325600641,0.16834259033203125,2.705836163325611,normal
0.4342387145640297,-73.96099090576172,2.705836163325611,normal
0.3115970722407778,-44.9322509765625,2.705836163325611,normal
1.5588282581087503,-36.167564392089844,2.705836163325611,normal
1.7757394289770794,10.874519348144531,2.705836163325611,normal
1.4912468059305752,-23.05927276611328,2.705836163325611,normal
1.8117986171002642,20.486068725585938,2.705836163325611,normal
1.1300428355838643,-0.6100845336914062,2.705836163325611,normal
0.47360572134597867,-5.583000183105469,2.705836163325611,normal
1.4825798280003062,-4.120903015136719,2.705836163325611,normal
0.680394144789396,-13.794136047363281,2.705836163325611,normal
0.46432149367979414,39.31983947753906,2.705836163325611,normal
0.31805881147283166,-12.656135559082031,2.705836163325611,normal
0.06223012978509162,-2.6874160766601562,2.705836163325611,normal
0.47213963851569324,-4.631080627441406,2.705836163325611,normal
0.32767992983107347,23.3294677734375,2.705836163325611,normal
0.2791175321549587,-54.979705810546875,2.705836163325611,normal
0.7302466803924261,-36.477928161621094,2.705836163325611,normal
0.1249020900658367,11.977500915527344,2.705836163325611,normal
0.40572617931371446,-33.99261474609375,2.705836163325611,normal
0.13169481871928532,-39.46815490722656,2.705836163325611,normal
0.7173477745868256,-16.905784606933594,2.705836163325611,normal
0.12467191428353464,-39.43336486816406,2.705836163325611,normal
0.2995623761866187,-3.3257675170898438,2.705836163325611,normal
0.6811891879832783,-20.710601806640625,2.705836163325611,normal
0.23959437737636904,7.4892425537109375,1.2472311858679723,normal
0.14547680076845554,-4.299430847167969,1.2472311858679723,normal
0.25759931424740057,2.3902130126953125,1.2472311858679723,normal
0.29340125210827833,3.614501953125,1.2472311858679723,normal
0.41702069224100347,5.971412658691406,1.2472311858679723,normal
1.000677842132316,16.33106231689453,1.2472311858679723,normal
1.4646531852110871,-4.27734375,1.2472311858679723,normal
1.8212194425071568,-26.36524200439453,1.2472311858679723,normal
2.400043409462394,1.90704345703125,1.0089741066543274,normal
2.9463625748430062,-3.8320541381835938,1.0089741066543274,normal
3.5875595336378527,-15.260467529296875,1.0089741066543274,normal
3.481292031497477,-36.794700622558594,1.0089741066543274,normal
4.272282161604618,-31.69567108154297,1.0089741066543274,normal
4.837734293103415,-40.44960021972656,1.0089741066543274,normal
4.341319366273383,-54.5892333984375,0.8021856832109102,normal
4.228070557115703,-26.35345458984375,0.7909901301071414,normal
3.7122065937500306,-52.06249237060547,0.7909901301071414,normal
3.3860345939303897,-63.373260498046875,0.7909901301071414,normal
3.0104188819185578,-20.627174377441406,0.7909901301071414,normal
1.425697332093316,-3.1880950927734375,1.5847215498252418,normal
1.5203397565228693,-46.306800842285156,1.5847215498252418,normal
1.35450853019094,19.340171813964844,1.5847215498252418,normal
1.6832251097794233,-9.405670166015625,1.5847215498252418,normal
2.1817978458136023,5.2333831787109375,1.5847215498252418,normal
1.1999168371506603,-29.02027130126953,1.5847215498252418,normal
0.07962331894520194,1.9238662719726562,1.5847215498252418,normal
0.310322850404641,6.3704681396484375,1.5847215498252418,normal
0.05588146464387162,-10.948333740234375,1.5847215498252418,normal
0.07107452184095282,24.41082000732422,1.5847215498252418,normal
0.3762862725497658,22.36621856689453,1.5847215498252418,normal
0.17786969644781142,-29.9945068359375,1.5847215498252418,normal
0.32772584897353874,8.699111938476562,1.5847215498252418,normal
0.06606056051898834,-110.50844192504883,1.5847215498252418,normal
1.2323011153885284,-57.37598419189453,1.5847215498252418,normal
0.3243378663541729,9.385700225830078,1.5847215498252418,normal
0.8626994245532404,-53.17514419555664,1.5847215498252418,normal
1.8150200309801459,-42.27407455444336,1.5847215498252418,normal
1.8408339051083804,-127.5593376159668,1.5847215498252418,normal
3.570815972913496,34.170684814453125,1.7299820678051157,normal
4.647743269364703,-19.639148712158203,1.7299820678051157,normal
6.90409623965312,-15.865459442138672,2.2563529702884164,normal
6.978871509384795,28.842487335205078,2.2563529702884164,normal
8.662134467008647,-17.625503540039062,2.2563529702884164,normal
10.12298231309571,30.27008056640625,2.2563529702884164,normal
10.548283518674593,-18.723106384277344,2.2563529702884164,normal
11.162186547684875,41.73866271972656,2.2563529702884164,normal
13.427193516469123,71.33783340454102,2.265006968784247,normal
14.850561682922931,15.158557891845703,2.265006968784247,normal
15.101978895713692,31.901493072509766,2.265006968784247,normal
16.30191101804142,48.621883392333984,2.265006968784247,normal
19.123586364753354,16.48040771484375,2.8216753467119347,normal
24.98470144566487,18.69243621826172,5.861115080911517,normal
25.97939174852983,50.45265197753906,5.861115080911517,normal
25.79841326598591,119.51225280761719,5.861115080911517,normal
29.436201533345876,29.360389709472656,5.861115080911517,normal
31.39257402785795,96.09626770019531,5.861115080911517,normal
32.07333439451769,79.50565338134766,5.861115080911517,normal
36.708931299208444,106.9888687133789,5.861115080911517,normal
36.430173778829605,58.280296325683594,5.861115080911517,normal
36.39219234209425,71.44123077392578,5.861115080911517,normal
36.828553406275326,128.5063934326172,5.861115080911517,normal
36.98343219423269,91.39846801757812,5.861115080911517,normal
37.521737403998664,121.52847290039062,5.861115080911517,normal
38.68010691455942,130.9490203857422,5.861115080911517,normal
38.11047622619315,157.52059936523438,5.861115080911517,normal
39.654701637045854,154.02111053466797,5.861115080911517,normal
39.53770289224317,135.37742614746094,5.861115080911517,normal
39.36666275786191,121.65550231933594,5.861115080911517,normal
41.039777116645176,138.41548919677734,5.861115080911517,normal
41.63316020731036,128.66592407226562,5.861115080911517,normal
40.30706781339622,113.42262268066406,5.861115080911517,normal
41.08864112970187,145.15766143798828,5.861115080911517,normal
40.51388796415375,199.97772216796875,5.861115080911517,normal
40.70899181186474,95.23006439208984,5.861115080911517,normal
39.87947962799442,68.42903137207031,5.861115080911517,normal
37.00824579423182,146.663818359375,5.861115080911517,normal
34.95665723655908,102.76737213134766,5.861115080911517,normal
33.12718379736295,71.5298080444336,5.861115080911517,normal
29.70334473633858,152.00328826904297,5.861115080911517,normal
28.418202083611614,113.2269287109375,5.861115080911517,normal
28.61106884732218,72.54283905029297,5.861115080911517,normal
28.95964368113762,81.441650390625,4.6355969046907575,normal
27.848092212143108,91.77989959716797,4.6355969046907575,normal
31.075455096205207,-44.870452880859375,4.6355969046907575,normal
30.575587962189722,54.30519104003906,4.6355969046907575,normal
34.791800280574435,82.3611831665039,4.6355969046907575,normal
34.936650363454454,-44.98603820800781,4.6355969046907575,normal
30.635996978254422,62.47169494628906,4.300653385200032,normal
33.930600117155215,-65.85777282714844,4.300653385200032,normal
29.899475891164503,23.10436248779297,4.300653385200032,normal
27.824075487844993,94.56138610839844,4.300653385200032,normal
28.874274775893237,-13.720550537109375,4.300653385200032,normal
30.98628305529731,-87.28317260742188,4.300653385200032,normal
32.7355705356464,-3.8949966430664062,4.300653385200032,normal
29.93774213167998,2.6488494873046875,4.300653385200032,normal
33.56235550664091,47.135353088378906,4.300653385200032,normal
33.59691708239475,-58.97804260253906,4.300653385200032,normal
30.8477938735359,31.01543426513672,4.300653385200032,normal
34.798494078546334,16.36871337890625,4.300653385200032,normal
31.92049200457518,-2.9051971435546875,4.300653385200032,normal
31.544484237255542,102.5613784790039,4.300653385200032,normal
30.732445393798486,-94.76577758789062,4.300653385200032,normal
32.585753795009616,37.39849090576172,4.300653385200032,normal
31.4858977437396,-83.85578155517578,4.300653385200032,normal
34.391914751990306,-9.345932006835938,4.300653385200032,normal
29.715815960981825,-5.312461853027344,4.6760987910084815,normal
1.5924844823150541,0.0,0.0,normal
0.22498029109694942,119.48410034179688,1.3675041912181047,normal
0.35638816980739624,-30.625991821289062,1.3675041912181047,normal
0.7494931540839037,48.55213165283203,1.3675041912181047,normal
1.4197596862604411,-98.46336364746094,1.3675041912181047,normal
0.2548608847599012,25.706405639648438,1.3675041912181047,normal
0.48561364207250274,-7.564888000488281,1.3675041912181047,normal
0.7872377994784165,-31.8695068359375,1.3675041912181047,normal
0.43975335413860067,54.205169677734375,1.3675041912181047,normal
1.3394891837450598,-14.556427001953125,1.3675041912181047,normal
1.3748751244955977,-31.036949157714844,1.3675041912181047,normal
0.9898947111797298,-24.218215942382812,1.3675041912181047,normal
1.5125302693709775,-45.234718322753906,1.3675041912181047,normal
1.6782931663355567,-8.287239074707031,1.3675041912181047,normal
3.736472852633658,-47.57823944091797,2.058179686298101,normal
2.6224697288744276,8.879356384277344,2.058179686298101,normal
3.4765223328746147,-19.684410095214844,2.058179686298101,normal
3.699897714166442,-42.23888397216797,2.058179686298101,normal
3.3605646487837584,1.0198974609375,2.058179686298101,normal
2.666080465746938,-0.6873321533203125,2.058179686298101,normal
3.5400591029587365,-12.923698425292969,2.058179686298101,normal
3.186765485884689,19.74609375,2.058179686298101,normal
2.8461492054432505,1.7443084716796875,2.058179686298101,normal
2.325899822672199,11.797142028808594,2.058179686298101,normal
2.581474616429367,22.461776733398438,2.058179686298101,normal
1.2689304076592678,-24.683761596679688,2.058179686298101,normal
2.0327629417068787,24.66785430908203,2.058179686298101,normal
1.1397727127066708,-25.006370544433594,2.058179686298101,normal
1.0099085097801381,-21.124534606933594,2.058179686298101,normal
0.3497523247771279,-13.461341857910156,2.058179686298101,normal
0.16977292894333854,-7.5075531005859375,2.058179686298101,normal
0.47179769319012643,-21.59923553466797,2.058179686298101,normal
0.02027029678980907,-31.88404083251953,2.058179686298101,normal
0.5421909124770442,-4.029350280761719,2.058179686298101,normal
0.7174206936275325,-47.888145446777344,2.058179686298101,normal
0.3156044289898658,-9.710540771484375,2.058179686298101,normal
0.6386982610281705,5.171699523925781,2.058179686298101,normal
0.8963741559440292,-2.1466827392578125,2.058179686298101,normal
0.8054339135592244,14.292984008789062,2.058179686298101,normal
0.9807599030207267,-0.243072509765625,2.058179686298101,normal
1.3914625901020243,3.322906494140625,2.058179686298101,normal
2.7628875973079303,-15.123710632324219,2.058179686298101,normal
2.142040790825078,21.65027618408203,2.058179686298101,normal
3.5517501847589483,15.669593811035156,2.058179686298101,normal
3.8142843331741316,-28.39611053466797,1.4097093939338703,normal
4.9055480024553955,19.773902893066406,1.4097093939338703,normal
5.462722467128413,-35.64399719238281,1.4097093939338703,normal
6.599408356926284,-53.62861633300781,1.4097093939338703,normal
6.329560122412309,-44.06593322753906,1.4097093939338703,normal
5.646553692569299,-47.24784851074219,1.4097093939338703,normal
5.198470076380045,-24.451560974121094,1.4097093939338703,normal
4.1768463790054895,-30.840225219726562,1.4097093939338703,normal
3.5537669414504465,-9.913673400878906,1.4097093939338703,normal
3.418381216685169,-22.773170471191406,1.4097093939338703,normal
3.0339764333872887,-10.716590881347656,1.4097093939338703,normal
3.6918170408297346,-26.117935180664062,1.4097093939338703,normal
3.8045594735492534,-13.828811645507812,1.4097093939338703,normal
1.6094969033508402,-6.512603759765625,2.195062570198413,normal
1.3654827461644763,-8.465423583984375,2.195062570198413,normal
0.9210925722350773,17.79876708984375,2.195062570198413,normal
1.175720993830064,-10.465736389160156,2.195062570198413,normal
0.5668316348876944,38.767547607421875,2.195062570198413,normal
1.2403939308541954,-2.0944976806640625,2.195062570198413,normal
0.9943276174134622,-19.16576385498047,2.195062570198413,normal
0.6184508842649249,-14.84527587890625,2.195062570198413,normal
0.1115093630283398,-21.010093688964844,2.195062570198413,normal
0.14101194349810828,-20.62213897705078,2.195062570198413,normal
0.0726748596909854,-43.920135498046875,2.195062570198413,normal
0.03657549536257019,-47.7117919921875,2.195062570198413,normal
1.0822005245449096,-26.74427032470703,2.195062570198413,normal
1.1059974369817946,-8.58123779296875,2.195062570198413,normal
1.064583211535569,-27.882957458496094,2.195062570198413,normal
0.2266298840157053,-35.59673309326172,2.195062570198413,normal
0.7240247866283561,-36.75556182861328,2.195062570198413,normal
0.8251781858505258,-31.268577575683594,2.195062570198413,normal
1.4793300621592278,10.984268188476562,2.195062570198413,normal
1.1425394758504506,-19.503250122070312,2.195062570198413,normal
1.3377559884715058,3.7572097778320312,2.195062570198413,normal
0.8622658129721992,20.967864990234375,2.195062570198413,normal
0.5663377805491963,22.980194091796875,2.195062570198413,normal
0.4305127558997145,-14.094429016113281,2.195062570198413,normal
1.660345812211455,-3.7722015380859375,2.195062570198413,normal
1.5992693238397,67.6523208618164,2.195062570198413,normal
2.0278429899239736,19.59674835205078,2.195062570198413,normal
2.3608344655462132,73.81839752197266,2.195062570198413,normal
3.1550981195667496,22.39276885986328,2.195062570198413,normal
4.055851220494611,77.22530364990234,2.195062570198413,normal
4.147746851248112,82.31552124023438,1.2298330563117403,normal
3.9159200811110044,67.239990234375,1.2298330563117403,normal
4.18853670807662,80.48675537109375,1.2298330563117403,normal
3.948044165327524,93.29818725585938,1.2298330563117403,normal
4.332736665844253,129.91836547851562,1.2298330563117403,normal
3.8737417118014092,136.77452087402344,1.2298330563117403,normal
3.179279297422877,151.2151336669922,1.2298330563117403,normal
2.2760824228435994,80.42278289794922,1.2298330563117403,normal
0.6990618887122662,177.35950469970703,1.5770205341313333,normal
0.08661586136335435,135.93509674072266,1.5770205341313333,normal
0.46364103638752086,136.5234375,1.5770205341313333,normal
0.3998532696586068,142.5794219970703,1.5770205341313333,normal
0.8410873537827167,187.76653289794922,1.5770205341313333,normal
0.25959448251508277,164.29973602294922,1.5770205341313333,normal
0.08282220016217229,170.17192840576172,1.5770205341313333,normal
2.5747537249884567,128.9861297607422,2.4919315248262843,normal
3.0651716957840556,136.95899963378906,2.4919315248262843,normal
2.257261015547683,201.2017822265625,2.4919315248262843,normal
3.5393895165136615,105.48946380615234,2.4919315248262843,normal
4.915808863953932,60.82374572753906,2.4919315248262843,normal
7.577473670531654,52.087669372558594,2.661664806577722,normal
9.307803304153337,78.99433135986328,2.661664806577722,normal
8.999744067432253,195.05172729492188,2.661664806577722,normal
7.3327218671957315,18.43505859375,2.661664806577722,normal
9.569743847841144,105.84365844726562,2.661664806577722,normal
7.830572309421785,43.51203918457031,2.661664806577722,normal
11.130583209775274,-42.68989562988281,3.300010900353489,normal
11.686821788497564,24.3603515625,3.300010900353489,normal
13.033334984825526,65.7806396484375,3.300010900353489,normal
10.29525327882661,-43.844146728515625,3.300010900353489,normal
10.052249419395185,-85.28995513916016,3.300010900353489,normal
9.364306507459968,21.00872039794922,3.300010900353489,normal
5.670614145752554,-7.9785919189453125,3.6936923617074147,normal
10.405497679306025,168.4247589111328,4.734883533553472,normal
11.57916081018529,30.299835205078125,4.734883533553472,normal
12.547512821380714,30.781402587890625,4.734883533553472,normal
13.709788163500516,17.123794555664062,4.734883533553472,normal
11.062507312922614,-41.587371826171875,4.734883533553472,normal
13.627681317705855,-10.157318115234375,4.734883533553472,normal
12.445715990226947,54.222564697265625,4.734883533553472,normal
12.716544384319901,-92.71385192871094,4.734883533553472,normal
13.232356931215456,71.86317443847656,4.734883533553472,normal
10.81657629754801,-110.42381286621094,4.734883533553472,normal
10.625736846385426,-47.26661682128906,4.734883533553472,normal
7.838407904749588,13.7713623046875,4.734883533553472,normal
8.20522328012917,83.66935729980469,4.734883533553472,normal
14.030855964943658,-33.74519348144531,5.825632684814488,normal
7.213442614698084,-106.25724792480469,6.817413350245574,normal
15.9363216737929,108.89968872070312,8.722879059094815,normal
8.99799661488303,-42.92976379394531,8.722879059094815,normal
15.728349854658076,19.46136474609375,8.722879059094815,normal
11.644010051050838,-44.368743896484375,8.722879059094815,normal
9.197254776883364,15.5474853515625,8.722879059094815,normal
13.095631837408266,-15.361862182617188,8.722879059094815,normal
14.994798035219686,116.81007385253906,8.722879059094815,normal
13.214283127637609,-189.1504669189453,8.722879059094815,normal
11.998234466628785,-24.027557373046875,8.722879059094815,normal
12.105432768349107,-59.945068359375,8.722879059094815,normal
11.050864689234173,150.74501037597656,8.722879059094815,normal
7.769672398298098,-275.59627532958984,8.722879059094815,normal
12.779959815172079,164.08275604248047,8.722879059094815,normal
13.210961983493295,-43.38661193847656,8.722879059094815,normal
14.493671343289096,2.5876235961914062,8.722879059094815,normal
15.089763065715461,-36.15978240966797,8.722879059094815,normal
3.4288601372937157,0.0,0.0,normal
4.354816478476276,-66.84024810791016,0.9259563411825602,normal
2.762104510372333,-11.898651123046875,1.5927119681039428,normal
3.3175257339122193,-19.16736602783203,1.5927119681039428,normal
4.174777879371597,-12.096519470214844,1.5927119681039428,normal
4.063733910901628,23.051719665527344,1.5927119681039428,normal
3.704317771427674,7.993011474609375,1.5927119681039428,normal
2.630199892840365,5.3972625732421875,1.5927119681039428,normal
2.3868563487172323,8.813552856445312,1.5927119681039428,normal
2.3774991965968195,-14.097633361816406,1.5927119681039428,normal
2.3360229238019707,20.903091430664062,1.5927119681039428,normal
2.736469976881872,-0.0601959228515625,1.5927119681039428,normal
2.221528090701825,0.4218292236328125,1.5927119681039428,normal
1.1196492383463263,-14.887275695800781,1.5927119681039428,normal
0.0038585863053086557,-19.40471649169922,1.5927119681039428,normal
0.7180489192634076,-8.200263977050781,1.5927119681039428,normal
0.8845870032921671,-34.27276611328125,1.5927119681039428,normal
1.3072086626776587,-20.233612060546875,1.5927119681039428,normal
1.9974410139567922,-3.6298370361328125,1.5927119681039428,normal
2.0065653385330573,-55.25482177734375,1.5927119681039428,normal
1.3329063950715085,-41.97246551513672,1.5927119681039428,normal
3.0554266823233327,-11.352767944335938,1.7225202872518242,normal
2.9465765859097415,-16.75861358642578,1.7225202872518242,normal
1.5416132080051974,-8.813323974609375,1.7225202872518242,normal
1.8377561719479771,18.37554931640625,1.7225202872518242,normal
1.3140032705333513,19.552230834960938,1.7225202872518242,normal
1.6923080659296,-4.523277282714844,1.7225202872518242,normal
2.038532095080835,1.1603164672851562,1.7225202872518242,normal
2.020470924364093,-19.46697235107422,1.7225202872518242,normal
2.2757129317715146,-9.788703918457031,1.7225202872518242,normal
1.834812155146675,-17.20355987548828,1.7225202872518242,normal
1.5198916269875324,-22.398033142089844,1.7225202872518242,normal
1.3333970882901898,-38.83209228515625,1.7225202872518242,normal
1.0236383665322186,-39.18376922607422,1.7225202872518242,normal
0.805280783463235,-16.959228515625,1.7225202872518242,normal
1.1767556030044939,-65.34107208251953,1.7225202872518242,normal
0.7441142116534891,-38.315391540527344,1.7225202872518242,normal
0.46051604366485877,11.266021728515625,1.7225202872518242,normal
0.2962793322906615,-34.200096130371094,1.7225202872518242,normal
0.09482639924844236,11.282157897949219,1.7225202872518242,normal
0.4748938367475103,-16.340103149414062,1.7225202872518242,normal
0.739060291418829,-7.2090911865234375,1.7225202872518242,normal
0.7267634573577946,-5.152130126953125,1.7225202872518242,normal
1.8516624325234028,15.167198181152344,1.7225202872518242,normal
1.42023640920125,-11.088409423828125,1.7225202872518242,normal
2.822320550170053,27.89073944091797,1.7225202872518242,normal
1.519305957719242,30.569114685058594,1.7225202872518242,normal
1.9604899117916652,-28.08391571044922,1.7225202872518242,normal
2.493281640768128,24.15813446044922,1.7225202872518242,normal
2.701459774197079,-33.934364318847656,1.7225202872518242,normal
2.643387388922417,-33.78639221191406,1.7225202872518242,normal
1.2299077785403805,-60.403289794921875,1.4134796103820366,normal
1.3473316173409011,-63.061065673828125,1.4134796103820366,normal
1.1627016940639558,-61.183433532714844,1.4134796103820366,normal
1.2983331647285163,-21.45732879638672,1.4134796103820366,normal
0.2876265236942083,-55.06988525390625,1.4134796103820366,normal
0.4260791316941592,-13.519248962402344,1.4134796103820366,normal
1.0546473058042043,1.815948486328125,1.4134796103820366,normal
1.4299571108732188,-65.93742370605469,1.4134796103820366,normal
1.147462018331441,41.117820739746094,1.4134796103820366,normal
1.0729254881127739,-43.117332458496094,1.4134796103820366,normal
1.3095584946816161,24.626083374023438,1.4134796103820366,normal
1.2996837393403953,1.4078521728515625,1.4134796103820366,normal
2.021166792354998,-24.23778533935547,1.4134796103820366,normal
1.5056816860807485,-13.150634765625,1.4134796103820366,normal
1.8213046243779731,-11.705589294433594,1.4134796103820366,normal
1.5839245063625467,-10.625152587890625,1.4134796103820366,normal
0.2713325557494883,28.57715606689453,1.4134796103820366,normal
1.4456071415313518,-8.244895935058594,1.4134796103820366,normal
2.225795756484682,-44.15393829345703,1.4134796103820366,normal
3.386681565061502,-79.39407348632812,1.4134796103820366,normal
2.9143752242244036,-93.25395584106445,1.4134796103820366,normal
4.811052329579338,-5.370140075683594,1.8966771053549345,normal
6.093556823381299,-25.375957489013672,1.8966771053549345,normal
7.613969724410821,-50.131473541259766,1.8966771053549345,normal
7.449173919135105,23.455181121826172,1.8966771053549345,normal
7.173401270515304,-61.4604377746582,1.8966771053549345,normal
6.981419013709155,-22.383270263671875,1.8966771053549345,normal
10.369318854029302,15.299663543701172,3.387899840320147,normal
10.615411542355098,-8.727951049804688,3.387899840320147,normal
9.667339581717496,19.67479705810547,3.387899840320147,normal
10.723325798964868,4.564018249511719,3.387899840320147,normal
10.636620752262006,13.371505737304688,3.387899840320147,normal
11.3552579309434,36.983184814453125,3.387899840320147,normal
10.158260268639722,22.633895874023438,3.387899840320147,normal
10.675104244535849,48.17298889160156,3.387899840320147,normal
11.777765648049204,10.11251449584961,3.387899840320147,normal
12.21089742524294,94.40671920776367,3.387899840320147,normal
12.473941908340318,58.96614074707031,3.387899840320147,normal
13.628723704207603,69.6419906616211,3.387899840320147,normal
15.02655673476751,127.81597137451172,3.387899840320147,normal
16.8085476795167,50.85182189941406,3.387899840320147,normal
17.696778058421902,96.97437286376953,3.387899840320147,normal
19.414794876935385,91.25965118408203,3.387899840320147,normal
21.154157954067795,88.52909088134766,3.387899840320147,normal
21.713051657515415,82.08194732666016,3.387899840320147,normal
25.53560136903597,128.8015365600586,3.822549711520555,normal
25.693075422965645,105.68103790283203,3.822549711520555,normal
26.798847452992508,89.8849868774414,3.822549711520555,normal
29.18300496041905,125.19012451171875,3.822549711520555,normal
30.489123798029507,100.14129638671875,3.822549711520555,normal
30.889819271344784,121.92317962646484,3.822549711520555,normal
28.75529572545193,68.18973541259766,3.822549711520555,normal
29.15814881109427,170.30719757080078,3.822549711520555,normal
26.949927455471858,72.16678619384766,3.822549711520555,normal
26.091302145784542,123.61713409423828,3.822549711520555,normal
25.232742551803693,132.03277587890625,3.822549711520555,normal
24.148782029911068,113.59004974365234,3.822549711520555,normal
21.076724249235895,214.60899353027344,3.822549711520555,normal
20.26001137652235,168.87474060058594,3.822549711520555,normal
18.82246325070821,129.06051635742188,3.822549711520555,normal
17.409541602137107,107.57743835449219,3.822549711520555,normal
16.83382190823135,106.7867660522461,3.822549711520555,normal
16.437617218372694,124.45541381835938,3.822549711520555,normal
15.216775494149928,69.36458587646484,3.822549711520555,normal
14.951337785360785,84.1659164428711,3.822549711520555,normal
14.657843930622665,76.6973876953125,3.822549711520555,normal
13.162579996060847,110.14480590820312,3.822549711520555,normal
13.31208590556272,10.240402221679688,3.822549711520555,normal
12.021389238005915,72.513427734375,3.822549711520555,normal
11.923288549879237,2.853240966796875,3.822549711520555,normal
12.729703047037233,16.917800903320312,3.822549711520555,normal
11.302554891682222,2.5360107421875,3.822549711520555,normal
9.387541232996314,48.962974548339844,3.822549711520555,normal
10.882792696964518,-70.38963317871094,3.822549711520555,normal
11.419819870420895,-7.6611328125,3.822549711520555,normal
10.847604271541963,24.357948303222656,3.0720577806751734,normal
11.910695168055092,-45.92628479003906,3.0720577806751734,normal
10.380430683300785,68.47869873046875,3.0720577806751734,normal
11.288644601567087,-29.13402557373047,3.0720577806751734,normal
11.533738163071785,-13.303871154785156,3.0720577806751734,normal
10.800435996727453,79.7281265258789,3.0720577806751734,normal
9.953136171487184,-29.867477416992188,3.0720577806751734,normal
10.844345983704619,-0.5457687377929688,3.0720577806751734,normal
10.598083287735513,-15.686874389648438,3.0720577806751734,normal
11.231182537808747,28.15784454345703,3.0720577806751734,normal
10.685934476965798,-17.595062255859375,3.0720577806751734,normal
11.563734604188468,-7.6778411865234375,3.0720577806751734,normal
9.590907586501645,27.613677978515625,1.9728270176868232,normal
11.72152245852114,-56.951637268066406,2.1306148720194944,normal
10.70895298505637,30.94196319580078,2.1306148720194944,normal
9.896125878136807,36.441650390625,2.1306148720194944,normal
10.45822911644699,-84.96345520019531,2.1306148720194944,normal
10.36698725410617,35.273895263671875,2.1306148720194944,normal
10.144690029312267,35.916595458984375,2.1306148720194944,normal
9.094892906542942,-42.14641571044922,2.1306148720194944,normal
8.99015213726453,33.375091552734375,2.1306148720194944,normal
9.149954995061988,32.84477233886719,2.1306148720194944,normal
11.942111677428931,-101.68956756591797,2.7921566823669437,normal
9.683712468802105,59.00367736816406,2.7921566823669437,normal
10.147775371400918,18.092994689941406,2.7921566823669437,normal
11.016579277921718,-33.974647521972656,2.7921566823669437,normal
11.508931972795356,-8.021507263183594,2.7921566823669437,normal
10.9322711074453,21.42620086669922,2.7921566823669437,normal
10.715679454875236,-23.684349060058594,2.7921566823669437,normal
10.646652165462024,32.229652404785156,2.7921566823669437,normal
10.217925268984073,-0.47515869140625,2.7921566823669437,normal
10.566301639050835,-4.9090576171875,2.7921566823669437,normal
11.658465755375657,-31.498489379882812,2.7921566823669437,normal
10.607679902512345,-16.6461181640625,2.7921566823669437,normal
12.448889665166156,-61.42295837402344,2.7921566823669437,normal
13.322916506415053,-57.125587463378906,2.7921566823669437,normal
15.095144795361954,-150.32020568847656,2.7921566823669437,normal
15.143533604960206,-66.62372589111328,2.7921566823669437,normal
17.124096043951504,-147.58872985839844,2.7921566823669437,normal
18.3537035322605,-137.69554138183594,2.7921566823669437,normal
18.462093843874165,-75.02815246582031,2.7921566823669437,normal
20.58638866258845,-193.2403564453125,2.7921566823669437,normal
20.16415355852491,-195.50113677978516,2.7921566823669437,normal
23.211380655137766,-167.39364624023438,3.0472270966128576,normal
23.47138323591995,-145.42762756347656,3.0472270966128576,normal
22.868964791118017,-119.37915802001953,3.0472270966128576,normal
22.09465382788203,-117.27836608886719,3.0472270966128576,normal
22.031162083171633,-138.80023956298828,3.0472270966128576,normal
21.082661710368058,-115.78754425048828,3.0472270966128576,normal
21.072599844339937,-123.11897277832031,3.0472270966128576,normal
19.68462718830524,-142.39334106445312,3.0472270966128576,normal
19.045455531560513,-119.4345474243164,3.0472270966128576,normal
17.580270521129716,-141.44084930419922,3.0472270966128576,normal
18.17905579919979,-61.949615478515625,3.0472270966128576,normal
3.9928542643875766,0.0,0.0,normal
3.2543226651668937,-2.74932861328125,0.7385315992206829,normal
2.8798841993875763,12.792320251464844,0.7385315992206829,normal
3.765500698450124,-8.341484069824219,0.8856164990625475,normal
3.271328015221729,18.526611328125,0.8856164990625475,normal
3.229054213056766,-13.574295043945312,0.8856164990625475,normal
1.7174945754876372,6.432838439941406,1.511559637569129,normal
0.04175361677457733,-7.747077941894531,1.6757409587130598,normal
1.1189262498175443,-30.650482177734375,1.6757409587130598,normal
1.605842624813516,-40.32623291015625,1.6757409587130598,normal
2.4609749646130243,13.016624450683594,1.6757409587130598,normal
1.770547398800005,-36.361541748046875,1.6757409587130598,normal
2.4215481342097034,-24.41448211669922,1.6757409587130598,normal
2.745282571025793,-53.028717041015625,1.6757409587130598,normal
3.125896381447922,-21.87286376953125,1.6757409587130598,normal
2.9659226705462283,-8.846168518066406,1.6757409587130598,normal
2.9286485721187474,-22.72441864013672,1.6757409587130598,normal
2.936191608770708,19.808921813964844,1.6757409587130598,normal
2.2177627042265096,34.646873474121094,1.6757409587130598,normal
2.3222426828016087,-1.4829254150390625,1.6757409587130598,normal
1.9164446184419706,9.159622192382812,1.6757409587130598,normal
2.319940995977458,6.972198486328125,1.6757409587130598,normal
1.88980516696003,-6.534919738769531,1.6757409587130598,normal
1.41117877765341,-2.941131591796875,1.6757409587130598,normal
0.6435995624368417,-17.093582153320312,1.6757409587130598,normal
0.1497498787436897,-49.889259338378906,1.6757409587130598,normal
0.6298116004111458,-25.65044403076172,1.6757409587130598,normal
0.7060884424547406,-55.53131103515625,1.6757409587130598,normal
0.112223712539863,-29.510536193847656,1.6757409587130598,normal
0.5231278486713108,-21.199722290039062,1.6757409587130598,normal
0.031510758748725005,-18.980140686035156,1.6757409587130598,normal
0.19442427249746913,-25.831832885742188,1.6757409587130598,normal
1.1247669460728895,-46.41895294189453,1.6757409587130598,normal
0.5086457947658695,-8.801765441894531,1.6757409587130598,normal
0.40393285203683915,32.775535583496094,1.6757409587130598,normal
0.47866591125395624,-28.505630493164062,1.6757409587130598,normal
0.7065448355854862,31.208724975585938,1.6757409587130598,normal
0.045466971343087234,0.2877044677734375,1.077172633042967,normal
0.9554845297708926,13.581962585449219,0.9303426735754203,normal
2.331469017158238,-2.8339004516601562,1.3759844873873455,normal
2.789461012853633,10.468254089355469,1.3759844873873455,normal
3.964986531408113,-24.41997528076172,1.3759844873873455,normal
4.323131824817764,-19.498672485351562,1.3759844873873455,normal
4.617781110654692,-46.18949890136719,1.3759844873873455,normal
2.5193351247677827,-22.64911651611328,2.09844598588691,normal
2.5545380222922134,-29.013290405273438,2.09844598588691,normal
2.9332584389878984,-27.67536163330078,2.09844598588691,normal
2.1132605946556575,-39.40887451171875,2.09844598588691,normal
2.3371663764631525,-55.48118591308594,2.09844598588691,normal
2.467875343527605,-41.369476318359375,2.09844598588691,normal
4.083900191862264,-30.39928436279297,2.09844598588691,normal
3.683047144886968,-35.57361602783203,2.09844598588691,normal
3.078307964948951,14.353294372558594,2.09844598588691,normal
3.8220908011268877,-13.791275024414062,2.09844598588691,normal
4.107897294001905,-20.83934783935547,2.09844598588691,normal
4.678019893666095,-9.698295593261719,2.09844598588691,normal
4.358912688991788,-9.734573364257812,2.09844598588691,normal
4.624629802382514,34.018707275390625,2.09844598588691,normal
6.298748385284845,-0.397796630859375,2.09844598588691,normal
7.751062922422325,40.42613983154297,2.09844598588691,normal
13.507761930132622,-15.814590454101562,5.756699007710297,normal
13.111426991754055,32.44892120361328,5.756699007710297,normal
17.22370545955465,-54.912872314453125,5.756699007710297,normal
18.980872765321056,14.114456176757812,5.756699007710297,normal
24.843370464624083,14.073486328125,5.862497699303027,normal
27.82839189271115,21.662750244140625,5.862497699303027,normal
30.8101999696794,59.27696228027344,5.862497699303027,normal
33.00837502162138,9.194755554199219,5.862497699303027,normal
36.416781240913835,41.18614196777344,5.862497699303027,normal
42.10714936491522,31.39606475830078,5.862497699303027,normal
45.634738051742566,18.136253356933594,5.862497699303027,normal
49.64145383572416,66.24046325683594,5.862497699303027,normal
53.2844707452754,68.4389877319336,5.862497699303027,normal
56.68455706545164,84.69337463378906,5.862497699303027,normal
58.96505597238853,91.35658264160156,5.862497699303027,normal
63.46750889392486,105.6661605834961,5.862497699303027,normal
65.32610990313196,76.38839721679688,5.862497699303027,normal
70.62454905508946,14.038009643554688,5.862497699303027,normal
73.09964327382984,79.16507720947266,5.862497699303027,normal
77.06576600205518,42.12787628173828,5.862497699303027,normal
80.1240284609802,44.380760192871094,5.862497699303027,normal
82.77698757900244,67.36129760742188,5.862497699303027,normal
83.9856471777508,31.306800842285156,5.862497699303027,normal
88.7202674884625,92.88585662841797,5.862497699303027,normal
89.14636750938722,54.012451171875,5.862497699303027,normal
85.81314370333322,52.143516540527344,5.862497699303027,normal
82.60147968532559,55.121612548828125,5.862497699303027,normal
81.84010477754465,126.56089782714844,5.862497699303027,normal
80.22731604126534,-32.00111389160156,5.862497699303027,normal
77.94835923715645,78.22723388671875,5.862497699303027,normal
75.36401652070006,43.588829040527344,5.862497699303027,normal
73.79183296338837,32.17369079589844,5.862497699303027,normal
73.44026221813475,-10.561180114746094,5.862497699303027,normal
71.05311608661486,-64.73991394042969,5.862497699303027,normal
70.253900148874,16.063613891601562,5.690368124001388,normal
68.65352218744997,-3.9009475708007812,5.690368124001388,normal
68.682451367324,15.933723449707031,5.690368124001388,normal
68.37017001897922,15.983390808105469,5.690368124001388,normal
68.53158761433417,23.140411376953125,5.690368124001388,normal
68.40891013200108,-35.98583221435547,5.298439151957496,normal
69.92643272951184,45.744781494140625,5.298439151957496,normal
70.43999677786374,34.361228942871094,5.298439151957496,normal
70.71744390378375,-74.60197448730469,5.298439151957496,normal
72.8563776187668,-18.35552215576172,5.298439151957496,normal
74.11722787807335,27.59868621826172,5.298439151957496,normal
75.85844778973197,-23.280601501464844,5.298439151957496,normal
78.78573562283792,-123.23902130126953,5.298439151957496,normal
80.72684359332293,10.05523681640625,4.734620310711691,normal
83.32210825957996,-54.68284606933594,4.734620310711691,normal
85.4507021680333,-58.297119140625,4.734620310711691,normal
88.50956353458939,-60.695343017578125,4.734620310711691,normal
85.31574528192111,15.377655029296875,4.734620310711691,normal
83.38347635528892,-61.29364013671875,4.734620310711691,normal
79.32205575505043,-45.874671936035156,4.061420600238492,normal
74.25325975622192,-29.053916931152344,5.068795998828506,normal
70.7821732970575,-12.789230346679688,5.068795998828506,normal
68.1167616802834,-71.29508972167969,5.068795998828506,normal
64.55694226230953,-141.85684204101562,5.068795998828506,normal
60.06446505088661,-62.29888916015625,5.068795998828506,normal
57.31158615456887,-57.579803466796875,5.068795998828506,normal
53.96248828447919,-38.34491729736328,5.068795998828506,normal
50.63522807423608,-53.192710876464844,5.068795998828506,normal
48.841596782246086,-66.83441162109375,5.068795998828506,normal
45.39510032789702,-118.27434539794922,5.068795998828506,normal
43.01173665701127,-24.818801879882812,5.068795998828506,normal
39.37244942378483,-64.01710510253906,5.068795998828506,normal
38.394306213722885,-92.49137878417969,5.068795998828506,normal
35.14944520686317,-19.73865509033203,5.068795998828506,normal
32.792238330074376,-89.03434753417969,5.068795998828506,normal
30.719390079045297,-51.21986389160156,5.068795998828506,normal
27.222597906744898,-59.52140808105469,5.068795998828506,normal
24.97232828468581,-36.48914337158203,5.068795998828506,normal
24.461032229215768,-65.81594467163086,5.068795998828506,normal
22.0993190569533,-25.70903778076172,5.068795998828506,normal
19.1049085948003,-35.62299728393555,5.068795998828506,normal
17.109355932150034,-64.11226272583008,5.068795998828506,normal
15.95909806187711,-48.27890396118164,5.068795998828506,normal
14.758669814656102,-22.790393829345703,5.068795998828506,normal
13.828517319204096,-27.60234832763672,5.068795998828506,normal
13.139605774859257,-32.73988723754883,5.068795998828506,normal
12.974776628352323,1.20941162109375,5.068795998828506,normal
13.078401708533688,-22.240047454833984,5.068795998828506,normal
14.15319455798992,-39.05439376831055,5.068795998828506,normal
15.386172263801182,-49.77058410644531,5.068795998828506,normal
15.164435935601228,-5.122203826904297,4.492477211422923,normal
13.984880194782761,-45.259437561035156,4.492477211422923,normal
13.730801885913834,9.178218841552734,4.492477211422923,normal
12.849451161578587,-35.64348220825195,4.492477211422923,normal
11.87288392201312,11.44643783569336,3.6392872332264403,normal
10.993590210217443,-2.2446441650390625,3.6392872332264403,normal
2.6284707641276293,0.0,0.0,normal
1.1554117837107534,38.95454406738281,1.4730589804168759,normal
0.9869819805100284,-30.725555419921875,1.4730589804168759,normal
0.4592433729686055,-62.289276123046875,1.4730589804168759,normal
1.1469800185848453,1.9813156127929688,1.4730589804168759,normal
2.344383708205667,0.3174591064453125,1.4730589804168759,normal
1.793808234095179,-17.724838256835938,1.4730589804168759,normal
1.5501626197741067,15.706558227539062,1.4730589804168759,normal
1.9177426293045918,-53.70277404785156,1.4730589804168759,normal
2.6620841440879657,14.264488220214844,1.4730589804168759,normal
2.161750888200486,-26.199417114257812,1.4730589804168759,normal
1.9413468086546346,46.80107116699219,1.4730589804168759,normal
0.8091931878198383,3.8714218139648438,1.4730589804168759,normal
1.460968428613425,0.776824951171875,1.4730589804168759,normal
0.6542615584158195,3.1410598754882812,1.4730589804168759,normal
0.6399894249118746,-14.497146606445312,1.4730589804168759,normal
0.27655224023601377,19.420623779296875,1.4730589804168759,normal
1.4309909113716068,-7.910728454589844,1.4730589804168759,normal
0.12953742129652648,-25.11302947998047,1.4730589804168759,normal
0.29765658534252143,-18.538284301757812,1.4730589804168759,normal
0.6466797800548247,-54.36767578125,1.4730589804168759,normal
0.19435199983322587,6.65771484375,1.4730589804168759,normal
0.9905378859588282,-19.300689697265625,1.4730589804168759,normal
1.062538652801078,-30.73516845703125,1.4730589804168759,normal
0.9683333884896875,-32.51964569091797,1.4730589804168759,normal
0.39115584862319397,-7.8204345703125,1.4730589804168759,normal
0.5030111639019069,0.58868408203125,1.4730589804168759,normal
1.3920252642122626,-28.2275390625,1.4730589804168759,normal
1.3166515355045891,15.542678833007812,1.4730589804168759,normal
1.329724752744581,22.638702392578125,1.4730589804168759,normal
2.087460188425681,0.1389312744140625,1.4730589804168759,normal
2.4173416204124694,10.846824645996094,1.3014534900750803,normal
3.2220257847758105,-2.1065139770507812,1.3014534900750803,normal
4.659141694480207,7.5176239013671875,1.4371159097043962,normal
4.929023356272967,-27.516860961914062,1.4371159097043962,normal
5.082438013661531,-7.05230712890625,1.4371159097043962,normal
6.251577689727611,-33.583030700683594,1.4371159097043962,normal
6.364644640741779,-28.50025177001953,1.4371159097043962,normal
6.575820090481828,-66.8770980834961,1.4371159097043962,normal
5.680295966428071,-52.17212677001953,1.4371159097043962,normal
4.792895698140507,-18.371315002441406,1.4371159097043962,normal
4.176830971585979,-31.759071350097656,1.4371159097043962,normal
5.494938444120659,4.3329620361328125,1.4371159097043962,normal
4.5088858694718565,-17.935867309570312,1.4371159097043962,normal
2.7719908307629044,-9.391021728515625,1.7368950387089521,normal
3.343987651889915,-37.78644561767578,1.7368950387089521,normal
3.5703930943623385,-29.326629638671875,1.7368950387089521,normal
3.0590438161891638,23.26995849609375,1.7368950387089521,normal
3.8766311799554916,-10.66131591796875,1.7368950387089521,normal
3.824829165610227,20.40252685546875,1.7368950387089521,normal
3.457799792499239,-11.174468994140625,1.7368950387089521,normal
2.6589687486750786,-24.471588134765625,1.7368950387089521,normal
1.6177544721562647,23.25794219970703,1.7368950387089521,normal
0.689996292604218,-8.889541625976562,1.7368950387089521,normal
0.588565188061928,-13.780746459960938,1.7368950387089521,normal
0.1063576340635207,-46.40235900878906,1.7368950387089521,normal
1.3094829096406522,-30.106544494628906,1.7368950387089521,normal
1.4528358333060196,-26.599044799804688,1.7368950387089521,normal
2.2257941722808554,-41.404266357421875,1.7368950387089521,normal
1.8561180357925302,-65.81165313720703,1.7368950387089521,normal
1.2044579893716654,-32.477760314941406,1.7368950387089521,normal
0.39538437709974705,-38.04107666015625,1.7368950387089521,normal
0.7272525751651173,-5.602226257324219,1.7368950387089521,normal
1.1722513709514997,-37.231292724609375,1.7368950387089521,normal
0.20453519634646947,-3.745880126953125,1.7368950387089521,normal
0.8184928548048578,53.29090118408203,1.7368950387089521,normal
0.2415750411316751,-29.070281982421875,1.7368950387089521,normal
0.6426435638500825,-16.587753295898438,1.7368950387089521,normal
0.14361767855284133,-7.53753662109375,1.7368950387089521,normal
0.8358360546433292,-27.984237670898438,1.7368950387089521,normal
0.4869436237684321,-19.291648864746094,1.7368950387089521,normal
0.3905311127115478,27.30846405029297,1.7368950387089521,normal
0.787448026165258,5.661506652832031,1.7368950387089521,normal
0.7044772643014217,-32.54997253417969,1.7368950387089521,normal
0.4607337930279621,-2.509174346923828,1.2031252755771316,normal
0.5909707257364409,-30.029582977294922,1.2031252755771316,normal
0.16064083345484825,-44.197425842285156,1.2031252755771316,normal
0.18400524234887347,6.4453125,1.2031252755771316,normal
1.1114469248575014,-22.996444702148438,1.2031252755771316,normal
1.8201145169636486,-27.733898162841797,1.2031252755771316,normal
3.295508255347274,-13.530464172363281,1.4753937383836253,normal
4.4856058240834695,11.661758422851562,1.4753937383836253,normal
4.836325176313313,28.767471313476562,1.4753937383836253,normal
6.306356168452734,30.695858001708984,1.4753937383836253,normal
9.151150337170812,-0.7222366333007812,2.844794168718078,normal
10.594353858143545,-8.64898681640625,2.844794168718078,normal
13.38936735121705,-96.83429718017578,2.844794168718078,normal
14.09077107390184,18.93899917602539,2.844794168718078,normal
16.1978539462089,35.15007019042969,2.844794168718078,normal
19.399930805718647,-25.928020477294922,3.202076859509745,normal
18.732368899648726,20.343475341796875,3.202076859509745,normal
23.039029157102714,-33.921546936035156,4.306660257453988,normal
26.521946483026767,3.84429931640625,4.306660257453988,normal
28.43132143921831,59.86827850341797,4.306660257453988,normal
31.979908132841715,104.55963134765625,4.306660257453988,normal
34.611420675669144,130.78514099121094,4.306660257453988,normal
37.810036860371675,25.992164611816406,4.306660257453988,normal
41.05700559365944,26.77379608154297,4.306660257453988,normal
43.329893813339496,143.690185546875,4.306660257453988,normal
45.682243383117914,86.24267578125,4.306660257453988,normal
48.72472805800184,-2.0752716064453125,4.306660257453988,normal
52.56830902412188,158.65516662597656,4.306660257453988,normal
54.539728547615375,83.1155776977539,4.306660257453988,normal
55.262900678703375,224.10930633544922,4.306660257453988,normal
58.19929612633973,44.13322448730469,4.306660257453988,normal
62.1653852723705,122.04414367675781,4.306660257453988,normal
63.96738582556563,53.138694763183594,4.306660257453988,normal
67.6952428670264,93.05259704589844,4.306660257453988,normal
69.56902649324684,63.85276794433594,4.306660257453988,normal
70.25131884254337,70.64998626708984,4.306660257453988,normal
71.67480797525067,58.272972106933594,4.306660257453988,normal
73.34714352162213,111.30329132080078,4.306660257453988,normal
75.53458843901652,64.7039794921875,4.306660257453988,normal
76.94724669140125,58.254547119140625,4.306660257453988,normal
80.79963896552646,-11.875762939453125,4.306660257453988,normal
82.91431752552165,55.942840576171875,4.306660257453988,normal
84.35872741789629,133.94176483154297,4.306660257453988,normal
82.49369034884329,-16.591644287109375,4.306660257453988,normal
83.2539325246581,83.06190490722656,4.306660257453988,normal
82.7935101946708,19.46044921875,4.306660257453988,normal
82.77372128867556,86.05865478515625,4.306660257453988,normal
81.92635288143568,5.6247711181640625,3.966089146030768,normal
81.43540765530193,70.0894546508789,3.966089146030768,normal
82.21047823972432,21.611480712890625,3.966089146030768,normal
81.10082211569687,-77.51884460449219,3.966089146030768,normal
81.65970437073172,-17.58544921875,3.966089146030768,normal
80.5907924878667,-44.53937530517578,3.966089146030768,normal
80.98053800715567,74.36771392822266,3.966089146030768,normal
80.51140126195479,53.08113098144531,3.966089146030768,normal
78.24199313024593,-172.36988067626953,3.966089146030768,normal
78.4322278070402,-205.42327880859375,3.966089146030768,normal
75.57840658092296,-64.58255767822266,3.966089146030768,normal
68.7273751097582,-48.06438446044922,6.8510314711647595,normal
66.8999039681486,-130.90782165527344,6.8510314711647595,normal
65.69114123677244,-84.69749450683594,6.8510314711647595,normal
64.53930615509663,-119.94312286376953,6.8510314711647595,normal
62.9422268744832,-93.78971099853516,6.8510314711647595,normal
60.62287229565134,-27.04021453857422,6.8510314711647595,normal
56.088569961577804,-117.71244049072266,6.8510314711647595,normal
51.93482197337822,-164.43157196044922,6.8510314711647595,normal
49.57971809926813,-94.58999633789062,6.8510314711647595,normal
44.06750787309547,-140.738525390625,6.8510314711647595,normal
43.25713342520401,-163.24344635009766,6.8510314711647595,normal
40.54883280030765,-52.58857727050781,6.8510314711647595,normal
37.145839522136875,-147.3870849609375,6.8510314711647595,normal
34.758851806730604,-159.5935821533203,6.8510314711647595,normal
32.23488412261685,-83.98452758789062,6.8510314711647595,normal
30.798421665673374,-105.17280578613281,6.8510314711647595,normal
26.301193389655804,-109.91958618164062,6.8510314711647595,normal
24.127171698274395,-45.613861083984375,6.8510314711647595,normal
21.710696970218553,-97.25801467895508,6.8510314711647595,normal
18.584215433034192,-58.49647521972656,6.8510314711647595,normal
17.554120779016877,-68.70494842529297,6.8510314711647595,normal
15.532251775722703,-57.390289306640625,6.8510314711647595,normal
12.671234831056614,-108.38602066040039,6.8510314711647595,normal
11.36674029511311,1.4300537109375,6.8510314711647595,normal
9.586974110867121,-18.233013153076172,6.8510314711647595,normal
9.20476422094314,-18.12023162841797,6.8510314711647595,normal
8.393122674469467,-27.570362091064453,6.8510314711647595,normal
8.504063736152132,-25.33916473388672,6.8510314711647595,normal
8.0974023070109,-8.994026184082031,6.8510314711647595,normal
8.497256136554382,-6.0367584228515625,6.8510314711647595,normal
7.051198371175226,21.465110778808594,5.512210226172655,normal
6.388850900050302,13.447265625,5.512210226172655,normal
6.509842145535522,-16.395721435546875,5.512210226172655,normal
6.3494722698817645,3.255615234375,5.512210226172655,normal
6.792439072392068,16.22812271118164,5.512210226172655,normal
6.858518392562246,6.086082458496094,5.512210226172655,normal
7.251704285607547,7.654781341552734,5.512210226172655,normal
7.3092416404592715,11.059112548828125,5.512210226172655,normal
7.498101007819668,-3.8689613342285156,5.512210226172655,normal
7.4942527409712705,73.09473037719727,4.4972282760175695,normal
7.997042353571516,12.045936584472656,4.4972282760175695,normal
8.286271121823184,77.07733154296875,4.4972282760175695,normal
7.583195227026517,23.261947631835938,4.4972282760175695,normal
7.238930435554522,51.926021575927734,4.4972282760175695,normal
6.213269565728524,76.51496887207031,4.4972282760175695,normal
4.923682373924309,91.47588729858398,4.4972282760175695,normal
4.283012672954547,104.03966903686523,3.126481537184361,normal
3.3522321062613925,8.33456039428711,3.126481537184361,normal
1.9037998637918052,0.0,0.0,normal
2.7864082772884378,-63.05706024169922,0.8826084134966325,normal
4.871807830860274,17.64392852783203,2.0853995535718366,normal
6.979683116765445,-88.36692810058594,2.1078752859051706,normal
5.2051601268314736,33.454742431640625,2.1078752859051706,normal
5.30372620046758,49.116554260253906,2.1078752859051706,normal
5.389238652233279,-20.772171020507812,2.1078752859051706,normal
3.9996209386843864,21.86176300048828,2.1078752859051706,normal
3.387207680159596,-47.216033935546875,2.1078752859051706,normal
2.662365230317749,-8.1170654296875,2.1078752859051706,normal
0.059385095181439834,-18.93688201904297,2.6029801351363093,normal
5.010399378678905,-40.19783020019531,4.951014283497465,normal
4.836816736736791,-19.133262634277344,4.951014283497465,normal
5.907648819701557,-51.7694091796875,4.951014283497465,normal
4.885035825038674,-10.373382568359375,4.951014283497465,normal
3.840612782858569,-3.1259536743164062,4.951014283497465,normal
5.457975963683205,24.751625061035156,4.951014283497465,normal
3.7426343266552724,-61.963462829589844,4.951014283497465,normal
3.938267733914377,44.03114318847656,4.951014283497465,normal
3.0494052775171347,1.2458038330078125,4.951014283497465,normal
2.899092557628762,-3.4923934936523438,4.951014283497465,normal
2.865926784016254,25.562095642089844,4.951014283497465,normal
2.715083922017871,-33.946380615234375,4.951014283497465,normal
3.097200934329485,13.981132507324219,4.951014283497465,normal
2.6898298674009675,-5.437660217285156,4.951014283497465,normal
1.7692725568284347,-9.569892883300781,4.951014283497465,normal
1.0733487514331432,20.865211486816406,4.951014283497465,normal
0.12786408909678823,-19.25994873046875,4.951014283497465,normal
0.6103578645850445,-2.96356201171875,4.951014283497465,normal
1.8464892500062644,-35.82469940185547,4.951014283497465,normal
1.9807976854312879,-19.357452392578125,4.951014283497465,normal
1.9825318181547107,-37.12371826171875,4.951014283497465,normal
1.7259794429369955,-29.481353759765625,4.951014283497465,normal
2.9126415093225497,-28.438453674316406,4.951014283497465,normal
2.3289950969166875,-8.3074951171875,4.951014283497465,normal
2.0414239783601236,-22.198562622070312,4.951014283497465,normal
2.5267280958284672,-16.922836303710938,4.951014283497465,normal
2.426088300315725,-1.97662353515625,4.951014283497465,normal
2.3067270914460845,-21.113662719726562,4.951014283497465,normal
1.8687179098627784,9.6441650390625,4.951014283497465,normal
2.151437784275741,-4.515953063964844,4.951014283497465,normal
2.104343105591791,6.929740905761719,1.7153416370279322,normal
1.5119069743649525,18.950729370117188,1.7153416370279322,normal
1.3709357751765512,-9.534416198730469,1.7153416370279322,normal
0.6042366688854002,8.204727172851562,1.7153416370279322,normal
0.2542061779566796,-0.8824539184570312,1.7153416370279322,normal
1.175686911329211,-10.991134643554688,1.7153416370279322,normal
1.951693563025282,-6.644439697265625,1.23613138542122,normal
2.2912137382123694,-57.62077331542969,1.23613138542122,normal
2.5780488091325098,-18.738441467285156,1.23613138542122,normal
1.8972905928507056,-44.594879150390625,1.23613138542122,normal
1.532271327613865,-41.41502380371094,1.23613138542122,normal
1.8161772418292537,-1.7126083374023438,1.23613138542122,normal
2.598725007877935,-17.219467163085938,1.23613138542122,normal
2.6156377822880263,-15.151290893554688,1.23613138542122,normal
2.2519013461677715,-29.724655151367188,1.23613138542122,normal
2.3992734163298177,7.298583984375,1.23613138542122,normal
2.049379629101103,-8.386573791503906,1.23613138542122,normal
2.289573872517581,-14.046478271484375,1.23613138542122,normal
1.6888885980061108,-10.906562805175781,1.1866620663855543,normal
1.7248546123616992,2.4477767944335938,1.1866620663855543,normal
1.455348850078768,-25.573997497558594,1.1866620663855543,normal
2.2853610826112356,11.401634216308594,1.1866620663855543,normal
1.5864211880223793,-21.574745178222656,0.9214807333725314,normal
1.0333106513414159,-1.0393524169921875,0.9214807333725314,normal
0.592806240736006,-1.6989898681640625,0.9214807333725314,normal
1.647903797656713,3.2993316650390625,1.055097556920707,normal
0.2976908312945152,-48.23822021484375,1.3502129663621978,normal
0.7549124320986956,-46.48395538330078,1.3502129663621978,normal
1.170261575878731,-16.55811309814453,1.3502129663621978,normal
1.2386409788814763,-37.852935791015625,1.3502129663621978,normal
0.8100781972806175,-12.238311767578125,1.3502129663621978,normal
0.8867190045135461,-39.095306396484375,1.3502129663621978,normal
0.7762330816694066,-35.32825469970703,1.3502129663621978,normal
1.090225233822219,-40.225868225097656,1.3502129663621978,normal
0.6022899905360609,-24.426612854003906,1.3502129663621978,normal
0.6533409937316397,-23.722572326660156,1.3502129663621978,normal
0.23960079862414468,-25.18077850341797,1.3502129663621978,normal
0.06813776287436171,-3.116912841796875,1.3502129663621978,normal
0.07527928034878963,-1.7709732055664062,1.3502129663621978,normal
0.5916002435612265,7.756805419921875,1.3502129663621978,normal
0.3253785565632977,32.304725646972656,1.3502129663621978,normal
0.3387047243313112,6.150970458984375,1.3502129663621978,normal
0.83320842352963,-30.068607330322266,1.3502129663621978,normal
0.47033983557283016,5.392169952392578,1.3502129663621978,normal
0.027352602538632538,-16.826305389404297,1.3502129663621978,normal
0.3838958903855357,-21.680889129638672,1.3502129663621978,normal
0.16410216035818218,-44.20829772949219,1.3502129663621978,normal
0.0349126505583476,-48.6631965637207,1.3502129663621978,normal
1.0118982658382325,-55.94358444213867,1.3502129663621978,normal
0.6785936638026512,-66.77581787109375,1.3502129663621978,normal
1.2894084119083624,-8.966217041015625,1.3502129663621978,normal
1.3011692659862464,-38.816986083984375,1.3502129663621978,normal
1.3603046841583157,-46.266517639160156,1.3502129663621978,normal
0.9580402865239643,-10.276107788085938,1.3502129663621978,normal
1.8941062284852241,-12.012748718261719,1.3502129663621978,normal
1.6283834432950324,6.154804229736328,1.3502129663621978,normal
1.767900531175345,-34.626102447509766,0.9769856152798849,normal
1.2454438619916055,-17.284011840820312,0.9769856152798849,normal
1.512313426227947,3.0182647705078125,0.9769856152798849,normal
2.2634159299266585,-48.398094177246094,0.9769856152798849,normal
2.1360411877498415,25.678024291992188,0.9769856152798849,normal
2.5896046467669964,-5.063438415527344,0.9769856152798849,normal
4.216290253730743,-3.9667510986328125,1.6266856069637465,normal
3.9386102176601567,21.27971649169922,1.6266856069637465,normal
4.66481377897235,-23.042335510253906,1.6266856069637465,normal
5.883104772801113,-23.335533142089844,1.6266856069637465,normal
6.029733602517711,2.010955810546875,1.6266856069637465,normal
5.671500778940541,-98.96415710449219,1.6266856069637465,normal
6.059551311403552,-4.632453918457031,1.6266856069637465,normal
7.35645209566205,-0.4003143310546875,1.6266856069637465,normal
6.434195439702185,-9.726619720458984,1.6266856069637465,normal
7.02719464655872,-10.319766998291016,1.6266856069637465,normal
6.899270736342718,18.98357391357422,1.6266856069637465,normal
8.622477216275623,-58.020057678222656,1.7232064799329052,normal
7.496714267710809,22.651119232177734,1.7232064799329052,normal
7.1586595705339295,33.78164291381836,1.7232064799329052,normal
7.445089497443884,-29.145584106445312,1.7232064799329052,normal
8.736462089192035,17.148056030273438,1.7232064799329052,normal
10.437908312477736,-24.435882568359375,1.7232064799329052,normal
11.986282904397063,13.016281127929688,1.7232064799329052,normal
11.678255131596421,0.06740570068359375,1.7232064799329052,normal
12.463634297006363,30.318832397460938,1.7232064799329052,normal
12.465749977113731,-5.157279968261719,1.7232064799329052,normal
12.253608968598188,-49.098243713378906,1.7232064799329052,normal
12.779552979728319,55.801963806152344,1.7232064799329052,normal
12.730028477061865,-16.308631896972656,1.7232064799329052,normal
12.284677226546153,25.693016052246094,1.7232064799329052,normal
12.531904824239332,6.725807189941406,1.7232064799329052,normal
11.178587300001489,69.87321853637695,1.7232064799329052,normal
9.756800620052571,20.408935546875,1.7232064799329052,normal
9.354951008840434,28.414936065673828,1.7232064799329052,normal
8.131621165034804,34.68229293823242,1.7232064799329052,normal
8.704038588122966,-34.13383483886719,1.7232064799329052,normal
8.65617913124615,33.13825607299805,1.7232064799329052,normal
9.956651499540303,48.36078643798828,1.7232064799329052,normal
9.185331035416944,22.549781799316406,1.7232064799329052,normal
10.04933228551852,14.093284606933594,1.7232064799329052,normal
10.255918239037682,31.70013427734375,1.7232064799329052,normal
8.941595933584235,77.6510238647461,1.7232064799329052,normal
9.558559703879101,28.24024200439453,1.7232064799329052,normal
9.681694618726818,13.157501220703125,1.7232064799329052,normal
9.38122814841165,43.09610366821289,1.7232064799329052,normal
8.911032917545553,112.4842643737793,1.7232064799329052,normal
10.188111297262086,25.525360107421875,1.7014462232857017,normal
11.948581104627346,75.20965576171875,1.7604698073652596,normal
13.945630219353474,68.30120086669922,1.9970491147261278,normal
17.58094727313359,-9.563827514648438,3.635317053780115,normal
18.387860892100715,109.11930084228516,3.635317053780115,normal
21.406336467064854,-1.962432861328125,3.635317053780115,normal
24.351263094397453,-2.677459716796875,3.635317053780115,normal
26.661965049995786,90.73047637939453,3.635317053780115,normal
30.654444372009905,78.68362426757812,3.9924793220141197,normal
32.841055546467935,75.08995056152344,3.9924793220141197,normal
33.66050516059891,69.01702880859375,3.9924793220141197,normal
36.54910776320742,83.02539825439453,3.9924793220141197,normal
40.47320308141516,-6.987190246582031,3.9924793220141197,normal
44.27347063181484,96.65565490722656,3.9924793220141197,normal
48.201822832655495,45.49449920654297,3.9924793220141197,normal
50.18506763947374,121.5311050415039,3.9924793220141197,normal
53.952961036962726,94.97119903564453,3.9924793220141197,normal
54.280530501793976,38.404197692871094,3.9924793220141197,normal
60.50259680420694,79.13463592529297,6.222066302412962,normal
61.514776814038576,41.63898468017578,6.222066302412962,normal
66.81862722988635,147.94601440429688,6.222066302412962,normal
75.16730972129673,107.59025573730469,8.348682491410386,normal
80.26800614806908,121.81869506835938,8.348682491410386,normal
86.10227049542361,91.43074035644531,8.348682491410386,normal
88.69035425508275,111.87103271484375,8.348682491410386,normal
85.16811026073391,8.129768371582031,8.348682491410386,normal
84.98923355697713,7.989349365234375,8.348682491410386,normal
85.18188598608249,70.2762222290039,8.348682491410386,normal
84.77736194822566,15.618553161621094,8.348682491410386,normal
84.348311756124,-4.723091125488281,8.348682491410386,normal
83.18702429128236,2.1295166015625,8.348682491410386,normal
83.03767424258855,-18.789596557617188,8.348682491410386,normal
84.64651196282807,-25.421218872070312,8.348682491410386,normal
84.75013065802794,53.73435974121094,8.348682491410386,normal
86.0538291361865,-24.07470703125,8.348682491410386,normal
85.79432049684725,4.586219787597656,8.348682491410386,normal
87.57163293694524,-19.592056274414062,8.348682491410386,normal
89.61377954625483,-29.6832275390625,8.348682491410386,normal
89.647191077507,10.634193420410156,8.348682491410386,normal
89.93618194172458,-75.34538269042969,8.348682491410386,normal
83.91063436968393,-56.898193359375,8.348682491410386,normal
78.44587425770277,-42.368202209472656,8.348682491410386,normal
78.02712449776213,-29.683914184570312,8.348682491410386,normal
73.12753478633839,-150.04657745361328,8.348682491410386,normal
71.8533760497327,-20.54088592529297,8.348682491410386,normal
66.91905181747279,-30.46966552734375,8.348682491410386,normal
64.09998377623305,-127.02484130859375,8.348682491410386,normal
59.05156141954858,-73.2571792602539,8.348682491410386,normal
56.305420985805945,-133.22662353515625,8.348682491410386,normal
54.77076867621172,-44.46521759033203,8.348682491410386,normal
47.561231315825886,-132.91397094726562,8.348682491410386,normal
45.932277377732746,-128.12118530273438,7.209537360385838,normal
42.78903579273169,-83.32225799560547,7.209537360385838,normal
39.454445755082475,-81.6592025756836,7.209537360385838,normal
37.46450266193479,-110.88844299316406,7.209537360385838,normal
33.815617686950866,-77.87818908691406,7.209537360385838,normal
32.68354052266313,-105.4983901977539,7.209537360385838,normal
30.75550182474256,-68.2650375366211,7.209537360385838,normal
28.692506906259798,-64.486083984375,7.209537360385838,normal
27.71568453442884,-60.23906707763672,7.209537360385838,normal
26.574439765437916,-95.06515502929688,7.209537360385838,normal
24.083754461289526,-41.59086227416992,7.209537360385838,normal
20.241585038348582,-23.480758666992188,7.209537360385838,normal
19.1874939759615,-2.1224212646484375,7.209537360385838,normal
14.479290487536554,-26.973724365234375,7.209537360385838,normal
12.707728669344856,-24.779090881347656,7.209537360385838,normal
10.719150844955832,1.2908363342285156,7.209537360385838,normal
8.86789478037237,-43.268795013427734,7.209537360385838,normal
7.1383428421601085,-2.7507591247558594,7.209537360385838,normal
5.107178280310648,-17.611713409423828,7.209537360385838,normal
4.16752920995608,-22.274837493896484,7.209537360385838,normal
3.7654793454082625,-28.23577880859375,7.209537360385838,normal
2.816678556415514,12.522525787353516,7.209537360385838,normal
1.3554830810682927,16.095829010009766,7.209537360385838,normal
0.2742381761814192,-3.1751632690429688,7.209537360385838,normal
0.18054814729549382,-4.353389739990234,7.209537360385838,normal
0.5962018546682567,11.155643463134766,7.209537360385838,normal
2.837963549449183,0.0,0.0,normal
0.7772807646472348,-15.494613647460938,2.0606827848019478,normal
0.18683477680794347,50.633697509765625,2.0606827848019478,normal
0.18226977677915562,-12.611045837402344,2.0606827848019478,normal
1.264221629033024,7.915306091308594,2.0606827848019478,normal
0.6764148068288939,-46.35406494140625,2.0606827848019478,normal
1.183325947836177,76.91619873046875,2.0606827848019478,normal
0.39407881708301046,18.389854431152344,2.0606827848019478,normal
1.199049507249423,13.066635131835938,2.0606827848019478,normal
1.0706165584577128,13.577384948730469,2.0606827848019478,normal
1.2358837054491438,-13.840484619140625,2.0606827848019478,normal
0.9805041721704852,-20.72662353515625,2.0606827848019478,normal
2.0367633845638005,11.962051391601562,2.0606827848019478,normal
1.5660328182987748,-19.64447021484375,2.0606827848019478,normal
1.3148403695291468,19.528541564941406,2.0606827848019478,normal
0.24940666712863266,-8.794326782226562,2.0606827848019478,normal
0.6779348231521178,-19.2425537109375,2.0606827848019478,normal
0.15081339805181637,-46.26514434814453,2.0606827848019478,normal
0.6134239867465112,14.099235534667969,2.0606827848019478,normal
0.1743864473541919,-62.30094909667969,2.0606827848019478,normal
0.8277852291446579,-11.893272399902344,2.0606827848019478,normal
0.8025165635207695,-39.56565856933594,2.0606827848019478,normal
0.268292569813185,-16.654586791992188,2.0606827848019478,normal
0.2445642652974226,12.53448486328125,2.0606827848019478,normal
0.7657061773906945,-2.1337509155273438,2.0606827848019478,normal
0.1331517864011541,13.561248779296875,2.0606827848019478,normal
0.21574197926418726,-1.8803787231445312,2.0606827848019478,normal
0.2889796331180064,-13.39508056640625,2.0606827848019478,normal
0.06437557980808124,13.276290893554688,2.0606827848019478,normal
0.5197450525069487,1.2714385986328125,2.0606827848019478,normal
0.9891047367761535,-14.66583251953125,2.0606827848019478,normal
1.289844798423578,-11.673660278320312,1.0819518522538683,normal
1.2646717392691806,-24.65423583984375,1.0819518522538683,normal
1.4849276896825483,-37.37194061279297,1.0819518522538683,normal
1.7052861446819838,-30.633773803710938,1.0654337024005143,normal
1.4428447683691719,-47.93724060058594,1.0654337024005143,normal
1.5597834662410672,-16.51691436767578,1.0654337024005143,normal
1.7114383886350164,-19.803543090820312,1.0654337024005143,normal
1.5303261141055418,-14.769744873046875,1.0654337024005143,normal
1.5617589168385009,-24.78961944580078,1.0654337024005143,normal
1.5191251008576707,-6.432380676269531,1.0654337024005143,normal
2.0338911106692583,-14.654731750488281,1.0654337024005143,normal
2.063389819447894,10.40313720703125,1.0654337024005143,normal
1.7979069250980686,-10.806884765625,1.0654337024005143,normal
1.716224252771912,-2.85369873046875,1.0654337024005143,normal
1.7448946737583868,-9.516792297363281,0.6533987817904661,normal
1.448066041169348,1.0964584350585938,0.6533987817904661,normal
1.417029517877604,1.47308349609375,0.6533987817904661,normal
0.9303400178726651,8.754043579101562,0.6533987817904661,normal
0.5713082720830714,-16.04827880859375,0.6533987817904661,normal
0.38462804805800854,2.7089309692382812,0.6325543909895404,normal
1.1328751907095531,-14.719734191894531,0.7482471426515446,normal
1.3357107084873137,-28.281326293945312,0.7482471426515446,normal
0.977711201779323,-28.659439086914062,0.7482471426515446,normal
0.1909502013566371,-30.091209411621094,0.7867610004226859,normal
0.9072766507692508,-57.1783447265625,0.7867610004226859,normal
0.8976014276172337,-45.52345275878906,0.7867610004226859,normal
0.7591486231099294,11.843605041503906,0.7867610004226859,normal
1.6756626162514519,-37.750511169433594,0.9165139931415225,normal
1.684949875564838,-11.124343872070312,0.9165139931415225,normal
0.8368069623101251,-4.110603332519531,0.9165139931415225,normal
0.13411862066017888,-16.816864013671875,0.9165139931415225,normal
0.20161174894182488,23.686981201171875,0.9165139931415225,normal
0.6350237360960396,-45.94367980957031,0.9165139931415225,normal
0.3475030834340754,-56.25629425048828,0.9165139931415225,normal
0.6126790645912478,42.803192138671875,0.9165139931415225,normal
1.6381705417401282,-64.10762786865234,1.0254914771488806,normal
1.705183956056193,-8.773155212402344,1.0254914771488806,normal
1.46488415477942,21.36119842529297,1.0254914771488806,normal
1.9962638149663778,-29.22088623046875,1.0254914771488806,normal
2.5583201160494933,33.70170593261719,1.0254914771488806,normal
2.1558643091796745,8.118896484375,1.0254914771488806,normal
1.167054367366537,-58.14445495605469,1.0254914771488806,normal
3.987333153177515,16.462440490722656,2.820278785810978,normal
0.7945118905819892,-59.758644104003906,3.192821262595526,normal
2.2512348388251997,-56.09550476074219,3.192821262595526,normal
2.0889587802488827,-25.410804748535156,3.192821262595526,normal
2.198420948830953,-50.63936233520508,3.192821262595526,normal
1.6216859323142114,-12.773551940917969,3.192821262595526,normal
2.0635603093798234,-20.544204711914062,3.192821262595526,normal
1.7734795647304293,59.93082046508789,3.192821262595526,normal
0.882928492032051,3.9010047912597656,3.192821262595526,normal
0.06182160061199807,-0.5583000183105469,3.192821262595526,normal
0.5199977925513051,46.38090133666992,3.192821262595526,normal
1.2169453995120285,-15.76303482055664,3.192821262595526,normal
0.5235014112636124,19.909744262695312,3.192821262595526,normal
1.7232717986998007,34.11048889160156,3.192821262595526,normal
3.4519930203007654,-16.07259750366211,3.192821262595526,normal
4.190991490970848,43.601131439208984,3.192821262595526,normal
5.679267897754439,32.54281997680664,3.192821262595526,normal
6.446135579481724,69.86223220825195,3.192821262595526,normal
7.873730608151245,15.438079833984375,3.192821262595526,normal
9.38484621882296,72.62901306152344,3.192821262595526,normal
11.089860796691768,52.24994659423828,3.192821262595526,normal
11.446795643285316,15.796279907226562,3.192821262595526,normal
13.064221554000422,49.384803771972656,3.192821262595526,normal
14.24763328792605,56.99363708496094,3.192821262595526,normal
15.172210001874431,62.09770202636719,3.192821262595526,normal
15.664814235093315,43.32069396972656,3.192821262595526,normal
16.17780605312147,33.86924743652344,3.192821262595526,normal
16.93415607101599,58.621673583984375,3.192821262595526,normal
17.50585553970705,50.117225646972656,3.192821262595526,normal
16.690450286866945,47.115325927734375,3.192821262595526,normal
15.8830126194716,58.08380126953125,3.192821262595526,normal
15.923660731119911,47.10582733154297,1.7287212216009646,normal
16.3685842121498,42.299652099609375,1.7287212216009646,normal
16.45201245435204,66.07612609863281,1.7287212216009646,normal
15.877007964784058,87.41935729980469,1.7287212216009646,normal
14.489320646710613,58.57646942138672,1.7287212216009646,normal
13.35161580965581,93.07079315185547,1.7287212216009646,normal
13.05762264822848,40.67058563232422,1.7287212216009646,normal
11.825368030206887,90.18756866455078,1.7287212216009646,normal
11.440818575513672,80.9542465209961,1.7287212216009646,normal
9.975872689436807,51.392669677734375,1.7287212216009646,normal
9.565003745226718,61.51039123535156,1.7287212216009646,normal
9.049017301008057,61.31858825683594,1.7287212216009646,normal
8.249352236524272,43.9544677734375,1.7287212216009646,normal
7.382476804065952,71.28524780273438,1.705014577868809,normal
6.4025523657557,61.986351013183594,1.705014577868809,normal
4.515645906096524,104.58824157714844,1.8869064596591762,normal
5.300284077201605,65.67638397216797,1.8869064596591762,normal
3.5928168717327145,54.23480987548828,1.8869064596591762,normal
3.9487677533398053,91.18331909179688,1.8869064596591762,normal
3.2054241882971137,67.25589752197266,1.8869064596591762,normal
1.6963300613027879,84.47284698486328,1.8869064596591762,normal
0.33791455714436297,41.113929748535156,1.8869064596591762,normal
0.94486407787194,46.84467315673828,1.8869064596591762,normal
0.17726280129929792,56.54502868652344,1.8869064596591762,normal
0.5092398143476864,68.27133178710938,1.8869064596591762,normal
0.24824510527235877,35.780296325683594,1.8869064596591762,normal
0.43529254258389916,56.90643310546875,1.8869064596591762,normal
0.3831921517598276,32.12390899658203,1.8869064596591762,normal
0.9064749858510405,50.48572540283203,1.8869064596591762,normal
1.0849743475974294,52.60894775390625,1.8869064596591762,normal
0.7240210640585211,36.68506622314453,1.8869064596591762,normal
0.5465659942375176,-21.225013732910156,1.8869064596591762,normal
0.2145893373132072,7.340583801269531,1.8869064596591762,normal
0.0029491621413805127,-1.7626190185546875,1.8869064596591762,normal
0.9851146917324051,13.539848327636719,1.8869064596591762,normal
1.6435901458193458,6.092948913574219,1.8869064596591762,normal
1.3580016336013105,42.976112365722656,1.8869064596591762,normal
1.046166924488601,-45.57975769042969,1.8869064596591762,normal
1.473368026587159,15.512580871582031,1.8869064596591762,normal
1.0743613823027596,-23.86676788330078,1.8869064596591762,normal
0.7719496373742688,21.914520263671875,1.8869064596591762,normal
0.18167521947238258,46.92089080810547,1.8869064596591762,normal
1.1113579530560325,1.8249893188476562,1.8869064596591762,normal
1.5710001612369016,-17.631797790527344,1.8869064596591762,normal
0.3632216836306711,31.084671020507812,1.8869064596591762,normal
1.3914126354478342,-6.596260070800781,1.7074672054688902,normal
0.9515672859169232,33.20159912109375,1.7074672054688902,normal
1.903904930556389,5.980567932128906,1.5090941269943259,normal
1.293421787077701,0.050811767578125,1.5090941269943259,normal
0.6207082581837048,23.49334716796875,1.5090941269943259,normal
1.9555647026955287,10.658454895019531,1.358415504158425,normal
1.8334029548352866,-18.014144897460938,1.334856444511824,normal
1.5339477850100813,6.283836364746094,1.334856444511824,normal
1.255089827700364,-1.1804580688476562,1.334856444511824,normal
1.689654194702546,5.19012451171875,1.334856444511824,normal
1.3303794110056302,-22.33692169189453,1.334856444511824,normal
1.778494206423276,-1.2027740478515625,1.334856444511824,normal
1.6976103821132376,-13.993034362792969,1.334856444511824,normal
1.8138237541741125,36.62853240966797,1.334856444511824,normal
1.5172319160624155,-30.741233825683594,1.334856444511824,normal
2.1400363360783996,11.16851806640625,1.334856444511824,normal
2.0834196153879425,10.660972595214844,1.334856444511824,normal
1.9293115255075002,12.205810546875,1.334856444511824,normal
1.2252798807629177,-17.172775268554688,1.334856444511824,normal
2.0222992715332246,-3.3890533447265625,1.334856444511824,normal
1.3480246886549476,-12.464332580566406,1.334856444511824,normal
1.5180211582720644,6.105766296386719,1.334856444511824,normal
1.1170855158201702,-35.577735900878906,1.334856444511824,normal
0.43010272931770166,-4.3325042724609375,1.334856444511824,normal
0.29902960645987386,-12.957229614257812,1.334856444511824,normal
0.6654736443829473,-29.43889617919922,1.334856444511824,normal
0.30317162657199564,10.744972229003906,1.334856444511824,normal
0.7756917530762347,1.934967041015625,1.334856444511824,normal
0.5091437866081997,-24.782180786132812,1.334856444511824,normal
0.49972489005475573,-20.69194793701172,1.334856444511824,normal
0.04973931624161865,47.741432189941406,1.334856444511824,normal
5.2906865245281605,0.0,0.0,normal
4.133823266709755,45.898590087890625,1.1568632578184053,normal
5.054316511200177,-44.78759765625,1.1568632578184053,normal
2.058697015197602,-39.65721130371094,2.9956194960025755,normal
2.488887119691474,26.104888916015625,2.9956194960025755,normal
2.631195327024166,22.404441833496094,2.9956194960025755,normal
3.6219833235616825,8.209991455078125,2.9956194960025755,normal
2.5992613828234337,9.688224792480469,2.9956194960025755,normal
1.865593233805074,-11.7132568359375,2.9956194960025755,normal
0.6303627044308839,-31.73938751220703,2.9956194960025755,normal
0.7320352367972637,4.783973693847656,2.9956194960025755,normal
1.2637754529688967,-24.799346923828125,2.9956194960025755,normal
0.9010031406866288,-18.439064025878906,2.9956194960025755,normal
0.5465924829930848,-5.403099060058594,2.9956194960025755,normal
1.847062211384152,24.306106567382812,2.9956194960025755,normal
3.3636006989596976,2.7413177490234375,2.9956194960025755,normal
2.8841724677654046,-16.653099060058594,2.9956194960025755,normal
3.6686106307145216,6.795501708984375,2.9956194960025755,normal
2.7879146285865435,-31.38896942138672,2.9956194960025755,normal
2.8890619051467397,-11.950035095214844,2.9956194960025755,normal
3.250774496506,-6.382598876953125,2.9956194960025755,normal
2.3378462715146036,-16.74419403076172,2.9956194960025755,normal
1.7900937974787876,19.166908264160156,2.9956194960025755,normal
1.4579691935376244,-8.890228271484375,2.9956194960025755,normal
1.1457120753239807,-17.28046417236328,2.9956194960025755,normal
1.898800347710198,-21.54144287109375,2.9956194960025755,normal
0.691412137256487,6.148796081542969,2.9956194960025755,normal
0.3666653715237168,15.193977355957031,2.9956194960025755,normal
0.49916732973802747,3.5373687744140625,2.9956194960025755,normal
0.687510468992711,-2.894439697265625,2.9956194960025755,normal
1.541257813216801,-2.28973388671875,2.9956194960025755,normal
2.459715445987681,-0.28209686279296875,2.9956194960025755,normal
3.420587424996669,14.105758666992188,2.9956194960025755,normal
4.100989121687865,-23.29021453857422,1.5165384875755457,normal
5.167352204453074,-46.922607421875,1.5165384875755457,normal
5.862499300299852,-36.59717559814453,1.5165384875755457,normal
5.078517790359821,-32.86216735839844,1.5165384875755457,normal
4.839682347374946,-32.87178039550781,1.5165384875755457,normal
4.92163600878714,-17.49401092529297,1.5165384875755457,normal
5.280553749481272,-15.421257019042969,1.5165384875755457,normal
5.920755838245906,-2.41790771484375,1.5165384875755457,normal
5.087560765769465,-33.932533264160156,1.5165384875755457,normal
5.2954250556651195,-15.861053466796875,1.5165384875755457,normal
4.863350585299774,-0.3101348876953125,1.5165384875755457,normal
4.784424208326036,16.435546875,1.5165384875755457,normal
4.449092709894601,-1.8911361694335938,1.207388210453711,normal
3.6446000370369065,-13.729248046875,1.207388210453711,normal
3.666704410032817,-4.0917205810546875,1.207388210453711,normal
2.7671837693729753,-27.955398559570312,1.207388210453711,normal
2.6498435089089174,-10.194625854492188,1.207388210453711,normal
2.1032831599248905,2.2057342529296875,1.207388210453711,normal
2.5073482517811145,-31.15447998046875,1.207388210453711,normal
2.4211609414645974,-36.65061950683594,1.207388210453711,normal
2.714508794867765,-21.620407104492188,1.207388210453711,normal
2.871500982346256,-17.832412719726562,1.207388210453711,normal
2.4368438280347084,-21.755905151367188,1.207388210453711,normal
1.801341464637332,-37.230262756347656,1.0663630827652089,normal
0.1324204208655208,-40.59654235839844,1.6689210437718112,normal
0.3565013731695907,-11.257667541503906,1.6689210437718112,normal
0.07042947813303212,8.943443298339844,1.6689210437718112,normal
0.9624537144094061,-13.471412658691406,1.6689210437718112,normal
0.1945210268987901,17.037620544433594,1.6689210437718112,normal
0.27626943081447997,-36.895408630371094,1.6689210437718112,normal
1.2309347281268848,18.76636505126953,1.6689210437718112,normal
1.3332835419666487,1.7107772827148438,1.6689210437718112,normal
1.2572261189803677,-7.732658386230469,1.6689210437718112,normal
1.205667248865824,-8.242378234863281,1.6689210437718112,normal
1.4056093930210745,-7.7341461181640625,1.6689210437718112,normal
1.5720550057020164,-8.794326782226562,1.6689210437718112,normal
1.760961878323725,-30.272598266601562,1.6689210437718112,normal
0.6017181048707768,-27.893600463867188,1.6689210437718112,normal
0.8223432270240696,-45.017967224121094,1.6689210437718112,normal
0.5617916412780566,-40.197601318359375,1.6689210437718112,normal
1.1390039078960021,-84.09416198730469,1.6689210437718112,normal
1.8948000255505462,-10.909767150878906,1.6689210437718112,normal
0.8553503353990745,-11.562080383300781,1.6689210437718112,normal
0.7361682939997024,5.9278106689453125,1.6689210437718112,normal
0.3731943968159573,-12.238426208496094,1.6689210437718112,normal
0.23530814059288457,-43.822059631347656,1.6689210437718112,normal
0.8320402417940677,30.30384063720703,1.6689210437718112,normal
0.4448879311167323,-6.216773986816406,1.6689210437718112,normal
1.3901148498218032,38.542442321777344,1.6689210437718112,normal
1.9334254131008488,21.16619110107422,1.6689210437718112,normal
1.8424694327873656,11.466522216796875,1.6689210437718112,normal
2.654394867028215,57.17639923095703,1.6689210437718112,normal
2.134243804289265,-11.019973754882812,1.6689210437718112,normal
2.5334693966601285,-56.71588897705078,1.6689210437718112,normal
2.901875454561378,5.626029968261719,1.1592437734529484,normal
2.8847709402020194,21.70085906982422,1.1592437734529484,normal
2.3319174928125426,-12.673416137695312,1.1592437734529484,normal
1.5091504566692007,-3.9199447631835938,1.1592437734529484,normal
1.1056813455788963,-18.739700317382812,1.1592437734529484,normal
0.2502735490209402,-13.297348022460938,1.1592437734529484,normal
0.23117199019770698,31.015663146972656,1.1592437734529484,normal
0.7327052963546216,24.70012664794922,1.1592437734529484,normal
1.6486057940739929,29.692039489746094,1.1592437734529484,normal
2.247665941159754,25.01140594482422,1.1592437734529484,normal
3.3450874943273923,49.62696075439453,1.1592437734529484,normal
4.5823692879040285,33.68305206298828,1.2372817935766363,normal
5.460187286480149,66.96578979492188,1.2372817935766363,normal
6.785435852965058,10.0634765625,1.325248566484909,normal
7.536986364277795,55.47077178955078,1.325248566484909,normal
8.96000098375607,24.15058135986328,1.4230146194782742,normal
10.595425806655705,72.95551300048828,1.635424822899635,normal
11.26783370622341,24.092674255371094,1.635424822899635,normal
11.840759314991114,64.47933197021484,1.635424822899635,normal
11.393776647144682,68.81824493408203,1.635424822899635,normal
12.69723314178371,22.76470184326172,1.635424822899635,normal
12.940194067732145,85.24520874023438,1.635424822899635,normal
12.294827913353055,57.96638488769531,1.635424822899635,normal
11.567734102610459,57.720909118652344,1.635424822899635,normal
11.128846027375051,46.379127502441406,1.635424822899635,normal
11.236629667197779,99.77554321289062,1.635424822899635,normal
10.621126040690445,71.16336822509766,1.635424822899635,normal
9.167525361287163,71.38916015625,1.635424822899635,normal
8.82545583576817,54.3621826171875,1.635424822899635,normal
8.881719764731196,76.17130279541016,1.635424822899635,normal
7.856644689540949,70.22598266601562,1.635424822899635,normal
7.934933744241649,92.75413513183594,1.635424822899635,normal
6.746553913273975,56.86180114746094,1.635424822899635,normal
6.435744966812907,79.40265655517578,1.635424822899635,normal
5.019068894808734,80.3371810913086,1.635424822899635,normal
4.9476196426266466,44.19914245605469,1.635424822899635,normal
3.789036332074015,52.92835235595703,1.635424822899635,normal
1.9099991711136655,101.17000579833984,1.8790371609603493,normal
0.1123494439252114,58.396453857421875,1.8790371609603493,normal
0.5250651863489822,102.2244644165039,1.8790371609603493,normal
0.7871078251270227,77.0383071899414,1.8790371609603493,normal
1.1939281269115025,68.3932113647461,1.8790371609603493,normal
1.4177279268709397,89.4228744506836,1.8790371609603493,normal
0.8238251608047839,45.985679626464844,1.8790371609603493,normal
0.4104003415212917,51.18186950683594,1.8790371609603493,normal
1.9272094210290716,26.69483184814453,1.8790371609603493,normal
2.0640876343479313,33.73466491699219,1.8790371609603493,normal
2.4455695672011424,18.275413513183594,1.8790371609603493,normal
2.1472207183020773,53.722572326660156,1.8790371609603493,normal
1.7926484352468468,6.373786926269531,1.8790371609603493,normal
2.311600179315747,19.01744842529297,1.8790371609603493,normal
3.0794130726489084,15.252227783203125,1.8790371609603493,normal
1.4358607726093662,32.62470245361328,1.8790371609603493,normal
1.454577618811927,15.916328430175781,1.8790371609603493,normal
2.0640655253777016,17.70435333251953,1.8790371609603493,normal
2.498973600947348,-21.101303100585938,1.8790371609603493,normal
2.933438459752908,32.975807189941406,1.8790371609603493,normal
1.5987541886171848,-21.763916015625,1.8790371609603493,normal
1.533449252505424,31.182861328125,1.8790371609603493,normal
1.9418527359302376,46.864585876464844,1.8790371609603493,normal
0.729582748874998,38.58386993408203,1.8790371609603493,normal
0.5097357356665946,-7.2081756591796875,1.8790371609603493,normal
1.2498167525637252,0.383148193359375,1.8790371609603493,normal
0.32246420098875345,28.42815399169922,1.8790371609603493,normal
0.24737267542400646,5.8536529541015625,1.8790371609603493,normal
1.1085439184963255,-54.577674865722656,1.8790371609603493,normal
0.6485279172180828,39.228858947753906,1.8790371609603493,normal
0.45681889100195205,-25.35003662109375,1.7976497271884542,normal
0.7864411707248332,-11.822547912597656,1.6435523000395422,normal
0.40676965569986856,65.73348999023438,1.6435523000395422,normal
1.217210813636326,31.58649444580078,1.6435523000395422,normal
1.3836976426892633,-36.737022399902344,1.6435523000395422,normal
1.1384431748894206,0.7816314697265625,1.6435523000395422,normal
0.5683486697909128,-7.711944580078125,1.6435523000395422,normal
1.092758467125507,-35.152244567871094,1.6435523000395422,normal
0.7370735459729856,1.50421142578125,1.6435523000395422,normal
0.8830821240363668,-13.491439819335938,1.6435523000395422,normal
1.5812575277609815,-7.952613830566406,1.6435523000395422,normal
0.8703673827661718,-24.60948944091797,1.6435523000395422,normal
1.1508432759262268,17.12848663330078,1.6435523000395422,normal
0.3102313499893171,-15.696487426757812,1.6435523000395422,normal
0.15739948426972528,8.419189453125,1.6435523000395422,normal
0.2455743146462026,26.501197814941406,1.3346842711357232,normal
0.2209331522142988,-22.582740783691406,1.3346842711357232,normal
0.8689820543512875,-16.97124481201172,1.3346842711357232,normal
2.797361394551998,0.0,0.0,normal
2.682771431609186,-26.824951171875,0.1145899629428122,normal
2.963656618624162,-32.005577087402344,0.280885187014976,normal
1.859950707110461,-12.661628723144531,1.103705911513701,normal
1.820695983149132,-12.746543884277344,1.103705911513701,normal
2.6401438550010816,-1.773834228515625,1.103705911513701,normal
2.0935039056184293,3.0558013916015625,1.103705911513701,normal
2.2124199745089737,-10.751953125,1.103705911513701,normal
2.573771155333606,4.580039978027344,1.103705911513701,normal
2.5278740873379344,15.988655090332031,1.103705911513701,normal
2.2899097743507255,-1.8156051635742188,1.103705911513701,normal
2.215241971355241,-5.749969482421875,1.103705911513701,normal
2.044980787455411,-6.5716552734375,1.103705911513701,normal
2.447903594849574,5.7440185546875,1.103705911513701,normal
1.3709528437232503,-28.073158264160156,1.103705911513701,normal
0.8536097150726865,-27.33226776123047,1.103705911513701,normal
0.7078093730297355,-47.47821807861328,1.103705911513701,normal
1.4631138617769333,-21.192970275878906,1.103705911513701,normal
1.2867443826431137,-9.658012390136719,1.103705911513701,normal
1.149177249829692,-27.296791076660156,1.103705911513701,normal
0.6268462177511006,-36.573143005371094,1.103705911513701,normal
0.5148471909853282,-13.615493774414062,1.103705911513701,normal
0.10553074247239372,-9.584541320800781,1.103705911513701,normal
0.10716002728580763,-25.906906127929688,1.103705911513701,normal
0.03237516735474557,-10.338020324707031,1.103705911513701,normal
0.3525114480948311,-10.099411010742188,1.103705911513701,normal
0.3320385123568027,2.2838973999023438,1.103705911513701,normal
0.4790193585220425,-6.944389343261719,1.103705911513701,normal
0.6402565346252395,8.850288391113281,1.103705911513701,normal
1.212113190654368,-5.902748107910156,1.103705911513701,normal
1.6548794038133394,5.0319671630859375,1.103705911513701,normal
1.713678768033321,-39.999046325683594,1.103705911513701,normal
2.2511123686140957,-9.497337341308594,1.103705911513701,normal
2.2979005215807966,-14.608955383300781,1.0769507511263239,normal
2.536237477526987,-38.433494567871094,1.0769507511263239,normal
2.1666906979738214,-48.11817169189453,1.0769507511263239,normal
2.4500155134988417,-14.015007019042969,1.0769507511263239,normal
2.2413728572310188,-50.3521728515625,1.0769507511263239,normal
1.39471448547464,-52.70599365234375,1.0769507511263239,normal
2.121712573249664,-6.253166198730469,1.0769507511263239,normal
2.053932155932112,-38.29032897949219,1.0769507511263239,normal
2.4304742353607955,-28.811302185058594,1.0769507511263239,normal
1.5953531771313676,-10.307464599609375,1.0769507511263239,normal
1.5691167894182692,-13.666305541992188,1.0769507511263239,normal
1.4757348658997893,-5.1596832275390625,0.8466583717563787,normal
0.8891942241864793,18.852882385253906,0.8466583717563787,normal
1.0382375453565131,-7.660102844238281,0.8466583717563787,normal
0.8199570287684873,-14.870796203613281,0.8466583717563787,normal
0.5939649743832458,32.71522521972656,0.8466583717563787,normal
0.5367592480639233,-6.753273010253906,0.8466583717563787,normal
0.4008221133176347,-25.830459594726562,0.8466583717563787,normal
0.5482878333566845,-14.760932922363281,0.8466583717563787,normal
0.41616926373035906,-40.45166015625,0.8466583717563787,normal
0.07435731938430273,-34.94121551513672,0.8466583717563787,normal
0.44763431680365534,-37.57610321044922,0.8466583717563787,normal
0.9719272718940256,-33.47860336303711,0.8466583717563787,normal
1.1447189147388486,-58.68598937988281,0.8466583717563787,normal
0.6420547516300183,-48.76413345336914,0.8466583717563787,normal
0.4527151958112689,-14.597396850585938,0.8466583717563787,normal
0.030555368379038553,-22.359294891357422,0.8466583717563787,normal
0.11720095098145139,-47.68232345581055,0.8466583717563787,normal
0.24022990035638336,2.4676895141601562,0.8466583717563787,normal
0.1928030882591536,-27.410717010498047,0.8466583717563787,normal
0.2672103940378404,-17.237262725830078,0.8466583717563787,normal
0.13089704596582022,-20.444812774658203,0.8466583717563787,normal
0.17664081670168286,-14.917831420898438,0.8466583717563787,normal
0.6335639451346479,24.253177642822266,0.8466583717563787,normal
0.34825166902878896,-38.62815856933594,0.8466583717563787,normal
1.2118329640589949,-34.748382568359375,0.863581295030206,normal
1.906151191067293,11.087493896484375,0.863581295030206,normal
2.465530919192779,-8.61602783203125,0.863581295030206,normal
3.0709132805910313,1.8238449096679688,0.863581295030206,normal
4.362771568703736,-19.170799255371094,1.2918582881127048,normal
4.595900707023851,-19.323577880859375,1.2918582881127048,normal
4.78431567702952,-68.56962203979492,1.2918582881127048,normal
4.466744182345126,-9.14560317993164,1.2918582881127048,normal
5.892937496502978,-0.07781982421875,1.4261933141578522,normal
6.684921789342778,-59.227867126464844,1.4261933141578522,normal
7.569930018201339,-43.575096130371094,1.4261933141578522,normal
7.211133021616653,10.631675720214844,1.4261933141578522,normal
7.22635336129122,-41.27403259277344,1.4261933141578522,normal
7.494076056536025,-29.67853546142578,1.4261933141578522,normal
7.968057142209954,-48.18157196044922,1.4261933141578522,normal
7.7283072959370385,6.801910400390625,1.4261933141578522,normal
7.055774525822235,-5.258216857910156,1.4261933141578522,normal
7.840758990411554,-8.813667297363281,1.4261933141578522,normal
8.961392242729222,-1.2225723266601562,1.4261933141578522,normal
9.20873477305733,-40.98838806152344,1.4261933141578522,normal
9.671452104249697,-3.1717300415039062,1.4261933141578522,normal
9.169664729742458,-0.5728912353515625,1.4261933141578522,normal
9.948808627461723,39.37774658203125,1.4261933141578522,normal
11.5394640066214,-5.294837951660156,1.590655379159676,normal
13.789377359446576,-17.404346466064453,2.2499133528251765,normal
15.104700949567826,13.48663330078125,2.2499133528251765,normal
16.200277650072223,51.556148529052734,2.2499133528251765,normal
18.341412371548753,26.821517944335938,2.2499133528251765,normal
21.20307920164837,56.19993209838867,2.861666830099619,normal
23.09749858721929,-42.84467697143555,2.861666830099619,normal
23.937123920577875,55.326805114746094,2.861666830099619,normal
27.56307642100105,13.12185287475586,3.6259525004231747,normal
30.97345596956724,68.68875503540039,3.6259525004231747,normal
33.65244767406485,24.105262756347656,3.6259525004231747,normal
35.6705903706648,115.1308822631836,3.6259525004231747,normal
33.197455290082964,156.0567855834961,3.6259525004231747,normal
38.79044004506902,7.242164611816406,5.592984754986055,normal
39.919309430746154,122.72415161132812,5.592984754986055,normal
41.63823716272926,91.4974594116211,5.592984754986055,normal
42.75045147858753,50.25993347167969,5.592984754986055,normal
44.47842298878114,136.96861267089844,5.592984754986055,normal
44.06595472626333,135.86929321289062,5.592984754986055,normal
45.28281111622037,69.12757873535156,5.592984754986055,normal
47.348548336141334,106.74945831298828,5.592984754986055,normal
46.61732843160798,83.65768432617188,5.592984754986055,normal
47.611728419090966,56.742095947265625,5.592984754986055,normal
47.737433025621854,82.48420715332031,5.592984754986055,normal
47.49172008578921,147.5387191772461,5.592984754986055,normal
46.976628206001,135.22865295410156,5.592984754986055,normal
46.50995904814418,175.52112579345703,5.592984754986055,normal
47.67622825880292,68.33988189697266,5.592984754986055,normal
45.352657761861295,175.79246520996094,5.592984754986055,normal
44.132759915964556,193.70384216308594,5.592984754986055,normal
42.69091514706366,119.08035278320312,5.592984754986055,normal
39.3469055828848,147.75535583496094,5.592984754986055,normal
37.68277755204716,164.1455841064453,5.592984754986055,normal
36.45517383883829,122.30552673339844,5.592984754986055,normal
34.704517210042994,161.1800765991211,5.592984754986055,normal
33.15354544717791,112.38624572753906,5.592984754986055,normal
30.49184122640249,113.82946014404297,5.592984754986055,normal
30.54212199508254,89.34139251708984,5.592984754986055,normal
30.85520813109473,93.75904083251953,5.592984754986055,normal
27.964148328658737,17.70721435546875,5.592984754986055,normal
23.11180399988517,105.50537109375,5.592984754986055,normal
23.364922994712938,50.202369689941406,5.592984754986055,normal
22.364688673010715,180.51898956298828,5.592984754986055,normal
22.96505391578075,9.768447875976562,4.852344328773569,normal
20.349394424321748,5.023384094238281,4.852344328773569,normal
19.132598605538927,30.810470581054688,4.852344328773569,normal
17.81379266323137,-33.793373107910156,4.852344328773569,normal
15.32298146883205,66.42105102539062,4.852344328773569,normal
13.147295954311609,23.728179931640625,4.852344328773569,normal
12.981567558352783,2.4333572387695312,4.852344328773569,normal
12.05702952875692,12.820472717285156,4.852344328773569,normal
9.39512042356915,-18.515281677246094,4.852344328773569,normal
8.01812989790447,-37.849273681640625,4.852344328773569,normal
6.127606241390488,-38.73847961425781,4.852344328773569,normal
2.802656829690324,30.596694946289062,4.852344328773569,normal
0.8858271201028449,-26.10065460205078,4.852344328773569,normal
0.9648528349001857,-16.195907592773438,4.852344328773569,normal
1.4847555869082354,-16.210784912109375,4.852344328773569,normal
0.6509418423776681,44.205780029296875,4.852344328773569,normal
3.0349279933276483,0.0,0.0,normal
3.4704784734206395,47.49378204345703,0.43555048009299124,normal
3.360090013150184,-36.095237731933594,0.43555048009299124,normal
3.331077239763472,-49.579124450683594,0.43555048009299124,normal
4.522483292010111,99.11144256591797,1.1914060522466388,normal
3.2930141880668,-19.460678100585938,1.2294691039433108,normal
2.5286255784901726,20.618133544921875,1.2294691039433108,normal
1.9461098381533106,-10.41595458984375,1.2294691039433108,normal
1.3541703639408242,-4.458160400390625,1.2294691039433108,normal
0.6785878690771685,28.61480712890625,1.2294691039433108,normal
0.317431058840944,-19.3304443359375,1.2294691039433108,normal
0.8665732899054449,-0.27179718017578125,1.2294691039433108,normal
0.9116004184619756,-37.86540985107422,1.2294691039433108,normal
1.0461056062231175,-19.28089141845703,1.2294691039433108,normal
1.6747690387815481,-27.3431396484375,1.2294691039433108,normal
2.6875561177788954,-15.884857177734375,1.2294691039433108,normal
3.210653734362563,-10.514144897460938,1.2294691039433108,normal
4.5514138560785975,-1.2374496459960938,1.3407601217160345,normal
3.657367592777134,-57.59742736816406,1.3407601217160345,normal
4.336585524927613,-16.840782165527344,1.3407601217160345,normal
3.1562558646601,-14.326972961425781,1.3407601217160345,normal
3.2665188802952696,19.564132690429688,1.3407601217160345,normal
3.9099406781523864,6.46636962890625,1.3407601217160345,normal
3.836423261313565,-10.168647766113281,1.3407601217160345,normal
3.7889940487206073,5.5904388427734375,1.3407601217160345,normal
3.2920381216532,15.8697509765625,1.3407601217160345,normal
3.747262339194716,21.621665954589844,1.3407601217160345,normal
3.2924315372726687,-19.119186401367188,1.3407601217160345,normal
2.8490189309342098,2.3851776123046875,1.3407601217160345,normal
2.812483647906587,-20.608177185058594,1.3407601217160345,normal
2.382226986393674,-5.4467010498046875,1.3407601217160345,normal
2.052490654993741,-30.97858428955078,1.3407601217160345,normal
1.8107714914704602,-38.46302032470703,1.3407601217160345,normal
2.1234946538953396,-19.885482788085938,1.3407601217160345,normal
2.3565203537470203,-21.73095703125,1.3407601217160345,normal
2.6907910487815068,-25.15399932861328,1.3407601217160345,normal
1.9416908562776347,-16.51325225830078,1.3407601217160345,normal
2.1049370086001296,-34.69642639160156,1.3407601217160345,normal
1.8270898587578337,-2.216949462890625,1.3407601217160345,normal
1.9301997296155518,-8.388748168945312,1.3407601217160345,normal
1.7444708450869428,9.207801818847656,1.3407601217160345,normal
2.0949340935957617,-12.629241943359375,1.3407601217160345,normal
2.3780573267540706,4.6579742431640625,1.3407601217160345,normal
2.3474857517751957,4.711418151855469,1.3407601217160345,normal
2.727965198020234,-14.645805358886719,1.3407601217160345,normal
2.6436314282129487,6.4968109130859375,1.3407601217160345,normal
3.412103413217468,-13.353424072265625,1.3407601217160345,normal
3.6768036008117484,-17.44457244873047,1.1803296602675126,normal
4.03401649921331,2.8178787231445312,1.1803296602675126,normal
4.621374003406571,-53.74855041503906,1.1803296602675126,normal
4.696297732441954,-32.587852478027344,0.7684719850045192,normal
4.261347955397099,-53.993568420410156,0.7684719850045192,normal
4.033650095918612,-33.962860107421875,0.7684719850045192,normal
4.090576638390463,-47.09667205810547,0.7684719850045192,normal
4.356984691872561,-44.10449981689453,0.7684719850045192,normal
2.4626197241520718,-35.101776123046875,1.894364967720489,normal
2.219319414288362,-10.000991821289062,1.894364967720489,normal
2.265294536653334,-20.79631805419922,1.894364967720489,normal
3.1278193308600524,-33.89270782470703,1.894364967720489,normal
2.391467668226948,27.406768798828125,1.894364967720489,normal
1.9882387390662069,-4.721717834472656,1.894364967720489,normal
2.2267018772187446,20.756378173828125,1.894364967720489,normal
2.0411970167669122,-21.793785095214844,1.894364967720489,normal
1.2621006743072285,2.91046142578125,1.894364967720489,normal
1.4703637024413927,-16.031570434570312,1.894364967720489,normal
1.7150204482167655,0.2034759521484375,1.894364967720489,normal
1.090288176863197,-48.922119140625,1.894364967720489,normal
1.5789110437331544,-44.32514190673828,1.894364967720489,normal
1.4731875751729633,-54.36492919921875,1.894364967720489,normal
0.6285477744096325,-66.65107727050781,1.894364967720489,normal
0.6551526463605036,-35.97084045410156,1.894364967720489,normal
0.630783468536465,-27.44882583618164,1.894364967720489,normal
0.27675540135132637,-63.78610610961914,1.894364967720489,normal
0.26762698445716615,-6.732673645019531,1.894364967720489,normal
0.700636738214791,-27.67467498779297,1.894364967720489,normal
0.6484212394805635,1.3333511352539062,1.894364967720489,normal
0.509354182053884,-4.418621063232422,1.894364967720489,normal
0.768719281959098,-31.669864654541016,1.894364967720489,normal
0.8540466241055319,11.069355010986328,1.894364967720489,normal
0.4455743632223137,15.348758697509766,1.894364967720489,normal
1.1080413546154617,-46.45374298095703,1.894364967720489,normal
1.4344302411135812,-17.287216186523438,1.894364967720489,normal
2.575701939678609,12.719764709472656,1.894364967720489,normal
2.882827415483836,-34.136695861816406,1.894364967720489,normal
3.4500889639112096,-56.00189208984375,1.894364967720489,normal
3.687784396741965,-50.46730041503906,1.141271698565028,normal
4.5452338008233175,-71.50199890136719,1.141271698565028,normal
4.904662062651291,-81.24229431152344,1.141271698565028,normal
4.33463812196873,-19.246444702148438,1.141271698565028,normal
4.096640653781534,-71.17183685302734,1.141271698565028,normal
4.202376508028293,-27.792434692382812,1.141271698565028,normal
5.375993599628792,-31.49860382080078,1.1736170916004989,normal
5.8470653786456666,-122.53498077392578,1.1736170916004989,normal
5.166848207843983,37.69752502441406,1.1736170916004989,normal
5.163893117568166,-71.67984008789062,1.1736170916004989,normal
5.0340299981720795,-15.609054565429688,1.1736170916004989,normal
4.811975674448035,-1.9556808471679688,1.1736170916004989,normal
4.410560777903323,1.5950775146484375,1.1736170916004989,normal
4.3698836838306,7.0658111572265625,1.1736170916004989,normal
4.56136067849918,-51.54521942138672,1.1736170916004989,normal
4.130419776539651,-17.74097442626953,1.1736170916004989,normal
4.420611740653522,-86.26533508300781,1.1736170916004989,normal
3.7512867452587515,-33.76636505126953,1.1736170916004989,normal
3.165611212328546,-83.22898864746094,1.1736170916004989,normal
3.24557184169352,-36.810264587402344,1.1736170916004989,normal
3.5619807167456385,-54.39342498779297,1.1736170916004989,normal
2.9062898149383045,-37.29743957519531,1.1736170916004989,normal
2.9864896452447627,-110.70236206054688,1.1736170916004989,normal
3.176104924361214,-12.875747680664062,1.1736170916004989,normal
3.005829119229463,-63.33080291748047,1.1736170916004989,normal
3.3512583035892107,-34.99156951904297,1.1736170916004989,normal
3.3802932719873957,13.212661743164062,1.1736170916004989,normal
2.308168650464085,16.95293426513672,1.1736170916004989,normal
2.5651490554687926,14.217109680175781,1.1736170916004989,normal
3.0273844011976268,-66.19171142578125,1.1736170916004989,normal
4.583929423062669,48.096656799316406,1.556545021865042,normal
6.4966606719854765,6.7380523681640625,1.9127312489228077,normal
8.612359186492446,-35.355262756347656,2.1156985145069696,normal
9.420688521833874,-16.477203369140625,2.1156985145069696,normal
10.644388920535686,13.280754089355469,2.1156985145069696,normal
11.367543760135305,1.3685989379882812,2.1156985145069696,normal
10.684071319486822,-21.843109130859375,2.1156985145069696,normal
11.982403245021493,-34.38148498535156,2.1156985145069696,normal
10.441660727798478,51.87458038330078,2.1156985145069696,normal
11.262347191105684,-19.448776245117188,2.1156985145069696,normal
10.923591445756864,44.20967102050781,2.1156985145069696,normal
13.393577175449176,88.98216247558594,2.4699857296923113,normal
12.431449390942841,49.72532272338867,2.4699857296923113,normal
13.894999889372835,60.017967224121094,2.4699857296923113,normal
15.219736465349866,2.851238250732422,2.4699857296923113,normal
17.033720821921992,162.72062301635742,2.4699857296923113,normal
15.132718488891298,80.94268798828125,2.4699857296923113,normal
16.75703234585689,272.07000732421875,2.4699857296923113,normal
17.017096923510184,22.46875762939453,2.4699857296923113,normal
18.86899368004167,176.56225204467773,2.4699857296923113,normal
18.95618864171492,146.45954132080078,2.4699857296923113,normal
19.18955613596576,216.27931594848633,2.4699857296923113,normal
19.842872614744213,167.39072799682617,2.4699857296923113,normal
22.14753591073183,161.7898178100586,2.4699857296923113,normal
30.491314419651804,-143.16226959228516,8.343778508919975,normal
27.861694960646428,456.20155334472656,8.343778508919975,normal
28.59798131797774,106.32499694824219,8.343778508919975,normal
32.00444696042014,243.51024627685547,8.343778508919975,normal
30.872719957978404,299.9622344970703,8.343778508919975,normal
30.40819475906609,171.5072250366211,8.343778508919975,normal
36.80670349196993,136.80496215820312,8.343778508919975,normal
35.49629010914713,236.93035125732422,8.343778508919975,normal
35.65518324836788,259.63748931884766,8.343778508919975,normal
34.79059512367582,103.2967758178711,8.343778508919975,normal
33.47647435390081,188.3499526977539,8.343778508919975,normal
35.379518909368315,163.43135833740234,8.343778508919975,normal
27.851796296411727,77.10742950439453,8.343778508919975,normal
36.01739355880947,26.195068359375,8.343778508919975,normal
31.987006940835027,182.97225952148438,8.343778508919975,normal
25.095289699951895,101.8490982055664,8.343778508919975,normal
27.435673575811286,9.823493957519531,8.343778508919975,normal
26.551695694232368,144.32647705078125,8.343778508919975,normal
23.376016809382932,58.57177734375,8.343778508919975,normal
18.64911839534576,223.40686798095703,8.343778508919975,normal
23.346840349089582,51.00048065185547,8.343778508919975,normal
14.99922419041158,67.1341323852539,8.347616158678003,normal
14.231023852431392,-44.562034606933594,8.347616158678003,normal
12.146471464687755,53.05206298828125,8.347616158678003,normal
13.682156704844187,47.084083557128906,8.347616158678003,normal
13.133738157312436,-48.85414123535156,8.347616158678003,normal
12.62420934377099,-123.84967803955078,8.347616158678003,normal
9.57772676961533,131.26659393310547,8.347616158678003,normal
8.892379557203997,-51.917381286621094,8.347616158678003,normal
7.709576056004233,-24.431190490722656,8.347616158678003,normal
6.003941452725269,-9.544601440429688,8.347616158678003,normal
5.782347932171581,31.453170776367188,8.347616158678003,normal
6.553919180163605,-10.090484619140625,8.347616158678003,normal
8.765233166648372,15.745925903320312,8.347616158678003,normal
7.7584476925644275,-7.443809509277344,8.347616158678003,normal
10.000764800363205,21.796417236328125,8.347616158678003,normal
7.063319004160072,37.89447784423828,8.347616158678003,normal
6.961387273113429,22.788047790527344,8.347616158678003,normal
10.337267765301664,57.898406982421875,8.347616158678003,normal
11.027856041738522,25.025482177734375,8.347616158678003,normal
13.383131999537742,-35.62019348144531,8.347616158678003,normal
12.027641323900705,13.0169677734375,8.347616158678003,normal
15.500533188287573,41.44294738769531,8.347616158678003,normal
16.37923267496237,-60.87913513183594,8.347616158678003,normal
15.150719367661749,13.266220092773438,8.347616158678003,normal
17.34892357478465,44.046478271484375,8.347616158678003,normal
18.056466664088138,-31.574363708496094,8.347616158678003,normal
21.738194547226232,77.6180648803711,8.347616158678003,normal
24.933643803203136,-24.9151611328125,8.347616158678003,normal
25.10307314556665,135.16067504882812,8.347616158678003,normal
27.584359224643528,1.6947555541992188,8.347616158678003,normal
28.76566198050018,-22.89997100830078,3.6817278831380946,normal
32.4551933688334,11.973953247070312,3.6895313883332186,normal
31.16042101385129,75.48248291015625,3.6895313883332186,normal
31.812416113411174,3.2126998901367188,3.6895313883332186,normal
31.267413985931217,115.94581604003906,3.6895313883332186,normal
31.6935669690422,120.3976821899414,3.6895313883332186,normal
31.06158475578662,136.17874145507812,3.6895313883332186,normal
32.25973147547439,-359.59476470947266,3.6895313883332186,normal
22.590605602222553,-20.37517547607422,9.669125873251836,normal
23.302814534276067,85.75698852539062,9.669125873251836,normal
29.030749600928292,-55.59379577636719,9.669125873251836,normal
28.845180585542188,54.38507080078125,9.669125873251836,normal
26.715176052243272,-45.872955322265625,9.669125873251836,normal
47.11068937473567,-56.312255859375,20.3955133224924,normal
51.60023117571186,183.1102752685547,20.3955133224924,normal
45.80557117694155,48.518829345703125,20.3955133224924,normal
56.01690809819785,-54.42169189453125,20.3955133224924,normal
53.46471675059741,124.90631103515625,20.3955133224924,normal
53.45092374524838,148.48800659179688,20.3955133224924,normal
60.616866764013324,-101.98402404785156,20.3955133224924,normal
56.80387089972939,68.58993530273438,20.3955133224924,normal
62.6080466737566,-154.0887451171875,20.3955133224924,normal
67.55336760055165,-74.60037231445312,20.3955133224924,normal
63.29698327492894,160.52215576171875,20.3955133224924,normal
66.8350467694102,-69.80644226074219,20.3955133224924,normal
68.13121736841325,75.51063537597656,20.3955133224924,normal
64.22906058160082,45.47149658203125,20.3955133224924,normal
60.69474034405272,184.5941162109375,20.3955133224924,normal
57.24808112256605,-8.378219604492188,20.3955133224924,normal
58.68738527568283,-11.844635009765625,20.3955133224924,normal
56.65582835587337,129.04266357421875,20.3955133224924,normal
60.82503029654025,-110.05210876464844,20.3955133224924,normal
60.87939498614389,-14.95147705078125,20.3955133224924,normal
70.19172838683802,-95.02853393554688,20.3955133224924,normal
56.52524546888999,188.76708984375,20.3955133224924,normal
62.85471337841186,-111.72866821289062,20.3955133224924,normal
61.107750279785925,-12.683944702148438,20.3955133224924,normal
61.079242257034515,111.13334655761719,20.3955133224924,normal
60.89076981461219,3.7282562255859375,20.3955133224924,normal
61.49718828112712,23.593597412109375,20.3955133224924,normal
64.01065080318011,-77.20024108886719,20.3955133224924,normal
61.50023305300964,49.814300537109375,20.3955133224924,normal
62.07917379041676,-17.4261474609375,20.3955133224924,normal
64.62648638682913,9.665679931640625,13.66648291794803,normal
67.82948981432595,-15.5841064453125,13.66648291794803,normal
66.25540848281274,68.49861145019531,13.66648291794803,normal
68.74342770314216,-66.08390808105469,13.66648291794803,normal
68.74290860361029,32.20619201660156,13.66648291794803,normal
71.6355300579781,-38.80485534667969,13.66648291794803,normal
68.54223882344716,33.273468017578125,13.66648291794803,normal
70.14578533060393,3.90838623046875,13.66648291794803,normal
73.37978894833982,-140.1152801513672,13.66648291794803,normal
72.41892104630527,110.18852233886719,13.66648291794803,normal
72.59403854456855,9.17266845703125,13.66648291794803,normal
73.5637167059052,0.6170654296875,13.66648291794803,normal
72.25761000769461,4.1635894775390625,13.66648291794803,normal
74.3369989181587,-7.2553253173828125,13.66648291794803,normal
73.82676194942376,-67.00996398925781,13.66648291794803,normal
70.91357894225715,125.03013610839844,13.66648291794803,normal
70.08495955299881,-38.06831359863281,13.66648291794803,normal
73.6705916401872,-5.0795745849609375,13.66648291794803,normal
77.602198206031,-70.92292785644531,13.66648291794803,normal
76.42719873573836,-122.19085693359375,13.66648291794803,normal
74.56405043007163,4.569854736328125,13.66648291794803,normal
78.23180433436465,113.76228332519531,6.329467909521867,normal
78.94855262133721,-153.22540283203125,3.9316065658438077,normal
75.0692088994788,110.97518920898438,3.9316065658438077,normal
75.12699322457445,8.401565551757812,3.9316065658438077,normal
74.01616735795776,31.85028076171875,3.9316065658438077,normal
76.35085013646037,-63.72825622558594,3.9316065658438077,normal
74.52715611916742,69.81376647949219,3.9316065658438077,normal
75.17445682245788,-64.59983825683594,3.9316065658438077,normal
74.06907165185117,60.875701904296875,3.9316065658438077,normal
76.01141097367115,-11.753311157226562,3.9316065658438077,normal
74.71661749605862,32.26707458496094,3.9316065658438077,normal
74.86586337062418,-27.010574340820312,3.9316065658438077,normal
74.23108036794744,-17.375564575195312,3.9316065658438077,normal
73.51497722877029,39.327850341796875,3.9316065658438077,normal
74.69764271314732,-5.7520294189453125,3.9316065658438077,normal
74.39015720181887,-29.695816040039062,3.9316065658438077,normal
74.7826787420145,0.175323486328125,3.9316065658438077,normal
74.63450004391143,-24.803237915039062,3.9316065658438077,normal
75.07787263562003,-7.05230712890625,3.9316065658438077,normal
74.2280339613623,29.002532958984375,3.9316065658438077,normal
77.92442621795026,27.267837524414062,3.9316065658438077,normal
76.73722111043878,-5.09490966796875,3.9316065658438077,normal
79.41755100060955,-25.741424560546875,3.9316065658438077,normal
74.91062996472762,2.9940032958984375,4.5069210358819305,normal
74.75191979823744,15.412216186523438,4.5069210358819305,normal
74.28488545203938,8.09051513671875,4.5069210358819305,normal
74.744450612424,-30.658035278320312,4.5069210358819305,normal
73.23825526832361,24.455108642578125,4.5069210358819305,normal
71.95134378331022,14.0972900390625,4.5069210358819305,normal
72.68066265253245,-1.2247467041015625,4.5069210358819305,normal
71.63919727797783,18.38653564453125,4.5069210358819305,normal
73.47294428504213,-29.538116455078125,4.5069210358819305,normal
72.80422519755237,24.462203979492188,4.5069210358819305,normal
72.07780990138558,-19.099273681640625,4.5069210358819305,normal
74.94750424937043,-24.979705810546875,4.5069210358819305,normal
75.06056819996458,11.899566650390625,4.5069210358819305,normal
73.12026541334797,-5.2388763427734375,4.5069210358819305,normal
73.76957376334963,1.352691650390625,4.5069210358819305,normal
73.8567452701253,60.18287658691406,4.5069210358819305,normal
75.64136089505104,-43.89289855957031,4.5069210358819305,normal
71.99497012453944,-26.199874877929688,4.5069210358819305,normal
73.40483259180459,32.16270446777344,4.5069210358819305,normal
74.40492691654232,-37.949981689453125,4.5069210358819305,normal
75.33929743958771,-8.220062255859375,4.5069210358819305,normal
73.51185702412293,-17.546768188476562,4.5069210358819305,normal
5.173584270049054,0.0,0.0,normal
4.678377075824871,-17.892723083496094,0.49520719422418313,normal
3.674916452152324,-107.51083374023438,1.003460623672547,normal
4.788984973295712,6.62933349609375,1.1140685211433876,normal
4.840851536237616,38.39733123779297,1.1140685211433876,normal
3.9025343152810965,-42.26085662841797,1.1140685211433876,normal
1.6810550536909918,-54.510040283203125,2.2214792615901047,normal
0.7244484952472898,11.666679382324219,2.2214792615901047,normal
3.4038247331204814,10.568389892578125,2.679376237873192,normal
1.1586611869583223,-69.98531341552734,2.679376237873192,normal
1.9372372025795899,62.206878662109375,2.679376237873192,normal
1.1173323444413787,6.306266784667969,2.679376237873192,normal
1.4385238633888233,-23.08856964111328,2.679376237873192,normal
2.0117569160174478,-14.490509033203125,2.679376237873192,normal
2.2777120383295664,-17.77393341064453,2.679376237873192,normal
2.4248453362068227,23.243408203125,2.679376237873192,normal
1.5856252783985523,-12.8155517578125,2.679376237873192,normal
2.07952312112258,13.93524169921875,2.679376237873192,normal
1.8605723698503291,16.65515899658203,2.679376237873192,normal
2.300122250653971,-13.417167663574219,2.679376237873192,normal
0.7578573236693212,12.021102905273438,2.679376237873192,normal
1.7722798492007945,12.469253540039062,2.679376237873192,normal
0.08202293020888367,11.554985046386719,2.679376237873192,normal
0.7327633680930413,-8.710212707519531,2.679376237873192,normal
0.37171711216083825,-2.0221710205078125,2.679376237873192,normal
0.08220096280190746,-19.27093505859375,2.679376237873192,normal
1.3925263411946054,7.038230895996094,2.679376237873192,normal
1.718830118075326,-22.44049072265625,2.679376237873192,normal
1.2825954779458097,-75.63697814941406,2.679376237873192,normal
1.2286544478205303,38.838958740234375,2.679376237873192,normal
1.4967695440612343,-26.757659912109375,2.679376237873192,normal
1.778918225418587,-22.56683349609375,2.679376237873192,normal
1.9552698875847074,0.478363037109375,2.679376237873192,normal
2.7420288772696497,-33.58531951904297,2.679376237873192,normal
2.8389930892944513,-20.87963104248047,2.679376237873192,normal
3.310742169035982,-10.731925964355469,2.679376237873192,normal
2.95065789129089,30.663299560546875,2.679376237873192,normal
3.3488216925759438,-27.138404846191406,2.679376237873192,normal
3.7180336402936356,18.451766967773438,2.245163546162159,normal
2.7589886912022914,-5.526466369628906,1.6902569189919108,normal
2.9684651238336848,-1.1614608764648438,1.6902569189919108,normal
2.932506165201072,1.79168701171875,1.6902569189919108,normal
2.1970896335283676,-1.7246246337890625,1.6902569189919108,normal
1.984971195535966,-27.550392150878906,1.6902569189919108,normal
2.0050094574512807,-27.790489196777344,1.6902569189919108,normal
1.0027015365306593,2.7313613891601562,1.6902569189919108,normal
0.775188469738245,-14.363021850585938,1.6902569189919108,normal
0.6482851952886202,-59.547157287597656,1.6902569189919108,normal
0.8956206626084403,-13.547630310058594,1.6902569189919108,normal
1.097242320940165,-14.435577392578125,1.6902569189919108,normal
0.8507948882104895,-30.19054412841797,1.6902569189919108,normal
0.5764151205292777,26.445350646972656,1.6902569189919108,normal
0.4865925887685942,-53.956947326660156,1.310325378392698,normal
0.14242902104105748,-13.403434753417969,1.310325378392698,normal
0.5378913995137714,-32.37236022949219,1.310325378392698,normal
0.7998185701320122,-12.828369140625,1.310325378392698,normal
0.4196040311317341,-3.9659500122070312,1.0023079209206214,normal
0.04781209991717822,-1.8396377563476562,1.0023079209206214,normal
0.3564960457687885,-11.525917053222656,1.0023079209206214,normal
0.3383383900154234,11.282730102539062,1.0023079209206214,normal
0.632642175024511,17.993545532226562,1.0023079209206214,normal
1.1055028546089862,-15.21697998046875,1.0023079209206214,normal
1.6213162968977013,21.335678100585938,1.0023079209206214,normal
1.5914294078241566,-26.58794403076172,1.0023079209206214,normal
2.7558620833888257,-32.14496612548828,1.164432675564669,normal
2.368520218130421,-82.10552215576172,1.164432675564669,normal
2.6559879153409613,-6.381797790527344,1.164432675564669,normal
2.6892274974119297,-22.125091552734375,1.164432675564669,normal
1.5632166809025618,-13.439712524414062,1.164432675564669,normal
2.2637832517301755,-43.327674865722656,1.164432675564669,normal
2.159426408697735,-43.11698913574219,1.164432675564669,normal
2.601650779656323,-34.15534973144531,1.164432675564669,normal
3.4212735990863132,-25.30139923095703,1.164432675564669,normal
2.924616134876757,-33.63361358642578,1.164432675564669,normal
2.6717335605674126,-32.98942565917969,1.164432675564669,normal
2.2861583222556234,8.725090026855469,1.164432675564669,normal
1.60097243511243,-7.080230712890625,1.164432675564669,normal
1.182172355412995,12.40814208984375,1.164432675564669,normal
1.6192595244613546,5.3940582275390625,1.164432675564669,normal
1.007076571351428,34.32792663574219,1.164432675564669,normal
1.0007036882815632,-17.231483459472656,1.164432675564669,normal
0.9527053718578881,12.712669372558594,1.164432675564669,normal
0.33527728572763,7.413139343261719,1.164432675564669,normal
0.6017259521224322,-32.81696319580078,1.164432675564669,normal
0.7948050608537366,-55.22026062011719,1.164432675564669,normal
0.317604265735195,-37.11353302001953,1.164432675564669,normal
0.2784695344929616,-37.79399871826172,1.164432675564669,normal
0.591443152549427,-28.19080352783203,1.164432675564669,normal
0.9097940952919299,-26.125774383544922,1.164432675564669,normal
0.5433798256519979,-49.13703918457031,1.164432675564669,normal
0.48988241287388573,-29.976940155029297,1.164432675564669,normal
0.6249479515882539,-56.54279708862305,1.164432675564669,normal
1.152969668612998,-34.64315414428711,1.164432675564669,normal
1.2954973486264298,-30.914669036865234,1.164432675564669,normal
1.548515934046439,-35.80095291137695,1.1260108165093679,normal
1.5465013815415771,-21.80368423461914,1.1260108165093679,normal
2.3519218417960004,14.775123596191406,1.1260108165093679,normal
2.705931372780319,-7.0886993408203125,1.1260108165093679,normal
2.9358336039636503,4.832782745361328,0.8196228194299904,normal
3.2505056830894925,-16.660709381103516,0.8196228194299904,normal
3.529610262236759,-3.3381271362304688,0.8196228194299904,normal
3.786331628145627,-48.98740768432617,0.8196228194299904,normal
3.67067154688885,12.53265380859375,0.8054204602544233,normal
6.0697243949910495,-60.72967529296875,2.3990528481021998,normal
7.088542114834244,17.78697967529297,2.3990528481021998,normal
7.986119494314408,-102.21290588378906,2.3990528481021998,normal
7.822735737296879,-11.033821105957031,2.3990528481021998,normal
8.120535415631679,-9.907150268554688,2.3990528481021998,normal
7.659659274363506,-29.51648712158203,2.3990528481021998,normal
8.911508287006393,-53.33381652832031,2.3990528481021998,normal
11.001320707608455,-83.07334899902344,2.3990528481021998,normal
10.660388962316587,-57.745628356933594,2.3990528481021998,normal
11.500090630747929,-32.52410888671875,2.3990528481021998,normal
11.828236304353986,-11.146659851074219,2.3990528481021998,normal
11.07939229695893,-23.72417449951172,2.3990528481021998,normal
11.556801371394146,1.7439651489257812,2.3990528481021998,normal
11.018232525524175,11.728248596191406,2.3990528481021998,normal
12.789850949794513,-31.68102264404297,2.3990528481021998,normal
13.485256313002601,-52.9566764831543,2.3990528481021998,normal
14.826290547900612,16.299762725830078,2.3990528481021998,normal
15.407517761293757,-0.8632850646972656,2.3990528481021998,normal
15.921002625946553,-1.9812583923339844,2.3990528481021998,normal
16.501661349680376,-7.421150207519531,2.3990528481021998,normal
18.184090409940257,1.8049049377441406,2.3990528481021998,normal
20.568843056892376,-4.017677307128906,2.3990528481021998,normal
23.969963616464447,100.70749282836914,3.401120559572071,normal
28.103903632065503,-44.38201904296875,4.1339400156010555,normal
31.382586703525767,-30.112380981445312,4.1339400156010555,normal
34.48262449968515,32.75493621826172,4.1339400156010555,normal
34.26068369064947,100.39718627929688,4.1339400156010555,normal
35.536138054071635,71.65243148803711,4.1339400156010555,normal
38.99779272991277,29.384536743164062,4.1339400156010555,normal
38.61469480235568,164.2411994934082,4.1339400156010555,normal
40.85698391334557,97.84366607666016,4.1339400156010555,normal
41.99630007804459,83.09675216674805,4.1339400156010555,normal
42.19784471853797,145.49171447753906,4.1339400156010555,normal
42.82524963253655,169.96124267578125,4.1339400156010555,normal
47.1715302717949,-23.036670684814453,4.346280639258353,normal
48.62315937862187,130.69164276123047,4.346280639258353,normal
51.49788400969741,178.13072204589844,4.346280639258353,normal
49.62945913210876,327.3944091796875,4.346280639258353,normal
48.099259431981174,188.87935638427734,4.346280639258353,normal
48.92379541726414,140.79448699951172,4.346280639258353,normal
46.05150993944745,183.6240005493164,4.346280639258353,normal
45.787489088819285,273.3494567871094,4.346280639258353,normal
44.796360695588795,135.96359252929688,4.346280639258353,normal
40.658416997083656,285.8331298828125,4.346280639258353,normal
43.10732341869132,79.78408813476562,4.346280639258353,normal
41.356677345830086,133.86371612548828,4.346280639258353,normal
39.02250210997063,199.0854263305664,4.346280639258353,normal
36.22312245850312,102.15728759765625,4.346280639258353,normal
35.83884413163845,189.12689208984375,4.346280639258353,normal
35.75324062063281,230.40904998779297,4.346280639258353,normal
35.551300395254145,50.24311065673828,4.346280639258353,normal
30.089368073302275,169.03953552246094,5.4619323219518705,normal
29.265397983182037,83.97274017333984,5.4619323219518705,normal
27.356717502503546,76.88678741455078,5.4619323219518705,normal
27.145739751156533,42.6837158203125,5.4619323219518705,normal
24.696688729342668,65.42232513427734,5.4619323219518705,normal
26.008863121443266,-5.268516540527344,5.4619323219518705,normal
24.9607731046692,7.377662658691406,5.4619323219518705,normal
22.405211203192916,45.092811584472656,5.4619323219518705,normal
22.17753725303532,-3.5332489013671875,5.4619323219518705,normal
20.717733213654075,62.72758483886719,5.4619323219518705,normal
20.461519493904987,29.866104125976562,5.4619323219518705,normal
19.436714581779793,-24.222564697265625,5.4619323219518705,normal
19.08006677245648,23.682632446289062,5.4619323219518705,normal
16.935782740594107,-25.2447509765625,5.4619323219518705,normal
15.205259547272028,7.602996826171875,5.4619323219518705,normal
12.817008838627071,21.369895935058594,5.4619323219518705,normal
12.07425405359882,-12.741050720214844,5.4619323219518705,normal
9.738683897807075,24.820518493652344,5.4619323219518705,normal
10.331878318763069,16.60320281982422,5.4619323219518705,normal
10.076302939946176,13.065261840820312,5.4619323219518705,normal
9.63380795082195,16.310577392578125,5.4619323219518705,normal
10.49690590816241,-22.96875,5.4619323219518705,normal
10.29628257489777,-53.48224639892578,5.4619323219518705,normal
15.152057797398312,11.129264831542969,5.4619323219518705,normal
13.237684519696927,-7.464179992675781,5.4619323219518705,normal
17.64012397022381,129.08226013183594,5.4619323219518705,normal
16.90853128602367,64.7061538696289,5.4619323219518705,normal
17.532356107238083,72.03689575195312,5.4619323219518705,normal
18.32045362181466,6.2896728515625,5.4619323219518705,normal
20.314878417575155,-31.00078582763672,5.4619323219518705,normal
18.48159084981037,11.051216125488281,4.855775222500542,normal
20.821278783002555,-58.14628601074219,4.855775222500542,normal
20.770191278364102,-20.670433044433594,4.855775222500542,normal
22.700526523460454,48.689117431640625,4.855775222500542,normal
24.148858664379514,-16.87145233154297,4.855775222500542,normal
24.162190586195443,113.37226867675781,4.855775222500542,normal
22.643255778530367,44.744110107421875,4.855775222500542,normal
19.663915095376545,-70.06656646728516,4.855775222500542,normal
18.851257102659083,-19.20146942138672,4.855775222500542,normal
20.670866914438903,125.20797729492188,4.855775222500542,normal
22.090091086323707,99.27955627441406,4.855775222500542,normal
21.486333951558944,-42.870025634765625,4.855775222500542,normal
15.296473713923985,-33.617706298828125,6.189860237634958,normal
15.070510278439555,132.9437255859375,6.189860237634958,normal
20.286385740470827,86.24931335449219,6.189860237634958,normal
22.154601938691115,-53.111572265625,6.189860237634958,normal
28.551156145765905,-147.10922241210938,6.396554207074789,normal
36.3851293017155,-277.69134521484375,7.833973155949597,normal
30.217919790360273,240.01052856445312,7.833973155949597,normal
39.50352272599495,19.781341552734375,9.285602935634675,normal
32.510312594992115,14.366683959960938,9.285602935634675,normal
22.320860128901653,-67.19078063964844,10.189452466090462,normal
34.685413961189205,26.9805908203125,12.364553832287552,normal
33.18267777123421,87.57270812988281,12.364553832287552,normal
33.56937230415733,-59.62738037109375,12.364553832287552,normal
38.162167878858284,-17.143478393554688,12.364553832287552,normal
40.05394018742344,-46.15081787109375,12.364553832287552,normal
39.067074721651885,0.404205322265625,12.364553832287552,normal
37.314256329471235,-3.292236328125,12.364553832287552,normal
40.529995525044875,-66.95343017578125,12.364553832287552,normal
44.676256989181034,19.306182861328125,12.364553832287552,normal
47.064125192684635,89.10598754882812,12.364553832287552,normal
45.96509207370224,-42.77252197265625,12.364553832287552,normal
55.07814434130827,-9.689712524414062,12.364553832287552,normal
55.44112196720832,20.127410888671875,12.364553832287552,normal
56.797446186910605,-31.270751953125,12.364553832287552,normal
53.14534448448105,176.85035705566406,12.364553832287552,normal
50.717013923562305,91.49665832519531,12.364553832287552,normal
52.63140111706853,-24.527664184570312,12.364553832287552,normal
53.848098139002055,46.10435485839844,12.364553832287552,normal
53.32515690142499,1.0155487060546875,12.364553832287552,normal
56.64072825438994,4.317626953125,12.364553832287552,normal
55.961300623950855,-13.578643798828125,12.364553832287552,normal
58.08436738672867,-30.544509887695312,12.364553832287552,normal
55.13474123205168,-17.085113525390625,12.364553832287552,normal
56.124012371430304,111.65107727050781,12.364553832287552,normal
53.5103755285894,93.62113952636719,12.364553832287552,normal
52.5739611595621,-72.88261413574219,12.364553832287552,normal
52.12490881657103,-54.36309814453125,12.364553832287552,normal
55.55365764255028,-52.94746398925781,12.364553832287552,normal
56.33198759928835,41.90666198730469,12.364553832287552,normal
57.20488576308936,-77.31697082519531,12.364553832287552,normal
62.79786547623017,53.508453369140625,9.11305226760603,normal
65.1590564569933,-142.63023376464844,9.11305226760603,normal
67.09929049265516,-68.24615478515625,9.11305226760603,normal
69.86951371858967,80.67901611328125,9.11305226760603,normal
74.36139433530894,-2.240753173828125,9.11305226760603,normal
75.16275174506215,-17.951202392578125,9.11305226760603,normal
77.36114776357842,37.21824645996094,9.11305226760603,normal
66.52513638761945,83.15208435058594,10.836011375958961,normal
65.76321667963538,-20.999908447265625,10.836011375958961,normal
60.442454050457215,42.1160888671875,10.836011375958961,normal
61.426805563806276,110.94131469726562,10.836011375958961,normal
63.38907855674646,-60.270538330078125,10.836011375958961,normal
66.67156294104211,72.87918090820312,10.836011375958961,normal
62.887602100576316,9.613494873046875,10.836011375958961,normal
60.73119556047056,13.422775268554688,10.836011375958961,normal
64.47957949627396,-48.449249267578125,10.836011375958961,normal
60.321576902097085,110.92941284179688,10.836011375958961,normal
65.70741169335182,-124.69985961914062,10.836011375958961,normal
60.62283793303927,60.35865783691406,10.836011375958961,normal
60.464827320016035,63.01826477050781,10.836011375958961,normal
62.01403387084094,-113.001708984375,10.836011375958961,normal
64.45601648325265,15.627593994140625,10.836011375958961,normal
69.26653605768979,-18.53759765625,10.836011375958961,normal
66.0946050883536,92.15835571289062,10.836011375958961,normal
68.90743995503364,19.209365844726562,10.836011375958961,normal
65.12435770152106,-28.445663452148438,10.836011375958961,normal
66.18621344244536,-39.74853515625,10.836011375958961,normal
63.00540160831418,22.054367065429688,10.836011375958961,normal
65.75080500674521,-28.22021484375,10.836011375958961,normal
66.09268724745526,34.41741943359375,10.836011375958961,normal
58.47915234114827,-3.1615447998046875,10.836011375958961,normal
60.55894366672762,-12.4603271484375,10.836011375958961,normal
63.58932094590079,-89.66331481933594,10.836011375958961,normal
60.16800890669527,68.50433349609375,10.836011375958961,normal
62.07953833946634,-20.321731567382812,10.836011375958961,normal
59.52023688368948,17.62664794921875,10.836011375958961,normal
62.08707400115729,36.1651611328125,10.836011375958961,normal
63.90959533727473,9.830703735351562,7.613534906306988,normal
65.18007754698782,53.22074890136719,7.613534906306988,normal
68.92677399036214,-102.35755920410156,7.613534906306988,normal
63.752109362691584,0.4666900634765625,7.613534906306988,normal
65.0337353425405,-86.69265747070312,7.613534906306988,normal
65.89190010230985,173.87557983398438,7.613534906306988,normal
61.4317538539225,-29.370803833007812,7.613534906306988,normal
65.86264415335896,23.27911376953125,7.613534906306988,normal
66.79122849093552,-69.28298950195312,7.613534906306988,normal
69.3112405922727,57.38410949707031,7.613534906306988,normal
67.32837450928656,-27.97210693359375,7.613534906306988,normal
68.5271318438814,-36.112518310546875,7.613534906306988,normal
66.38203537080304,4.72320556640625,7.613534906306988,normal
69.12785808854115,-9.809188842773438,7.613534906306988,normal
61.35689826886969,44.735870361328125,7.770959819671454,normal
68.18056250968672,-20.379867553710938,7.770959819671454,normal
65.61668127662341,9.01519775390625,7.770959819671454,normal
65.9517819363592,-13.304443359375,7.770959819671454,normal
66.92958042043482,2.6378631591796875,7.770959819671454,normal
66.58428248992884,-12.32666015625,7.770959819671454,normal
66.48426627947761,60.99220275878906,7.770959819671454,normal
68.14493266041102,20.484237670898438,7.770959819671454,normal
63.24072358057529,-66.52290344238281,7.770959819671454,normal
65.9647064166456,76.04484558105469,7.770959819671454,normal
68.46590948047383,-32.33390808105469,7.770959819671454,normal
66.44385961905665,44.78302001953125,7.770959819671454,normal
5.386051958525445,0.0,0.0,normal
2.2706146167750068,-17.86102294921875,3.115437341750438,normal
3.3873724975328026,109.67273712158203,3.115437341750438,normal
3.914699637769709,-46.42478942871094,3.115437341750438,normal
3.7379964870567095,27.312240600585938,3.115437341750438,normal
4.905203986900302,-307.9885482788086,3.115437341750438,normal
1.5787944384100077,76.11968994140625,3.3264095484902945,normal
1.8275353141919084,15.3643798828125,3.3264095484902945,normal
3.9284657407106813,126.63597106933594,3.3264095484902945,normal
2.490726923482,-138.3281707763672,3.3264095484902945,normal
1.8072554851904392,19.522132873535156,3.3264095484902945,normal
3.221953963956237,13.062286376953125,3.3264095484902945,normal
3.2413029999838776,57.755584716796875,3.3264095484902945,normal
1.5476678388744929,28.09192657470703,3.3264095484902945,normal
1.787662206856462,-30.378799438476562,3.3264095484902945,normal
0.13737781544637243,-96.66000366210938,3.3264095484902945,normal
1.1469441330922818,10.031661987304688,3.3264095484902945,normal
1.90433091346148,70.85426330566406,3.3264095484902945,normal
2.415224568812357,7.609062194824219,3.3264095484902945,normal
0.3776776715441763,-70.81283569335938,3.3264095484902945,normal
0.8386060039011629,60.70941925048828,3.3264095484902945,normal
0.04731773409546504,-79.26864624023438,3.3264095484902945,normal
1.6592012188955818,83.95145416259766,3.3264095484902945,normal
0.035730766355457015,-91.59027099609375,3.3264095484902945,normal
1.652969444681366,73.9822769165039,3.3264095484902945,normal
1.2534820686426782,-27.035865783691406,3.3264095484902945,normal
1.370631209735964,-19.81372833251953,3.3264095484902945,normal
2.3532496082558647,-25.922012329101562,3.3264095484902945,normal
2.6869479121630278,-82.27569580078125,3.3264095484902945,normal
0.852586582903786,16.91242218017578,3.3264095484902945,normal
2.282542732223778,-62.83710479736328,3.3264095484902945,normal
1.0487326853055463,-40.28892517089844,3.3264095484902945,normal
3.0108875773732935,27.55382537841797,3.3264095484902945,normal
2.084263094228903,12.660369873046875,3.3264095484902945,normal
1.2586189267227705,-121.90601348876953,3.3264095484902945,normal
1.39226827868133,85.10112762451172,3.3264095484902945,normal
2.4605677042150496,-92.98656463623047,2.100930426518773,normal
3.6253341606327383,73.07647705078125,2.100930426518773,normal
2.8039209712305255,-51.44268035888672,2.0375468972681805,normal
3.2989470650822095,15.460853576660156,2.0375468972681805,normal
3.3441392225709516,-48.128700256347656,2.0375468972681805,normal
4.024099287747588,49.489402770996094,2.0375468972681805,normal
1.7285211329632277,-34.761085510253906,2.2955781547843603,normal
4.167748112654725,-6.059303283691406,2.4392269796914974,normal
3.940271336745379,-8.9666748046875,2.4392269796914974,normal
2.536488524462893,-14.1339111328125,2.4392269796914974,normal
3.546953530453679,11.208572387695312,2.4392269796914974,normal
4.3124803540202326,1.4188385009765625,2.4392269796914974,normal
3.684806141857342,-29.296646118164062,2.4392269796914974,normal
1.5232521317259977,67.08320617675781,2.4392269796914974,normal
1.9270661341434372,-24.414596557617188,2.4392269796914974,normal
0.4733249015784094,40.14839172363281,2.4392269796914974,normal
0.6371529505503187,-68.63021850585938,2.4392269796914974,normal
3.941111824330942,-22.147178649902344,3.303958873780623,normal
3.293710103776515,-18.96137237548828,3.303958873780623,normal
2.3405582395013718,24.070472717285156,3.303958873780623,normal
1.8399225124858676,-87.36213684082031,3.303958873780623,normal
1.2879374472452352,-41.53495788574219,3.303958873780623,normal
1.2546403909930999,-18.186607360839844,3.303958873780623,normal
1.2980933412567928,14.771804809570312,3.303958873780623,normal
1.0100124387965408,-38.76365661621094,3.303958873780623,normal
0.515137942120544,10.942840576171875,3.303958873780623,normal
0.4185067327379957,-11.968116760253906,3.303958873780623,normal
0.3121681607944558,-40.89580535888672,3.303958873780623,normal
0.3011804796595637,-10.278854370117188,3.303958873780623,normal
1.1470180070465168,14.357643127441406,3.303958873780623,normal
0.7840284234823671,-12.977142333984375,3.303958873780623,normal
0.7109521778859993,-26.619300842285156,3.303958873780623,normal
0.47720663411971737,-0.9964370727539062,3.303958873780623,normal
0.9811261837937846,19.612884521484375,3.303958873780623,normal
0.47956981927479575,-22.76561737060547,3.303958873780623,normal
0.6446413056608709,5.897712707519531,3.303958873780623,normal
0.3200525013710516,13.38775634765625,3.303958873780623,normal
0.03682568427313156,11.610145568847656,3.303958873780623,normal
0.19490165964995773,-59.879722595214844,3.303958873780623,normal
0.5580740049671212,-41.14734649658203,3.303958873780623,normal
0.694338580940289,-13.211517333984375,3.303958873780623,normal
1.0116376402070917,-20.242767333984375,3.303958873780623,normal
1.2981800887114097,-107.3946762084961,3.303958873780623,normal
1.5224931137470137,-10.441246032714844,3.303958873780623,normal
1.8788136282985592,-7.955589294433594,3.303958873780623,normal
1.6295498480246358,-38.2672119140625,3.303958873780623,normal
1.3539692801739132,-17.832298278808594,3.303958873780623,normal
1.8590669029969635,-48.78181457519531,0.9531518642751431,normal
1.8605883598591828,-30.265045166015625,0.9531518642751431,normal
1.8408516490611382,-41.60614013671875,0.8458375273869532,normal
1.7443660312954044,35.44830322265625,0.8458375273869532,normal
2.2625650713744525,12.55645751953125,0.8458375273869532,normal
1.9046299565328866,-12.348747253417969,0.8458375273869532,normal
1.8304900345208786,5.9186553955078125,0.8458375273869532,normal
2.018597493914752,-22.384185791015625,0.8458375273869532,normal
1.7118034996259972,22.914161682128906,0.8458375273869532,normal
2.5077061601271353,-54.45396423339844,0.8458375273869532,normal
2.657418293435914,-0.8777618408203125,0.8458375273869532,normal
1.49233461505789,-8.039817810058594,1.165083678378024,normal
1.957583881042722,6.065826416015625,1.165083678378024,normal
2.1084729820870445,-7.9149627685546875,1.165083678378024,normal
1.962878146551437,-0.1611328125,1.165083678378024,normal
1.4619419773383024,-12.901840209960938,1.165083678378024,normal
1.6151226771845415,-11.60980224609375,1.165083678378024,normal
1.1847283546079979,-10.697822570800781,1.165083678378024,normal
1.4450041009649472,-19.289474487304688,1.165083678378024,normal
1.3200624610897624,12.234420776367188,1.165083678378024,normal
1.4768473566222833,-66.23279571533203,1.165083678378024,normal
1.2713516697806464,-18.174705505371094,1.165083678378024,normal
0.6484437203044835,-36.628761291503906,1.165083678378024,normal
0.8577915039732847,-19.240036010742188,1.165083678378024,normal
0.5318726870231157,1.8111419677734375,1.165083678378024,normal
0.44938614230333984,-9.091300964355469,1.165083678378024,normal
1.1118307663888907,-25.6036376953125,1.165083678378024,normal
1.6741349792016247,-40.21110534667969,1.165083678378024,normal
0.7039712575415719,-61.76708221435547,1.165083678378024,normal
0.8540498259043722,-27.765769958496094,1.165083678378024,normal
2.9494381719076777,-7.052764892578125,2.0953883460033054,normal
2.73257861071769,-17.570743560791016,2.0953883460033054,normal
3.406216535615595,-67.94769287109375,2.0953883460033054,normal
5.346494448396137,-56.5880012512207,2.0953883460033054,normal
4.019724178773057,19.166107177734375,2.0953883460033054,normal
4.9230027096113975,15.86648941040039,2.0953883460033054,normal
5.019195010162676,-10.42327880859375,2.0953883460033054,normal
5.073317947770711,-87.87769317626953,2.0953883460033054,normal
5.599509440467501,77.22959518432617,2.0953883460033054,normal
5.400792273341981,-11.29812240600586,2.0953883460033054,normal
5.282363663956548,-52.24811553955078,2.0953883460033054,normal
4.208274491431343,-65.23693084716797,2.0953883460033054,normal
5.359035103296887,20.51382064819336,2.0953883460033054,normal
3.7394937515517257,-79.98916625976562,2.0953883460033054,normal
3.9510051988723185,-26.208171844482422,2.0953883460033054,normal
3.837519000642384,-35.93822479248047,2.0953883460033054,normal
3.751399839675593,0.009670257568359375,2.0953883460033054,normal
3.4133764602608374,-30.60150146484375,2.0953883460033054,normal
3.098469294807704,-57.91288375854492,2.0953883460033054,normal
2.5405548912389606,-48.21550369262695,2.0953883460033054,normal
2.3369985130677944,-12.222347259521484,2.0953883460033054,normal
2.737093390086927,-44.323482513427734,2.0953883460033054,normal
2.807626729136287,-0.16153335571289062,2.0953883460033054,normal
1.9859642493013325,-35.77211380004883,2.0953883460033054,normal
1.529899706935613,-60.001258850097656,2.0953883460033054,normal
1.7048809996965983,12.995281219482422,2.0953883460033054,normal
1.1912681234223823,4.039936065673828,2.0953883460033054,normal
0.15032997755588276,19.498214721679688,2.0953883460033054,normal
0.24436685905528574,14.012031555175781,2.0953883460033054,normal
1.1759600873422018,-22.34447479248047,2.0953883460033054,normal
0.6860838267928878,26.251258850097656,1.9402779127805418,normal
1.045268122414875,17.25820541381836,1.9402779127805418,normal
1.0972521403289446,69.13536071777344,1.9402779127805418,normal
2.1726593548978856,15.949115753173828,1.6195413517451613,normal
2.646430784196967,38.83186340332031,1.6195413517451613,normal
5.504998923115449,-6.057071685791016,2.8585681389184816,normal
7.467769422878128,58.001461029052734,2.8585681389184816,normal
9.746874700381253,78.78164291381836,2.8585681389184816,normal
10.069805802620802,78.79812240600586,2.8585681389184816,normal
13.735892769502003,73.00849914550781,3.666086966881201,normal
13.435414015029279,212.10302352905273,3.666086966881201,normal
16.59868955356547,109.07546997070312,3.666086966881201,normal
19.725563799784844,181.96340560913086,3.666086966881201,normal
19.36762065821763,163.25477600097656,3.666086966881201,normal
23.24580115281451,144.8590850830078,3.878180494596883,normal
22.17501718555469,248.65516662597656,3.878180494596883,normal
22.977135336085563,165.1110076904297,3.878180494596883,normal
25.57152589580019,197.33402252197266,3.878180494596883,normal
21.351752641316708,216.87423706054688,4.219773254483481,normal
30.057510556794984,68.6648941040039,8.705757915478276,normal
11.242641293480744,682.4600601196289,18.81486926331424,normal
18.05908836699446,-69.96139526367188,18.81486926331424,normal
20.63638004489659,34.68463897705078,18.81486926331424,normal
17.28085364297243,228.79623413085938,18.81486926331424,normal
20.844115026549062,42.205352783203125,18.81486926331424,normal
17.215636663465357,277.0064163208008,18.81486926331424,normal
20.31170611734433,121.86779022216797,18.81486926331424,normal
28.2781523070211,19.30400848388672,18.81486926331424,normal
33.53901834261464,10.956001281738281,18.81486926331424,normal
34.25043826841103,-16.794204711914062,18.81486926331424,normal
32.084921958586726,159.91458892822266,18.81486926331424,normal
28.77030745906465,145.4146957397461,18.81486926331424,normal
27.020462390947312,129.8605728149414,18.81486926331424,normal
26.19182518682932,51.537322998046875,18.81486926331424,normal
23.206620322529968,71.59503936767578,18.81486926331424,normal
22.80262124755114,24.41619873046875,18.81486926331424,normal
27.4164761111621,-91.62357330322266,18.81486926331424,normal
28.99033497940901,29.472427368164062,18.81486926331424,normal
23.123173520722577,42.793922424316406,18.81486926331424,normal
21.859238177383613,163.06262969970703,18.81486926331424,normal
28.15240668461917,-172.87124633789062,18.81486926331424,normal
25.410566407513116,-61.31275177001953,18.81486926331424,normal
23.826056722953506,74.10850524902344,18.81486926331424,normal
24.948029798230202,11.953010559082031,18.81486926331424,normal
25.742631857980864,-32.644500732421875,18.81486926331424,normal
25.144580347230416,-56.51561737060547,18.81486926331424,normal
16.50433240590893,241.16294860839844,18.81486926331424,normal
29.549719415802368,-440.22216796875,18.81486926331424,normal
31.18015958176318,-121.09085083007812,18.81486926331424,normal
28.19572692505938,-6.168937683105469,18.81486926331424,normal
25.721072983402152,-110.2276611328125,13.045387009893439,normal
28.026739444046356,-101.6788101196289,13.045387009893439,normal
31.19481631359545,-122.7260971069336,13.045387009893439,normal
30.547526402312105,-127.6834487915039,13.045387009893439,normal
13.868459929417169,208.43719482421875,16.679066472894938,normal
15.069856169643822,-143.5165786743164,16.679066472894938,normal
9.674002890358098,-102.388916015625,16.679066472894938,normal
12.030474298507833,-272.4549865722656,16.679066472894938,normal
11.662096161038628,-24.646568298339844,16.679066472894938,normal
16.505568137343104,-197.97317504882812,16.679066472894938,normal
9.95764496164133,32.47821807861328,16.679066472894938,normal
9.719100616363797,-206.94717407226562,16.679066472894938,normal
20.640958183642987,-454.55875396728516,16.679066472894938,normal
12.517218472888546,-74.32891845703125,16.679066472894938,normal
9.836841572339498,-47.40875244140625,16.679066472894938,normal
13.276420682337232,-265.58361053466797,16.679066472894938,normal
11.769556535267856,-215.44429779052734,16.679066472894938,normal
14.86241483551211,-227.87155151367188,16.679066472894938,normal
14.583277026850261,-154.49729919433594,16.679066472894938,normal
17.297710545699157,-143.1203842163086,16.679066472894938,normal
14.220979643336024,-61.763763427734375,16.679066472894938,normal
12.985684192175194,-110.3085708618164,16.679066472894938,normal
10.903521984639042,-134.88996505737305,16.679066472894938,normal
10.031140832606306,-91.5058708190918,16.679066472894938,normal
9.404088963670244,-74.38934326171875,16.679066472894938,normal
7.713340797014501,-50.07883071899414,16.679066472894938,normal
6.727943691855619,-73.68101119995117,16.679066472894938,normal
5.0435437007256665,-32.137699127197266,16.679066472894938,normal
4.6055156933193375,3.4484481811523438,16.679066472894938,normal
5.184340741005414,-53.74797821044922,16.679066472894938,normal
4.826643173470109,-75.93011856079102,16.679066472894938,normal
3.7320105450070837,2.593402862548828,16.679066472894938,normal
3.4679006167639614,-39.4160270690918,16.679066472894938,normal
2.6539619763082323,11.496505737304688,16.679066472894938,normal
2.403725617155216,7.102947235107422,10.92185756727919,normal
2.3413395670845696,-5.300788879394531,10.92185756727919,normal
2.5134328205675507,-0.4259490966796875,10.92185756727919,normal
1.6915415383472472,4.571285247802734,10.92185756727919,normal
1.8208561254819473,45.451297760009766,10.92185756727919,normal
1.7833038370744196,-46.08421325683594,10.92185756727919,normal
2.13973876733206,18.926410675048828,10.92185756727919,normal
0.35163985356953964,11.254463195800781,10.92185756727919,normal
0.012648123324801247,7.090930938720703,8.12373971075444,normal
0.8570435977212237,15.90047836303711,3.4395791099977338,normal
0.09380432896386301,-58.520565032958984,3.4395791099977338,normal
1.1241496095516625,10.20853042602539,3.092858300244254,normal
1.1343586970912232,-2.8799057006835938,3.092858300244254,normal
1.4096396857804134,10.697193145751953,3.076730902363133,normal
1.8938941663850795,-17.890663146972656,3.076730902363133,normal
3.5524355893877013,0.0,0.0,normal
1.9426108705510574,53.34217071533203,1.609824718836644,normal
3.6144671873751584,-90.60733795166016,1.671856316824101,normal
4.329802600196581,91.95098876953125,1.671856316824101,normal
3.4165989601287303,-128.66844177246094,1.671856316824101,normal
3.6902277362987905,-52.10884094238281,1.671856316824101,normal
3.294304259606441,-20.222396850585938,1.671856316824101,normal
3.52877113581205,45.1190185546875,1.671856316824101,normal
4.079398578409599,-18.855743408203125,1.671856316824101,normal
4.4866487171351075,7.6009368896484375,1.671856316824101,normal
5.59578303726314,49.64813232421875,1.671856316824101,normal
2.811768052654993,-81.97872161865234,2.784014984608147,normal
2.388138081836688,-54.74681854248047,2.784014984608147,normal
3.2134057427750253,2.9780960083007812,2.784014984608147,normal
0.9718814318172048,-39.859886169433594,2.784014984608147,normal
1.7362438513332614,-1.4507675170898438,2.784014984608147,normal
2.6817463817199214,-61.64337158203125,2.784014984608147,normal
2.386065986584899,47.63568878173828,2.784014984608147,normal
1.5604547363336299,70.73123931884766,2.784014984608147,normal
1.1710502694263527,-39.39960479736328,2.784014984608147,normal
1.8531335225879357,25.007171630859375,2.784014984608147,normal
2.1005241576332554,94.18384552001953,2.784014984608147,normal
2.2425087255229723,-87.10338592529297,2.784014984608147,normal
0.8059439788031083,-6.558265686035156,2.784014984608147,normal
2.1103086922413756,-83.76113891601562,2.784014984608147,normal
0.40080697886995653,-4.5421600341796875,2.784014984608147,normal
1.265687047342037,40.556488037109375,2.784014984608147,normal
0.05847561517033933,-145.27873992919922,2.784014984608147,normal
1.1664920230428877,24.9151611328125,2.784014984608147,normal
2.302579705101479,34.04582977294922,2.784014984608147,normal
2.7231341252261276,-64.2245864868164,2.784014984608147,normal
1.5080112330133078,-38.102874755859375,2.784014984608147,normal
3.870383297302964,30.322608947753906,2.784014984608147,normal
5.045053917045388,-26.781692504882812,2.784014984608147,normal
2.7526941375784975,-47.31159210205078,2.784014984608147,normal
3.2978687587753512,63.410797119140625,2.784014984608147,normal
1.9635104338523965,-6.4505767822265625,2.784014984608147,normal
3.3532133591694104,-5.045814514160156,2.784014984608147,normal
2.4815278054053507,-25.024681091308594,2.784014984608147,normal
2.8082801581339774,12.526016235351562,2.784014984608147,normal
1.204561160658971,1.3406753540039062,2.784014984608147,normal
2.9860121108874957,-26.7462158203125,2.362372064289656,normal
3.6333909925037418,-1.011199951171875,2.362372064289656,normal
2.6452213637228015,-59.65221405029297,2.362372064289656,normal
1.9653445836803227,65.20259857177734,2.362372064289656,normal
0.35932121547201923,11.422004699707031,2.362372064289656,normal
1.0625639568358831,17.573890686035156,2.362372064289656,normal
0.950958714430369,34.48539733886719,2.362372064289656,normal
0.16159795472306407,-43.625221252441406,2.362372064289656,normal
1.8090408235962188,6.355705261230469,2.362372064289656,normal
1.4527869480237938,-5.7396697998046875,2.362372064289656,normal
2.8441023873456395,-74.794921875,2.362372064289656,normal
0.11923847577715671,-14.685859680175781,2.724863911568483,normal
0.43741136519516044,-64.41970825195312,2.724863911568483,normal
0.3610364767933799,-28.40618133544922,2.724863911568483,normal
0.02031476351780207,-38.818016052246094,2.724863911568483,normal
0.6520867475049829,12.103042602539062,2.724863911568483,normal
0.11714876761729592,8.920211791992188,2.724863911568483,normal
0.7268403754446054,-19.870834350585938,2.724863911568483,normal
0.7990258754754984,-14.970359802246094,2.724863911568483,normal
0.4855273622688994,-29.537086486816406,2.724863911568483,normal
0.8908624726753916,8.111457824707031,2.724863911568483,normal
1.5401984558064024,1.6938400268554688,2.724863911568483,normal
1.2756446981500071,-35.10475158691406,2.724863911568483,normal
2.2613639183885788,15.065116882324219,2.724863911568483,normal
1.8272777983177089,-21.860504150390625,2.724863911568483,normal
2.97850829904347,-35.79620361328125,2.724863911568483,normal
1.9057518306345405,45.61717987060547,2.724863911568483,normal
1.8900093135230436,-33.96034240722656,2.724863911568483,normal
1.1925119098935246,-51.446800231933594,2.724863911568483,normal
1.0890743460705532,36.98707580566406,2.724863911568483,normal
1.9336908581383758,-42.76863098144531,2.724863911568483,normal
1.7604977287153123,-78.8785171508789,2.724863911568483,normal
2.190512178864324,-28.053817749023438,2.724863911568483,normal
1.5028174008954998,-91.51382446289062,2.724863911568483,normal
1.588051691505404,18.75812530517578,2.724863911568483,normal
1.0355094062022239,-4.1315460205078125,2.724863911568483,normal
0.6933563343070276,-11.551780700683594,2.724863911568483,normal
0.632942374001335,-23.530540466308594,2.724863911568483,normal
0.07049990294411322,-18.520889282226562,2.724863911568483,normal
0.31410372982706686,-28.222732543945312,2.724863911568483,normal
0.9010906870968735,-40.27931213378906,2.724863911568483,normal
0.9606820873870365,-18.691635131835938,1.1512305007257613,normal
1.18573468095151,-12.181549072265625,1.1512305007257613,normal
1.2710074970343228,-5.919685363769531,1.1512305007257613,normal
1.1669680328693648,-46.155853271484375,1.1512305007257613,normal
1.4795310802830854,-33.45314025878906,1.1512305007257613,normal
1.2391893230068112,45.55824279785156,1.1512305007257613,normal
1.0729872402738392,-8.810691833496094,1.1512305007257613,normal
0.7100512955972513,-4.405975341796875,1.1512305007257613,normal
1.553261451475653,-36.8243408203125,1.1512305007257613,normal
1.6004653044684687,47.30827331542969,1.1512305007257613,normal
1.3954242894767108,-7.406272888183594,1.1512305007257613,normal
0.14685269719301675,-19.557952880859375,1.2485715922836942,normal
0.3458221618608582,36.024513244628906,1.2485715922836942,normal
0.030518340956122384,-26.015396118164062,1.2485715922836942,normal
0.8527561569810231,-11.864662170410156,1.2485715922836942,normal
0.517507686546715,-9.94720458984375,1.2485715922836942,normal
0.6424620242590765,-66.83635711669922,1.2485715922836942,normal
0.10113650738554264,2.4633407592773438,1.2485715922836942,normal
0.20533629939965672,-25.260086059570312,1.2485715922836942,normal
0.16966247677711244,-58.783836364746094,1.2485715922836942,normal
0.4154470896334868,-21.08745574951172,1.2485715922836942,normal
0.25003948439146806,-35.13347625732422,1.2485715922836942,normal
0.4187305675909674,8.858871459960938,1.2485715922836942,normal
0.330077949727824,-40.476837158203125,1.2485715922836942,normal
1.236542023602773,-14.608497619628906,1.2485715922836942,normal
1.1183052264823425,-7.3862457275390625,1.2485715922836942,normal
1.7718274604595465,-41.904144287109375,1.2485715922836942,normal
2.0189151424782716,-16.978282928466797,1.2485715922836942,normal
2.334339395373443,0.6789207458496094,1.2485715922836942,normal
2.1939120328755393,27.194252014160156,1.2485715922836942,normal
2.9077687661042964,5.2581024169921875,1.2485715922836942,normal
3.0633294733123537,-41.192264556884766,1.2485715922836942,normal
3.0838922971808183,-10.29510498046875,1.2485715922836942,normal
2.917003126694672,3.4596633911132812,1.2485715922836942,normal
2.5993290206450506,-22.443866729736328,1.2485715922836942,normal
2.154476938510905,-52.23512649536133,1.2485715922836942,normal
2.130932190545539,26.94620132446289,1.2485715922836942,normal
1.643650923354718,-12.308578491210938,1.2485715922836942,normal
1.6909987534371262,-11.841888427734375,1.2485715922836942,normal
0.7513790359167373,-27.729949951171875,1.2485715922836942,normal
1.131887456765399,-50.47719955444336,1.2485715922836942,normal
0.5403402026649788,-41.574153900146484,0.939619717520389,normal
0.1379632798681222,-41.97206497192383,0.939619717520389,normal
0.1178148727708171,21.810035705566406,0.939619717520389,normal
0.5450144553490694,-74.73031997680664,0.939619717520389,normal
1.2598525577853164,-12.318477630615234,0.939619717520389,normal
1.70076219552431,-72.63296127319336,0.939619717520389,normal
1.8986640191375528,12.561893463134766,0.939619717520389,normal
2.3411518443254167,-5.733890533447266,0.939619717520389,normal
2.5842145211818375,7.046356201171875,0.939619717520389,normal
2.442489300711695,-72.41907119750977,0.939619717520389,normal
2.600050883070421,3.6690330505371094,0.939619717520389,normal
2.7854939472738627,-0.25920867919921875,0.939619717520389,normal
3.8061381769968348,-4.189338684082031,1.020644229722972,normal
3.866234377308243,-62.06560134887695,1.020644229722972,normal
3.6663885523852637,-26.60654067993164,1.020644229722972,normal
4.138321774690835,-42.214107513427734,1.020644229722972,normal
3.9718577847014216,-3.6972427368164062,1.020644229722972,normal
4.832680854690612,-26.36758804321289,1.020644229722972,normal
4.744149130197507,-38.77470016479492,1.020644229722972,normal
6.722186580990676,-61.690635681152344,1.9780374507931686,normal
7.300311870137434,-11.499366760253906,1.9780374507931686,normal
7.330900578727725,-19.434242248535156,1.9780374507931686,normal
6.780328576451768,7.738380432128906,1.9780374507931686,normal
7.432658014346975,-20.825271606445312,1.9780374507931686,normal
8.339993792731764,-6.690216064453125,1.9780374507931686,normal
10.66131414033775,-26.303558349609375,2.321320347605985,normal
11.675546485761307,91.40493392944336,2.321320347605985,normal
15.81811665522298,-5.953330993652344,4.142570169461672,normal
16.781559007510204,176.87049865722656,4.142570169461672,normal
18.27139362876583,111.45423889160156,4.142570169461672,normal
19.939599480131555,135.4076385498047,4.142570169461672,normal
21.87914907772953,90.2267074584961,4.142570169461672,normal
21.37586744016481,183.46223831176758,4.142570169461672,normal
24.84423113622455,165.83833694458008,4.142570169461672,normal
28.318843515990356,178.00609588623047,4.142570169461672,normal
31.34639989143121,141.61788940429688,4.142570169461672,normal
33.73789910106234,116.56780242919922,4.142570169461672,normal
38.484020966663245,275.1866912841797,4.746121865600905,normal
35.32071470925411,157.79376983642578,4.746121865600905,normal
37.9956015103897,232.69546508789062,4.746121865600905,normal
35.61613581963994,129.80724334716797,4.746121865600905,normal
40.20949244923142,168.7884521484375,4.746121865600905,normal
37.73651060934617,130.89466094970703,4.746121865600905,normal
44.00540526932815,-108.88938903808594,6.2688946599819815,normal
25.088815309541744,385.92063903808594,18.916589959786407,normal
45.4828314601016,249.51427459716797,20.394016150559857,normal
44.97748382837165,211.63753509521484,20.394016150559857,normal
42.703311434096214,200.6664276123047,20.394016150559857,normal
44.87458733130623,-15.954208374023438,20.394016150559857,normal
38.15411877572885,-106.7593002319336,20.394016150559857,normal
24.761394374037014,81.27742767333984,20.394016150559857,normal
37.676849441936355,42.032432556152344,20.394016150559857,normal
44.12999928805751,180.97240447998047,20.394016150559857,normal
38.390138128416815,-194.2782211303711,20.394016150559857,normal
22.46087423973785,23.396072387695312,20.394016150559857,normal
34.99538376300654,206.71737670898438,20.394016150559857,normal
34.06792143137286,94.903564453125,20.394016150559857,normal
33.45848472759536,43.033103942871094,20.394016150559857,normal
32.6726364644674,217.61409759521484,20.394016150559857,normal
0.17932274900440218,1626.6168594360352,32.493313715463,normal
3.294515186656559,-1289.5820617675781,32.493313715463,normal
23.75607632987621,-346.9486999511719,32.493313715463,normal
17.51141127058417,-143.47057342529297,32.493313715463,normal
26.73328973561388,-14.499778747558594,32.493313715463,normal
27.062258001139828,16.22486114501953,32.493313715463,normal
27.848404002293158,115.5721664428711,32.493313715463,normal
27.218622858095234,107.9391860961914,32.493313715463,normal
26.457404170915172,-156.3372802734375,32.493313715463,normal
11.916900704624505,-131.27368927001953,32.493313715463,normal
32.854595209739784,80.98102569580078,32.493313715463,normal
27.333982691163815,-5.739097595214844,32.493313715463,normal
28.92794069039701,76.49574279785156,32.493313715463,normal
28.686454186881843,-115.37017822265625,32.493313715463,normal
30.745956892254043,-128.28369140625,32.493313715463,normal
33.41741543248504,-8.372611999511719,32.493313715463,normal
12.477929487579429,601.0857009887695,32.493313715463,normal
30.063438659571613,-733.1438827514648,32.493313715463,normal
28.924227888674736,-59.225006103515625,32.493313715463,normal
32.16503824658506,-105.98865509033203,32.493313715463,normal
38.13101737683072,-101.64619445800781,32.493313715463,normal
34.65703287316761,35.50861358642578,32.493313715463,normal
34.59504901240461,-283.2484817504883,32.493313715463,normal
37.548390873516354,-86.2704849243164,32.493313715463,normal
40.84538766782607,-263.4828186035156,32.493313715463,normal
42.32630274825336,-104.3353271484375,32.493313715463,normal
42.809715290499405,-201.52015686035156,32.493313715463,normal
42.10530730138504,-161.16634368896484,32.493313715463,normal
39.228645652188625,-310.0228500366211,32.493313715463,normal
41.64035069564053,-170.8014678955078,32.493313715463,normal
44.77040796982634,-230.56079864501953,20.939485944905613,normal
39.02691673045742,-176.82369232177734,20.939485944905613,normal
37.29349552658316,-191.9538116455078,20.939485944905613,normal
36.75050093285418,-221.62525177001953,20.939485944905613,normal
34.984382425094616,-174.9514389038086,20.939485944905613,normal
34.60399757295148,-242.5045394897461,20.939485944905613,normal
34.327362309729494,-118.00495147705078,20.939485944905613,normal
33.25932531539067,-139.541015625,20.939485944905613,normal
25.728396667428,45.300865173339844,20.939485944905613,normal
22.594974810274866,-52.800636291503906,20.939485944905613,normal
20.47464294152904,-99.42638397216797,20.939485944905613,normal
19.30866190507829,-63.3112907409668,20.939485944905613,normal
18.628636725903604,-123.06243896484375,20.939485944905613,normal
16.733474710996116,-46.64285659790039,20.939485944905613,normal
14.445693315659655,-0.034332275390625,20.939485944905613,normal
12.71733909027988,-103.0978775024414,20.939485944905613,normal
11.05852047294055,-44.198341369628906,17.585509171992186,normal
8.817425382931727,-8.672218322753906,7.530928647962668,normal
7.529603486937226,38.07483673095703,7.530928647962668,normal
5.840878204802304,-66.81175231933594,7.530928647962668,normal
4.879829255898997,-61.051597595214844,7.530928647962668,normal
4.0987822101118425,-28.64421844482422,7.530928647962668,normal
3.2231856708581623,30.931434631347656,7.530928647962668,normal
1.117777354736184,-39.97352600097656,7.530928647962668,normal
0.3381623234019269,25.52410125732422,7.530928647962668,normal
0.3705806190213179,-21.82056427001953,7.530928647962668,normal
1.6480013091583168,-30.383033752441406,7.530928647962668,normal
2.548245796289327,17.654342651367188,7.530928647962668,normal
2.1035390475985647,17.560386657714844,7.530928647962668,normal
2.507219887405441,0.0,0.0,normal
4.14525161191714,-81.3614273071289,1.6380317245116989,normal
4.589673119017892,37.05780029296875,1.6380317245116989,normal
2.5997925294661104,-133.20545196533203,1.9898805895517815,normal
2.058731570810439,-79.48539733886719,1.9898805895517815,normal
4.570341956594621,136.04965209960938,2.5116103857841825,normal
4.603906821289092,6.353302001953125,2.5116103857841825,normal
1.8698417591442682,-64.23637390136719,2.7340650621448237,normal
3.6541785160126623,-46.99115753173828,2.7340650621448237,normal
3.9949387872361592,18.916053771972656,2.7340650621448237,normal
3.341456515385951,32.1734619140625,2.7340650621448237,normal
3.0323175940933136,-58.592376708984375,2.7340650621448237,normal
1.7049285307758424,144.2461395263672,2.7340650621448237,normal
4.926469736430333,-205.59070587158203,3.22154120565449,normal
3.183828386276801,-30.963821411132812,3.22154120565449,normal
5.14441077528148,20.015830993652344,3.22154120565449,normal
4.301000525920956,45.93097686767578,3.22154120565449,normal
2.403933442314678,-35.44258117675781,3.22154120565449,normal
2.044203740673551,169.13841247558594,3.22154120565449,normal
2.0354526751114705,-93.29658508300781,3.22154120565449,normal
0.36255164490308234,-30.882568359375,3.22154120565449,normal
1.7727080473475914,12.121925354003906,3.22154120565449,normal
0.3795975825687924,8.479270935058594,3.22154120565449,normal
1.0148830051216777,-39.48497772216797,3.22154120565449,normal
0.8167782617992841,41.31065368652344,3.22154120565449,normal
0.689442788708111,-91.27384185791016,3.22154120565449,normal
0.6836717051270803,63.58440399169922,3.22154120565449,normal
1.2989485000702414,-108.22460174560547,3.22154120565449,normal
2.125569912659671,21.70543670654297,3.22154120565449,normal
1.986419675673012,-101.08509063720703,3.22154120565449,normal
0.7745347066379342,-17.02320098876953,3.22154120565449,normal
3.0762800021572914,-28.865318298339844,3.22154120565449,normal
3.6062427523068976,-10.822219848632812,3.22154120565449,normal
3.114601243761665,-40.80848693847656,3.22154120565449,normal
2.973370247358361,-7.4947357177734375,3.22154120565449,normal
3.87028667930475,-44.36851501464844,3.22154120565449,normal
3.0053704511590293,7.1514129638671875,3.22154120565449,normal
3.2351084073588727,71.73465728759766,3.22154120565449,normal
3.1544638006264116,-51.79298400878906,3.22154120565449,normal
3.2939454719682906,-4.359283447265625,3.22154120565449,normal
3.3902238968976235,-12.222404479980469,3.22154120565449,normal
3.4025095927585505,25.113487243652344,3.22154120565449,normal
2.7975639650764736,0.17726898193359375,3.22154120565449,normal
0.5691831687626467,-27.92266845703125,2.301745295519357,normal
3.810477128233368,-20.284767150878906,3.2412939594707213,normal
2.535305271270907,-18.083724975585938,3.2412939594707213,normal
2.5717619160190193,71.3759994506836,3.2412939594707213,normal
1.1002388801979033,-66.79264068603516,3.2412939594707213,normal
1.1979180779639391,26.31500244140625,3.2412939594707213,normal
0.13117958758976128,36.812896728515625,3.2412939594707213,normal
0.4323611890428855,-12.3687744140625,3.2412939594707213,normal
0.158359307227938,55.50384521484375,3.2412939594707213,normal
0.22634070876333276,-14.660453796386719,3.2412939594707213,normal
1.460409429405127,-29.710235595703125,3.2412939594707213,normal
1.158669181105982,38.859901428222656,3.2412939594707213,normal
0.9457186090276503,-69.49378967285156,3.2412939594707213,normal
0.2324912160763784,-6.098785400390625,3.2412939594707213,normal
0.23527075284292215,-89.48455810546875,3.2412939594707213,normal
0.3451661683836271,-19.775619506835938,3.2412939594707213,normal
0.5555197318516869,-27.96295166015625,3.2412939594707213,normal
0.8808670954466079,-23.307151794433594,3.2412939594707213,normal
1.1902571763415988,-11.495704650878906,3.2412939594707213,normal
1.0940812931498638,3.0485916137695312,3.2412939594707213,normal
2.3648456145236616,-15.890350341796875,3.2412939594707213,normal
2.106419579000614,-5.1844024658203125,3.2412939594707213,normal
2.281999081786948,21.91852569580078,3.2412939594707213,normal
1.307712162683827,-26.732940673828125,3.2412939594707213,normal
2.167591130652144,9.453620910644531,3.2412939594707213,normal
3.289874775122887,-33.55339050292969,3.2412939594707213,normal
2.5733561274983385,20.768051147460938,3.2412939594707213,normal
3.4856040693585726,-31.326942443847656,3.2412939594707213,normal
3.2262507347643257,15.889549255371094,3.2412939594707213,normal
2.8958112389901323,-18.06964874267578,3.2412939594707213,normal
3.2676801157459554,13.624992370605469,3.2412939594707213,normal
3.529347396239928,16.065216064453125,1.471523035821116,normal
2.3473236643991564,-75.97892761230469,1.471523035821116,normal
3.025095571421931,38.51829528808594,1.471523035821116,normal
2.8663436429795137,-41.6400146484375,1.2707643213737978,normal
2.481594822350315,5.3304290771484375,1.2707643213737978,normal
1.2860837244114591,-16.96186065673828,1.2707643213737978,normal
1.9489231050951445,-5.220222473144531,1.2707643213737978,normal
1.7566119454751346,-102.30743408203125,1.2707643213737978,normal
1.0836983037059447,-23.506736755371094,1.2707643213737978,normal
1.0645009856582408,-53.43029022216797,1.2707643213737978,normal
1.6013933297828564,18.7921142578125,1.2707643213737978,normal
0.9195122841267849,-43.854331970214844,1.2707643213737978,normal
0.32767024743047335,-58.63494873046875,1.2707643213737978,normal
0.7462876867869435,-0.14007568359375,1.2707643213737978,normal
0.31884643961392384,-24.32750701904297,1.2707643213737978,normal
0.21055802659056397,17.41985321044922,1.2707643213737978,normal
0.2846997676264264,-46.336326599121094,1.2707643213737978,normal
0.4152602956829794,-33.18580627441406,1.2707643213737978,normal
0.41393360014911573,11.106948852539062,1.2707643213737978,normal
0.569126186491983,-17.52124786376953,1.1955110979388557,normal
0.9739106614428509,-2.3006057739257812,1.1955110979388557,normal
1.2722507462964467,-12.172966003417969,1.1955110979388557,normal
1.1282659502258796,-10.607872009277344,1.1955110979388557,normal
0.9518210105293923,13.078765869140625,1.1955110979388557,normal
0.7046700623445163,-30.772132873535156,1.1955110979388557,normal
0.9557420110189385,6.791038513183594,1.1955110979388557,normal
0.594927197288853,23.35430145263672,1.1955110979388557,normal
0.9657833212666213,-27.91728973388672,1.1955110979388557,normal
0.11499782756770582,-19.123306274414062,1.1955110979388557,normal
0.2469758050732763,17.28984832763672,1.1955110979388557,normal
0.046509441017176176,-2.0066070556640625,1.1955110979388557,normal
0.5276665044555238,16.37523651123047,1.1955110979388557,normal
0.9659727939066545,-39.2413330078125,1.1955110979388557,normal
0.2133628134028045,-88.15921783447266,1.1955110979388557,normal
1.0200286988654756,22.654151916503906,1.1955110979388557,normal
1.5676415504351184,-51.41613006591797,0.8507854936989154,normal
1.1362727927107668,-3.762359619140625,0.8507854936989154,normal
1.6034968054913057,-26.745986938476562,0.8507854936989154,normal
1.2904182744246662,12.733268737792969,0.8507854936989154,normal
1.6638940775438558,-82.56122589111328,0.8507854936989154,normal
2.1454518202912185,-38.368492126464844,0.8507854936989154,normal
1.5820566121925104,-0.2696800231933594,0.8507854936989154,normal
2.541328452879602,21.584014892578125,0.9592718406870915,normal
2.519147872488608,-32.77061462402344,0.9592718406870915,normal
2.32054792708692,3.913249969482422,0.9592718406870915,normal
2.710682292415422,-50.10566711425781,0.9592718406870915,normal
2.885119031132533,-14.537372589111328,0.9592718406870915,normal
3.5270385381065372,-47.1141242980957,0.9592718406870915,normal
3.0133229470172673,-45.53638458251953,0.9592718406870915,normal
2.6398869832677128,-35.07734298706055,0.9592718406870915,normal
3.4486229343433505,6.671333312988281,0.9592718406870915,normal
3.336075230450175,38.16141128540039,0.9592718406870915,normal
2.7104266182920096,-66.17780685424805,0.9592718406870915,normal
2.9691779463223456,7.904834747314453,0.9592718406870915,normal
2.3248184168062225,-12.846565246582031,0.9592718406870915,normal
2.3928907157660078,-67.53890991210938,0.9592718406870915,normal
3.5617838490592852,-39.36492919921875,1.1688931332932775,normal
1.642298497467755,-31.067733764648438,1.9194853515915302,normal
1.188912880941279,-34.74100112915039,1.9194853515915302,normal
0.7784905083702627,-11.318435668945312,1.9194853515915302,normal
1.0567055086961592,-51.93998336791992,1.9194853515915302,normal
2.1364977927840543,-65.03231048583984,1.9194853515915302,normal
2.354791614547228,-43.24728012084961,1.9194853515915302,normal
3.4483354674755993,-56.56991958618164,1.9194853515915302,normal
3.812696152766266,-40.27107238769531,1.9194853515915302,normal
4.282580688397064,-28.55358123779297,1.9194853515915302,normal
5.234274530582135,-30.945167541503906,1.9194853515915302,normal
4.92441765632385,-18.57685089111328,1.9194853515915302,normal
5.672729771477774,-36.03801727294922,1.9194853515915302,normal
5.327503271928092,34.761199951171875,1.9194853515915302,normal
5.910389836728723,16.35692596435547,1.9194853515915302,normal
5.710128929514929,-15.406723022460938,1.9194853515915302,normal
6.230929208596715,5.8673858642578125,1.9194853515915302,normal
6.0900667600095755,31.54541015625,1.9194853515915302,normal
6.021263551187094,57.703514099121094,1.9194853515915302,normal
6.505608015586896,49.7515869140625,1.9194853515915302,normal
5.020288394144809,152.77416229248047,1.9194853515915302,normal
6.6906936447825585,141.54052734375,1.9194853515915302,normal
8.010404846883027,209.4162368774414,1.9194853515915302,normal
7.785473107570657,203.84822845458984,1.9194853515915302,normal
9.750451674608447,270.11993408203125,1.9649785670377904,normal
12.440278970587231,221.5001678466797,2.689827295978784,normal
11.86490491569859,302.92476654052734,2.689827295978784,normal
16.245325820146064,231.75979614257812,4.380420904447474,normal
18.372625379648845,217.80853271484375,4.380420904447474,normal
16.21986625048525,347.5518035888672,4.380420904447474,normal
15.712892698174718,306.8678283691406,4.380420904447474,normal
13.525536245194749,213.9649200439453,4.380420904447474,normal
13.764988902403125,243.973388671875,4.380420904447474,normal
15.659623406700574,219.6441650390625,4.380420904447474,normal
14.755408981115538,127.51155853271484,4.380420904447474,normal
11.900417211631316,296.05384826660156,4.380420904447474,normal
10.706937497857568,118.67477416992188,4.380420904447474,normal
13.581683309085532,129.69348907470703,4.380420904447474,normal
12.207001376980914,276.4493179321289,4.380420904447474,normal
12.137049292058459,0.6611251831054688,4.380420904447474,normal
13.399269693347232,0.282440185546875,4.380420904447474,normal
15.79480606136375,-46.13433837890625,4.380420904447474,normal
14.45003228016157,164.28199768066406,4.380420904447474,normal
14.415095662459409,-60.35591125488281,4.380420904447474,normal
15.055344160985637,-50.396461486816406,4.380420904447474,normal
14.162243418425163,-75.06969451904297,4.380420904447474,normal
14.6973236280409,-54.927635192871094,4.380420904447474,normal
16.673015255326245,-246.72054290771484,4.380420904447474,normal
17.21036562117678,-12.981719970703125,4.380420904447474,normal
12.613482381144578,54.57000732421875,4.596883240032202,normal
17.057905865257172,-248.81916046142578,4.596883240032202,normal
17.38352538143756,-124.23728942871094,4.596883240032202,normal
14.363498490130375,-6.092033386230469,4.596883240032202,normal
15.273202570816096,-65.95355987548828,4.596883240032202,normal
16.224964779786134,-150.56774139404297,4.596883240032202,normal
13.073994358353218,-38.98246765136719,4.596883240032202,normal
20.531047846672532,-274.9833297729492,7.457053488319314,normal
18.95524610366288,-89.5407485961914,7.457053488319314,normal
18.31923502915402,-145.16887664794922,7.457053488319314,normal
17.722673999832825,-147.77606964111328,7.457053488319314,normal
15.176590996263027,-23.256797790527344,7.457053488319314,normal
16.036031820154488,-256.9175720214844,7.457053488319314,normal
14.149567319443994,-105.49301147460938,7.457053488319314,normal
14.177239199183086,-277.1824264526367,7.457053488319314,normal
12.815832041145947,-101.748046875,7.457053488319314,normal
13.470222225727419,-192.4463653564453,7.457053488319314,normal
10.964420315262293,-134.15977478027344,7.457053488319314,normal
12.039266264254147,-175.2206039428711,7.457053488319314,normal
11.881239732548986,-151.4330291748047,7.457053488319314,normal
10.793230312040654,-119.7659683227539,7.457053488319314,normal
12.753427477611389,-167.7249526977539,7.457053488319314,normal
10.214981615254224,-93.37715148925781,7.457053488319314,normal
10.132388139016218,-119.62600708007812,7.457053488319314,normal
7.708121365380606,-54.58442687988281,7.457053488319314,normal
8.464976157337905,-124.94213104248047,7.457053488319314,normal
7.522278107574207,-128.45672607421875,7.457053488319314,normal
6.25697047082285,-79.62936401367188,7.457053488319314,normal
5.8304645364328485,-100.69976806640625,7.457053488319314,normal
5.972176901468945,-124.31808471679688,7.457053488319314,normal
4.551580231178148,-88.60050201416016,7.457053488319314,normal
3.634601319767673,-22.194786071777344,7.457053488319314,normal
3.0544355990755916,-90.46096801757812,7.457053488319314,normal
2.69972458512589,-56.061058044433594,7.457053488319314,normal
1.9877898743600904,-17.71808624267578,7.457053488319314,normal
1.8099291342996027,-54.38037872314453,7.457053488319314,normal
0.9081947755198357,-67.20623016357422,7.457053488319314,normal
0.7509894851865604,-46.28654479980469,2.546083003569798,normal
0.26702045743604347,-59.23095703125,2.546083003569798,normal
0.6592908895070696,3.5903549194335938,2.546083003569798,normal
0.31937564000589763,-23.936004638671875,2.546083003569798,normal
0.19184203092871263,-5.471992492675781,2.5384458623571646,normal
1.8124283419922063,44.26048278808594,2.5384458623571646,normal
2.5213291232519093,-42.710723876953125,2.5384458623571646,normal
2.781193868790683,34.795875549316406,2.5384458623571646,normal
3.715595056198571,3.9678955078125,2.5384458623571646,normal
3.2619919950702942,-53.385772705078125,2.5384458623571646,normal
3.5111197288546614,35.968894958496094,2.5384458623571646,normal
4.474821533612844,0.46840667724609375,2.5384458623571646,normal
4.780663746186105,15.437278747558594,2.5384458623571646,normal
3.552871444809555,0.0,0.0,normal
3.1070541201224806,-291.92081451416016,0.44581732468707447,normal
1.9173164362788329,63.612098693847656,1.1897376838436478,normal
2.5809767314444056,-32.43095397949219,1.1897376838436478,normal
3.8886995285651267,50.707740783691406,1.307722797120721,normal
3.73107173599838,-60.042686462402344,1.307722797120721,normal
2.767465276936938,-21.951942443847656,1.307722797120721,normal
3.8076618137241427,-5.287628173828125,1.307722797120721,normal
3.5921881433642335,-78.91490936279297,1.307722797120721,normal
1.220948263089324,22.23255157470703,2.3712398802749095,normal
3.480208930184636,22.85419464111328,2.3712398802749095,normal
4.2632412826291395,42.41832733154297,2.3712398802749095,normal
0.6209082678620704,-60.436248779296875,3.642333014767069,normal
0.7866219510764706,-63.38298797607422,3.642333014767069,normal
3.1344505447487534,38.08204650878906,3.642333014767069,normal
1.8851547499503412,-79.48848724365234,3.642333014767069,normal
0.5051326281748035,97.0876693725586,3.642333014767069,normal
0.4214449367665133,-23.201980590820312,3.642333014767069,normal
1.0012208546956678,-14.630355834960938,3.642333014767069,normal
0.9690979866724726,2.30255126953125,3.642333014767069,normal
1.1749497058426623,5.074310302734375,3.642333014767069,normal
1.8738695073493175,70.07286071777344,3.642333014767069,normal
1.9380365155894457,-29.15393829345703,3.642333014767069,normal
1.1226153562568406,19.36054229736328,3.642333014767069,normal
0.9559070678889856,-20.924148559570312,3.642333014767069,normal
0.08944328149244894,3.601226806640625,3.642333014767069,normal
0.7515928885434844,-32.700233459472656,3.642333014767069,normal
2.3075492571391725,-71.82758331298828,3.642333014767069,normal
2.088423387521291,-5.670661926269531,3.642333014767069,normal
0.6258467218642916,-54.46025848388672,3.642333014767069,normal
3.04278546334201,-68.60092163085938,3.642333014767069,normal
3.3679847607843514,30.520362854003906,3.642333014767069,normal
3.451019774316088,-24.05902862548828,3.642333014767069,normal
2.735346031062902,74.25304412841797,3.642333014767069,normal
2.0319016039132145,-85.25619506835938,3.642333014767069,normal
3.350257623841395,-21.643524169921875,3.642333014767069,normal
3.0803015943571634,17.81078338623047,3.642333014767069,normal
4.127115746939344,-17.456588745117188,3.642333014767069,normal
1.816850442451244,-35.7257080078125,3.642333014767069,normal
2.8379469458402107,-35.41511535644531,3.642333014767069,normal
5.629552178442698,17.1771240234375,3.642333014767069,normal
2.838993914520511,10.195083618164062,3.642333014767069,normal
2.7008382996831655,23.731956481933594,2.7916052326024876,normal
0.09866766062040905,-9.779090881347656,2.7916052326024876,normal
1.1966566563512575,33.52569580078125,2.7916052326024876,normal
0.10324932972734809,7.90008544921875,2.7916052326024876,normal
0.16042678816046557,40.201377868652344,2.7916052326024876,normal
0.4204022470314472,-71.36844635009766,2.7916052326024876,normal
1.099215409323549,-12.788314819335938,2.7916052326024876,normal
2.27991141810126,-12.881240844726562,2.7916052326024876,normal
1.7165475520966897,-66.13780975341797,2.7916052326024876,normal
1.6320438645633373,-42.285003662109375,2.7916052326024876,normal
1.4152167570390455,-35.13725280761719,2.7916052326024876,normal
1.3078022548021977,-20.089187622070312,2.7916052326024876,normal
0.5554462657384286,33.783302307128906,2.7916052326024876,normal
0.7683744030294732,-35.86051940917969,2.7916052326024876,normal
0.24563499983599554,-10.732841491699219,2.7916052326024876,normal
0.4641372400062746,-25.22174835205078,2.7916052326024876,normal
0.8206018082887824,1.9306182861328125,2.7916052326024876,normal
0.09317226267977012,13.852043151855469,2.7916052326024876,normal
1.0550437018141081,-35.08827209472656,2.7916052326024876,normal
0.6224300206304613,3.2834243774414062,2.7916052326024876,normal
1.2068067811066485,-8.156661987304688,2.7916052326024876,normal
0.9318717997851972,-47.89752960205078,2.7916052326024876,normal
0.4010731069494678,74.26094055175781,2.7916052326024876,normal
0.12628189684429716,-41.94740295410156,2.7916052326024876,normal
0.3853826465594636,-16.65721893310547,2.7916052326024876,normal
0.38640113717281266,18.433685302734375,2.7916052326024876,normal
0.24772858990428812,16.750259399414062,2.7916052326024876,normal
0.47494066919608663,-13.856964111328125,2.7916052326024876,normal
0.10656642779034774,-32.33013153076172,2.790558263922187,normal
0.46693219934288965,-46.99779510498047,2.6021706390627566,normal
0.27588060828072536,-64.60762023925781,2.6021706390627566,normal
0.7957891814641448,-32.851295471191406,1.180696008777711,normal
1.570572525031257,-30.079078674316406,1.180696008777711,normal
1.6429817242256861,-39.02252197265625,1.180696008777711,normal
2.1073946775294723,-22.555274963378906,1.180696008777711,normal
2.1365693444828526,-21.014442443847656,1.180696008777711,normal
1.9662238878126412,4.217948913574219,1.180696008777711,normal
1.928463432471064,-27.64263153076172,0.961871439134338,normal
2.201418670962847,-15.012931823730469,0.961871439134338,normal
1.8249347693495885,-17.558441162109375,0.961871439134338,normal
1.8852397379621793,-34.658660888671875,0.961871439134338,normal
2.3874219373017826,-1.371917724609375,0.961871439134338,normal
1.9558438963078262,-10.072059631347656,0.961871439134338,normal
0.974596155038021,-31.690750122070312,0.9812477412698052,normal
1.5455098463832828,-4.597206115722656,0.9812477412698052,normal
1.0744472479126628,-9.275550842285156,0.9812477412698052,normal
0.7394209256468913,-21.984901428222656,0.9812477412698052,normal
0.052672104761570956,33.846588134765625,0.9812477412698052,normal
0.044105931317092735,8.524932861328125,0.9812477412698052,normal
0.40040432789549973,19.530715942382812,0.9812477412698052,normal
0.23661086837101536,-64.90001678466797,0.9812477412698052,normal
1.4298247797333494,-28.91246795654297,1.1932139113623341,normal
0.14233812195201986,-8.6480712890625,1.2874866577813295,normal
0.44900014258982407,-29.01397705078125,1.2874866577813295,normal
0.030784086143054713,-12.010917663574219,1.2874866577813295,normal
0.7912776254650242,-8.267784118652344,1.2874866577813295,normal
0.9170579980527129,-27.493972778320312,1.2874866577813295,normal
0.4743113032352813,-15.59967041015625,1.2874866577813295,normal
1.2380418238485313,2.869720458984375,1.2874866577813295,normal
0.9337444757007776,-69.16706085205078,1.2874866577813295,normal
1.6484604451944571,58.61949920654297,1.2874866577813295,normal
0.3063764887453982,-136.58672332763672,1.342083956449059,normal
2.6117196740873285,47.63053894042969,2.3053431853419304,normal
1.7658513818235897,-10.481758117675781,2.3053431853419304,normal
1.7477479534036113,-63.2794189453125,2.3053431853419304,normal
1.3398717248440775,18.68877410888672,2.3053431853419304,normal
1.2875685235776413,-9.666595458984375,2.3053431853419304,normal
1.604428073361871,-21.378765106201172,2.3053431853419304,normal
2.152027783277188,-25.216655731201172,2.3053431853419304,normal
2.6274602091872294,39.765357971191406,2.3053431853419304,normal
2.231988547971024,-44.187984466552734,2.3053431853419304,normal
3.1013508790854263,-38.631649017333984,2.3053431853419304,normal
3.5052937829521973,18.218250274658203,2.3053431853419304,normal
2.7715111137367927,-63.558082580566406,2.3053431853419304,normal
4.204888497038603,-40.04711151123047,2.3053431853419304,normal
3.7580823249116246,-6.981697082519531,2.3053431853419304,normal
4.340999326704971,-49.005088806152344,2.3053431853419304,normal
4.063238748807558,-18.429393768310547,2.3053431853419304,normal
4.720925620166964,-1.575164794921875,2.3053431853419304,normal
4.754468903250745,-51.934547424316406,2.3053431853419304,normal
4.847844900961878,-28.958358764648438,2.3053431853419304,normal
5.177377300200756,-20.51502227783203,2.3053431853419304,normal
4.192199449041988,32.40640640258789,2.3053431853419304,normal
4.815465701118588,-36.15938186645508,2.3053431853419304,normal
4.829418790373999,-31.56789779663086,2.3053431853419304,normal
4.792509176403952,-3.8821792602539062,2.3053431853419304,normal
4.993686279078516,11.82535171508789,2.3053431853419304,normal
5.5268262234902705,9.08334732055664,2.3053431853419304,normal
5.824453975438415,10.561466217041016,2.3053431853419304,normal
5.986681451577433,-2.3389434814453125,2.3053431853419304,normal
4.537145217487656,-15.227279663085938,2.3053431853419304,normal
4.794666028719803,19.731502532958984,2.3053431853419304,normal
5.302833181278298,-1.747283935546875,1.449536234089777,normal
5.122931515066386,28.803062438964844,1.449536234089777,normal
6.298994650842226,46.42181396484375,1.449536234089777,normal
5.8623907844882055,40.100040435791016,1.449536234089777,normal
6.936732376006732,76.88467025756836,1.449536234089777,normal
7.009924739414831,92.70395278930664,1.449536234089777,normal
7.820357546804664,113.8205337524414,1.449536234089777,normal
7.961894090408645,23.743572235107422,1.449536234089777,normal
8.763784282480959,135.83101272583008,1.449536234089777,normal
8.574409081204161,151.82579040527344,1.449536234089777,normal
9.620418327244638,54.08832550048828,1.449536234089777,normal
10.335064442996876,135.3350830078125,1.449536234089777,normal
10.986881721064108,26.707763671875,1.449536234089777,normal
10.812520776892237,161.27254486083984,1.449536234089777,normal
13.003281336740212,-8.549308776855469,2.190760559847975,normal
11.432893322983787,214.17423248291016,2.190760559847975,normal
11.326604621530207,72.45231628417969,2.190760559847975,normal
16.423245536163837,-148.06514739990234,5.09664091463363,normal
22.631404865946017,-97.1304702758789,6.20815932978218,normal
29.68722621675614,-151.18263244628906,7.055821350810124,normal
10.439920815495892,365.4012680053711,19.24730540126025,normal
30.03496664789302,-303.90209197998047,19.59504583239713,normal
22.68252499176559,5.461463928222656,19.59504583239713,normal
39.16169337475891,57.03620910644531,19.59504583239713,normal
41.022754184309335,46.68937683105469,19.59504583239713,normal
88.99021142052146,-89.57096099853516,47.96745723621213,normal
41.81084614841815,230.37574768066406,47.96745723621213,normal
21.635428583231974,285.6917953491211,47.96745723621213,normal
32.585842945794575,-49.01756286621094,47.96745723621213,normal
66.90903838000106,-159.36595916748047,47.96745723621213,normal
34.76718411791192,172.51705169677734,47.96745723621213,normal
28.631084931872994,8.90167236328125,47.96745723621213,normal
42.338433048278354,-133.03516387939453,47.96745723621213,normal
75.24510754184615,125.44601440429688,47.96745723621213,normal
45.266563658614466,-110.1675796508789,47.96745723621213,normal
72.17136983883711,151.59690856933594,47.96745723621213,normal
16.748313212594578,170.79334259033203,55.42305662624253,normal
12.60259563874123,-71.97715759277344,55.42305662624253,normal
24.820204798270588,-147.45643615722656,55.42305662624253,normal
80.17659627144121,25.86902618408203,55.42305662624253,normal
82.89770393646388,139.15626525878906,55.42305662624253,normal
72.2866401205779,21.101531982421875,55.42305662624253,normal
69.39698687744307,-264.7540283203125,55.42305662624253,normal
2.4165184457451128,240.94070434570312,66.98046843169796,normal
61.08566141987174,-225.94104766845703,66.98046843169796,normal
4.465707021685298,-199.14093017578125,66.98046843169796,normal
67.80412104157287,148.3161163330078,66.98046843169796,normal
75.6511670779131,-290.67089080810547,66.98046843169796,normal
41.561898309772936,271.8082809448242,66.98046843169796,normal
38.86305820173801,193.16619873046875,66.98046843169796,normal
31.307404825095915,-294.38358306884766,66.98046843169796,normal
26.059727667738784,281.5272903442383,66.98046843169796,normal
24.038619577665465,131.4305877685547,66.98046843169796,normal
31.994423295522342,-161.6290283203125,66.98046843169796,normal
26.34951814563479,-13.71826171875,66.98046843169796,normal
18.727827718873726,133.7537384033203,66.98046843169796,normal
19.50497961216718,-142.18860626220703,66.98046843169796,normal
21.46698165554452,-226.43577575683594,66.98046843169796,normal
16.550015972636366,92.58670806884766,66.98046843169796,normal
15.251044060512653,-84.03202056884766,66.98046843169796,normal
13.687298071927145,-63.53141784667969,66.98046843169796,normal
12.957357210790372,-42.71747589111328,66.98046843169796,normal
12.734241260508599,-169.52877044677734,66.98046843169796,normal
12.167123570280118,-48.552703857421875,66.98046843169796,normal
11.624203897109362,-45.585365295410156,66.98046843169796,normal
10.683873046227976,-112.20382690429688,66.98046843169796,normal
9.449847604556995,-101.51069641113281,66.98046843169796,normal
8.502069363082853,-19.802284240722656,66.98046843169796,normal
7.702906172892795,-84.38484191894531,66.98046843169796,normal
6.69775223953693,-35.126495361328125,66.98046843169796,normal
5.7032571738722035,-76.34960174560547,66.98046843169796,normal
5.240145575440248,-79.43292617797852,66.98046843169796,normal
4.589017435118252,-50.363616943359375,66.98046843169796,normal
3.9189072162529643,-122.96802520751953,63.33841401988757,normal
3.3583480927700853,-64.58782196044922,63.33841401988757,normal
2.4087403878254583,-58.57635498046875,63.33841401988757,normal
2.4112246714019565,-87.1343994140625,34.089268768140165,normal
2.0690613381918137,-87.97342300415039,34.089268768140165,normal
1.4150832513724378,-51.32131576538086,7.9558037178568775,normal
0.29829551378300223,-22.99306869506836,7.9558037178568775,normal
0.9257525944236433,-67.26104736328125,7.9558037178568775,normal
0.2597548148072479,-27.189960479736328,7.9558037178568775,normal
0.3727299107957884,-31.686229705810547,7.9558037178568775,normal
0.14476233129814145,18.543262481689453,7.621690426761063,normal
0.06920715811954624,-56.54966354370117,7.621690426761063,normal
0.7659268630663013,20.845184326171875,4.9169656829081525,normal
0.9051475579143983,-40.298709869384766,4.9169656829081525,normal
0.9396648518312976,-17.291278839111328,4.9169656829081525,normal
1.896501164972892,41.41765594482422,1.5637459885855076,normal
1.4579116167941912,-10.256881713867188,1.5637459885855076,normal
1.6977182889849585,-46.59822463989258,1.2340254416709815,normal
1.6077592815559918,4.335536956787109,1.2340254416709815,normal
2.081137525017082,61.97296142578125,1.2340254416709815,normal
3.3419624524382443,0.0,0.0,normal
6.358266902497585,-63.82061004638672,3.0163044500593403,normal
3.253901079021781,-26.64653778076172,3.1043658234758036,normal
5.163526049018266,-50.88935852050781,3.1043658234758036,normal
3.125481632148919,-101.41204833984375,3.1043658234758036,normal
2.2153994286893224,36.030921936035156,3.1043658234758036,normal
4.573220996312526,133.13175201416016,3.1043658234758036,normal
3.226533849926705,-82.32307434082031,3.1043658234758036,normal
3.2975100561143917,-84.8532485961914,3.1043658234758036,normal
5.099834393134642,40.35999298095703,3.1043658234758036,normal
2.4822527676454347,-41.166343688964844,3.1043658234758036,normal
3.585529665555935,-33.782501220703125,3.1043658234758036,normal
3.0493471558744054,10.085906982421875,3.1043658234758036,normal
3.198868168754922,-41.08680725097656,3.1043658234758036,normal
3.1506081350034423,96.14238739013672,3.1043658234758036,normal
1.8104427084200732,-91.61579132080078,3.1043658234758036,normal
3.279531382593827,-73.38088989257812,3.1043658234758036,normal
2.8551504081541137,23.763999938964844,3.1043658234758036,normal
2.120562600240087,10.559120178222656,3.1043658234758036,normal
2.242383666484565,33.749656677246094,3.1043658234758036,normal
1.287390624818675,46.38507843017578,3.1043658234758036,normal
3.2868663154336293,30.70392608642578,3.1043658234758036,normal
2.2927761938738636,-56.98127746582031,3.1043658234758036,normal
3.488988070281726,-19.05200958251953,3.1043658234758036,normal
2.503875657315052,-32.694740295410156,3.1043658234758036,normal
2.2902368635649655,-101.33354187011719,3.1043658234758036,normal
4.253424892879704,-8.478927612304688,3.1043658234758036,normal
2.9862271896568897,36.52519226074219,3.1043658234758036,normal
4.048157577456458,-13.1268310546875,3.1043658234758036,normal
2.9621281633490044,-44.142608642578125,3.1043658234758036,normal
1.1981215158319791,19.13372039794922,3.1043658234758036,normal
1.241927873321218,9.100799560546875,3.1043658234758036,normal
4.010364753013682,-12.250442504882812,2.7684368796924637,normal
4.095627443934794,-39.228057861328125,2.7684368796924637,normal
2.976478790769431,-60.5657958984375,2.7684368796924637,normal
4.577621163275387,7.614898681640625,2.7684368796924637,normal
6.238982750220714,-21.777191162109375,2.7684368796924637,normal
5.37848094722288,70.18604278564453,2.7684368796924637,normal
4.268975728755319,-65.1214599609375,2.7684368796924637,normal
4.4026162238778115,-6.486625671386719,2.7684368796924637,normal
4.851562046103369,-42.194480895996094,2.7684368796924637,normal
4.986371758361398,-1.083984375,2.7684368796924637,normal
3.9964621906724034,20.60863494873047,2.7684368796924637,normal
3.295392550918047,57.61791229248047,2.7684368796924637,normal
3.5065782270595243,-73.21426391601562,2.7684368796924637,normal
2.0330865212163007,7.5201416015625,2.7684368796924637,normal
2.312362835007443,26.70948028564453,2.7684368796924637,normal
4.368653939157991,-16.859893798828125,2.7684368796924637,normal
2.0619451510690516,-39.099769592285156,2.7684368796924637,normal
2.979755896139767,-39.67792510986328,2.7684368796924637,normal
2.183276666309523,30.811500549316406,2.7684368796924637,normal
3.504088607431723,-31.66362762451172,2.7684368796924637,normal
1.6964720114039504,-33.290977478027344,2.7684368796924637,normal
0.569506983785175,-45.643043518066406,2.7684368796924637,normal
0.8618434173333952,-23.446083068847656,2.7684368796924637,normal
1.2970776325829863,-74.48375701904297,2.7684368796924637,normal
0.5848003348472817,31.30645751953125,2.7684368796924637,normal
0.5231463668062372,12.701339721679688,2.7684368796924637,normal
1.3429978253266752,-27.871055603027344,2.7684368796924637,normal
0.6315477852325145,6.332817077636719,2.7684368796924637,normal
0.5493142437682426,-20.262222290039062,2.7684368796924637,normal
0.8822196466380411,-27.124900817871094,2.7684368796924637,normal
0.6966340857918968,1.7722320556640625,2.306708788088939,normal
0.3438671601531952,-15.350189208984375,2.306708788088939,normal
0.4437931841497957,-3.8912200927734375,2.306708788088939,normal
0.43779935425764527,35.85090637207031,2.306708788088939,normal
0.05506678521245771,-34.599037170410156,2.306708788088939,normal
0.07164314004522897,13.072471618652344,2.306708788088939,normal
0.2541770669891564,-2.87017822265625,2.306708788088939,normal
1.5278002572185256,-17.290306091308594,2.306708788088939,normal
1.4027439196734433,-59.405250549316406,2.306708788088939,normal
1.198694636848569,-87.1413803100586,2.306708788088939,normal
1.1473800728422998,-34.47132110595703,2.306708788088939,normal
1.0236728966572113,2.9134368896484375,2.306708788088939,normal
1.5021038254517098,-55.93860626220703,2.306708788088939,normal
1.1488311963650817,-42.717933654785156,2.306708788088939,normal
1.4706991894916472,-14.929962158203125,2.306708788088939,normal
1.436065775691188,-10.983810424804688,2.306708788088939,normal
1.573337477923224,-32.165679931640625,1.8076165960277726,normal
1.995344228617857,-20.344276428222656,1.8076165960277726,normal
2.2152384146178212,-49.843711853027344,1.8076165960277726,normal
1.9170959595889772,-13.310279846191406,1.8076165960277726,normal
1.9603799678387506,-33.833656311035156,1.2736231902293693,normal
1.7288448981640963,18.864212036132812,1.2736231902293693,normal
1.5471650458826278,-29.48272705078125,1.2736231902293693,normal
2.304333422596811,0.39825439453125,1.2736231902293693,normal
0.7978475685385799,-51.547393798828125,1.5064858540582313,normal
0.6683199945211731,67.97470092773438,1.5064858540582313,normal
0.48344375079848373,-54.527320861816406,1.5064858540582313,normal
0.16896572419098485,15.473556518554688,1.5064858540582313,normal
0.799039918881033,-19.503021240234375,1.5064858540582313,normal
1.5040703568576657,-34.88182067871094,1.5064858540582313,normal
0.4250554147415024,45.48603057861328,1.5064858540582313,normal
0.353334558668152,-18.94855499267578,1.5064858540582313,normal
0.7903553345043727,-40.61988830566406,1.5064858540582313,normal
0.5747881871933124,-52.30934143066406,1.5064858540582313,normal
2.326097269805251,20.268402099609375,1.7513090826119386,normal
0.48465580526199276,-28.01513671875,1.8414414645432582,normal
0.7714184092236915,60.360374450683594,1.8414414645432582,normal
0.24497842839825154,-72.90184020996094,1.8414414645432582,normal
1.8061466044773649,0.661468505859375,1.8414414645432582,normal
1.7891128794147237,-0.948944091796875,1.8414414645432582,normal
2.526267556241956,-18.82415771484375,1.8414414645432582,normal
3.8029980036421946,3.2536697387695312,1.8414414645432582,normal
2.404881703407107,-30.11615753173828,1.8414414645432582,normal
2.2836262160036305,4.276313781738281,1.8414414645432582,normal
0.844179609469625,2.4431991577148438,1.8414414645432582,normal
0.1524603195697527,-42.15282440185547,1.8414414645432582,normal
1.0197615143533179,-28.830184936523438,1.8414414645432582,normal
4.920995110683901,-14.578685760498047,3.9012335963305826,normal
3.230817268288558,8.421707153320312,3.9012335963305826,normal
4.377036610469141,15.903511047363281,3.9012335963305826,normal
5.6115211895948764,-26.689624786376953,3.9012335963305826,normal
7.570289000236206,-31.22457504272461,3.9012335963305826,normal
6.64235225642366,-47.932777404785156,3.9012335963305826,normal
10.29025477836521,-78.17190170288086,3.9012335963305826,normal
14.54247962840146,50.6696891784668,4.252224850036251,normal
13.352106015129145,83.38468551635742,4.252224850036251,normal
16.37127097683976,7.700042724609375,4.252224850036251,normal
15.828656597337778,-38.62232208251953,4.252224850036251,normal
17.099558006216924,115.88459014892578,4.252224850036251,normal
28.416099578472316,4.4039154052734375,11.316541572255392,normal
23.557533640053773,148.52176666259766,11.316541572255392,normal
30.718093343146904,9.263877868652344,11.316541572255392,normal
34.10648105143071,-53.555145263671875,11.316541572255392,normal
39.657276426280134,57.60223388671875,11.316541572255392,normal
47.31191469383893,-30.294113159179688,11.316541572255392,normal
43.533880247334075,92.82726287841797,11.316541572255392,normal
49.46405122206264,47.03990936279297,11.316541572255392,normal
61.37242635036508,-6.268043518066406,11.908375128302438,normal
61.74904212838018,34.690589904785156,11.908375128302438,normal
70.92596377192054,-3.4630966186523438,11.908375128302438,normal
78.57365231471069,44.111480712890625,11.908375128302438,normal
1.8011630498898248,3585.849266052246,76.77248926482086,normal
1.619328698223639,0.0395965576171875,76.77248926482086,normal
1.691672306210911,-12.483444213867188,76.77248926482086,normal
0.08473422676668131,-11.17767333984375,76.77248926482086,normal
0.38227413243111996,39.53887939453125,76.77248926482086,normal
0.1862383809831356,-22.3883056640625,76.77248926482086,normal
0.4221970128881473,-27.506561279296875,76.77248926482086,normal
2.008332447996786,11.389617919921875,76.77248926482086,normal
2.461932758605139,-1.8317413330078125,76.77248926482086,normal
2.0978005305371763,-18.189239501953125,76.77248926482086,normal
3.2127808452847333,26.42486572265625,76.77248926482086,normal
2.6036453472731202,-32.90702819824219,76.77248926482086,normal
3.7960607017976824,83.32511901855469,76.77248926482086,normal
2.0480175275483203,-48.575592041015625,76.77248926482086,normal
7.890594460728426,-1378.8040924072266,76.77248926482086,normal
2.5076265562178315,1378.0941009521484,76.77248926482086,normal
2.745068963917362,17.663040161132812,76.77248926482086,normal
2.4497823817202056,-24.930038452148438,76.77248926482086,normal
2.096983930860305,-23.954315185546875,76.77248926482086,normal
2.6994254033805563,12.769546508789062,76.77248926482086,normal
2.9302340330760965,-69.20059204101562,76.77248926482086,normal
4.035699919883043,108.68637084960938,76.77248926482086,normal
2.717120477539585,-33.48838806152344,76.77248926482086,normal
2.909627751166378,-45.26390075683594,76.77248926482086,normal
3.5597041280400155,18.837890625,76.77248926482086,normal
3.451111273703562,3.233642578125,76.77248926482086,normal
1.9662929101714028,8.2598876953125,76.77248926482086,normal
1.5637449467411262,-27.745742797851562,76.77248926482086,normal
1.0237886817944628,-8.117752075195312,76.77248926482086,normal
0.9079953816604849,138.3789825439453,76.77248926482086,normal
0.7310841361942166,-110.15327453613281,5.842576933180106,normal
2.4104812601963235,87.61825561523438,5.842576933180106,normal
1.0291641231120567,3.00384521484375,5.842576933180106,normal
0.7402815242159287,-59.619598388671875,5.842576933180106,normal
1.5187448640032364,57.87849426269531,5.842576933180106,normal
0.6348263227934434,-96.23908996582031,5.842576933180106,normal
0.49800529609932614,-89.1796875,5.842576933180106,normal
71.02426390370664,-3406.9472122192383,70.52625860760732,normal
68.88597838936138,-72.72342681884766,70.52625860760732,normal
66.79965195091839,9.637527465820312,70.52625860760732,normal
60.061752970011355,-22.205772399902344,70.52625860760732,normal
56.095700226458526,-58.28327178955078,70.52625860760732,normal
50.853410721355345,32.32978820800781,70.52625860760732,normal
55.07669995191264,-81.22066497802734,70.52625860760732,normal
47.24034426470442,-16.37420654296875,70.52625860760732,normal
39.43691779309361,16.434860229492188,70.52625860760732,normal
38.46381427777246,-98.6865234375,70.52625860760732,normal
35.206105250950145,101.91146850585938,70.52625860760732,normal
31.566273860853837,-78.6416244506836,70.52625860760732,normal
29.552200434110176,-157.58657455444336,70.52625860760732,normal
28.2144761394306,-10.590991973876953,70.52625860760732,normal
22.12010710951863,-89.72454071044922,70.52625860760732,normal
22.24024490902585,-74.83795166015625,70.52625860760732,normal
19.124370365850623,6.7577362060546875,70.52625860760732,normal
15.616827552655245,-85.89237213134766,70.52625860760732,normal
13.501324015471662,-5.405387878417969,70.52625860760732,normal
14.539532726944245,27.239971160888672,70.52625860760732,normal
10.593276962873349,-32.3155403137207,70.52625860760732,normal
9.10612827014113,-13.840198516845703,70.52625860760732,normal
9.347319676745146,-132.8829574584961,70.52625860760732,normal
7.575317464258609,50.37729263305664,70.52625860760732,normal
6.528358025489526,48.11307907104492,70.52625860760732,normal
5.506008338886547,-74.33155059814453,70.52625860760732,normal
3.6308818953997717,-16.85525894165039,70.52625860760732,normal
2.593344543125861,62.148799896240234,70.52625860760732,normal
3.1504696246245594,99.29695129394531,70.52625860760732,normal
2.926040396141082,-53.32185745239258,70.52625860760732,normal
1.312589223654708,110.41248321533203,7.8363556872082185,normal
2.0280079677904683,-64.94979858398438,7.8363556872082185,normal
6.247687959549145,0.0,0.0,normal
4.922881515849387,-18.048133850097656,1.3248064436997584,normal
3.443146232808916,-282.8207015991211,1.4797352830404704,normal
2.3758771316262917,161.4031219482422,1.4797352830404704,normal
3.9148281217556273,-126.31874084472656,1.5389509901293357,normal
1.0784722239473927,-47.041969299316406,2.8363558978082346,normal
1.185973399569584,14.955825805664062,2.8363558978082346,normal
1.1086643563660037,-70.19222259521484,2.8363558978082346,normal
0.8479670068662657,-23.570480346679688,2.8363558978082346,normal
0.02340746857073633,87.50656127929688,2.8363558978082346,normal
0.28977748272749837,-97.39574432373047,2.8363558978082346,normal
1.2446261058264665,174.12757873535156,2.8363558978082346,normal
1.1670023172201254,-135.3445816040039,2.8363558978082346,normal
2.2288165685427774,46.64634704589844,2.8363558978082346,normal
1.6639826097812231,-29.981117248535156,2.8363558978082346,normal
4.030897122808108,-27.35218048095703,2.8363558978082346,normal
1.984690856959369,16.07288360595703,2.8363558978082346,normal
1.371755988055382,55.253562927246094,2.8363558978082346,normal
1.8701925531627956,102.79472351074219,2.8363558978082346,normal
3.0109762775321056,-77.94696807861328,2.8363558978082346,normal
1.8910102983908894,110.2001953125,2.8363558978082346,normal
1.9759764809441116,-106.80862426757812,2.8363558978082346,normal
1.2318453022619422,111.56879425048828,2.8363558978082346,normal
1.8110341079439594,-57.73853302001953,2.8363558978082346,normal
1.6580645331938986,-95.97679138183594,2.8363558978082346,normal
2.6548868793922447,10.955085754394531,2.8363558978082346,normal
2.807650998916981,-23.145103454589844,2.8363558978082346,normal
2.7810133504061003,-26.94316864013672,2.8363558978082346,normal
3.317725691353792,48.857460021972656,2.8363558978082346,normal
3.031378266215872,-110.15281677246094,2.8363558978082346,normal
1.792031801058487,-44.393348693847656,2.8363558978082346,normal
5.073131079008945,0.2162933349609375,3.2810992779504584,normal
2.744620783746294,-59.358558654785156,3.2810992779504584,normal
2.7588070944519667,61.81354522705078,3.2810992779504584,normal
2.172474560994975,-32.19440460205078,3.2810992779504584,normal
3.442739079734909,-58.21128845214844,3.2810992779504584,normal
3.008793100633425,11.847610473632812,3.2810992779504584,normal
3.3626499608108533,19.138641357421875,3.2810992779504584,normal
4.018065899906688,-56.586570739746094,3.2810992779504584,normal
4.796222106898981,-36.79252624511719,3.2810992779504584,normal
3.104435431651843,11.87164306640625,3.2810992779504584,normal
1.2989983044405102,-17.106399536132812,3.2810992779504584,normal
1.5040966631328967,-4.300689697265625,3.2810992779504584,normal
3.724689769582821,-31.14532470703125,3.2810992779504584,normal
3.808649701158831,-4.7655487060546875,3.2810992779504584,normal
3.7738863304213637,10.600433349609375,3.2810992779504584,normal
4.058535640686284,-20.00232696533203,3.2810992779504584,normal
3.379677774688563,53.16089630126953,3.2810992779504584,normal
3.891318786523632,17.62928009033203,3.2810992779504584,normal
3.1884352871125223,-19.111404418945312,3.2810992779504584,normal
2.1260023264824177,-3.7145233154296875,3.2810992779504584,normal
1.4116520234102408,-44.26013946533203,3.2810992779504584,normal
2.532069474055034,10.922927856445312,3.2810992779504584,normal
2.0315391655768464,-58.480796813964844,3.2810992779504584,normal
1.071127449894102,-34.31144714355469,3.2810992779504584,normal
0.8091100249169306,-36.84700012207031,3.2810992779504584,normal
0.559368533181228,2.7212905883789062,3.2810992779504584,normal
0.2108742743286506,-37.06169128417969,3.2810992779504584,normal
0.1262963503626964,-3.9928436279296875,3.2810992779504584,normal
0.807388665636467,-49.611167907714844,3.2810992779504584,normal
0.5302341232689722,-11.404380798339844,3.2810992779504584,normal
0.7983179230081607,-51.453895568847656,2.3285102952626513,normal
0.7352418413728621,2.0632553100585938,2.2205931064499245,normal
1.2430812170270111,-10.909538269042969,2.2205931064499245,normal
1.6124802981265165,19.024429321289062,2.2205931064499245,normal
1.7076397295142498,-53.674163818359375,2.2205931064499245,normal
0.16983197604450773,23.04004669189453,2.2205931064499245,normal
1.4420046537074926,-22.272720336914062,2.2205931064499245,normal
0.8556949700176874,-15.892868041992188,2.2205931064499245,normal
1.1719102275080386,16.878890991210938,2.2205931064499245,normal
0.017327176491385436,2.1169281005859375,2.2205931064499245,normal
0.6368133911518086,-4.4712066650390625,2.2205931064499245,normal
0.1304282775111787,-60.58948516845703,2.2205931064499245,normal
0.03791653567992019,-13.172721862792969,1.537807753469742,normal
0.13272432060512943,-78.17092895507812,1.537807753469742,normal
0.6379269711267322,-22.061004638671875,1.537807753469742,normal
0.5380551794686335,5.753173828125,1.537807753469742,normal
0.8805741163899813,-8.361396789550781,1.537807753469742,normal
1.7950869434284131,-63.70342254638672,1.537807753469742,normal
1.1102396936062051,-12.262344360351562,1.537807753469742,normal
1.4628258219633743,-46.67381286621094,1.537807753469742,normal
2.0578561841940988,-22.95856475830078,1.537807753469742,normal
2.279155721205298,-43.69331359863281,1.537807753469742,normal
2.1379436857991196,17.118186950683594,1.537807753469742,normal
2.3931491785773145,28.49384307861328,1.537807753469742,normal
1.9962350945217386,-16.954307556152344,1.537807753469742,normal
1.738786553364894,-15.413360595703125,1.537807753469742,normal
1.5915752993691936,-30.07427215576172,1.537807753469742,normal
1.432178778523624,-11.451873779296875,1.537807753469742,normal
2.4692043685341525,0.8211135864257812,1.537807753469742,normal
2.118773575743174,-40.01060485839844,1.537807753469742,normal
1.7734063728718799,9.664878845214844,1.537807753469742,normal
1.7871634832150367,-11.50360107421875,1.537807753469742,normal
0.6661920561221251,16.028594970703125,1.537807753469742,normal
1.0349958953589815,-1.9593429565429688,1.537807753469742,normal
0.4889774711062727,-20.125694274902344,1.537807753469742,normal
0.9649609739413544,7.580909729003906,1.272172677662985,normal
1.314156322197507,-64.40048217773438,1.1545830510166533,normal
0.7945614896634373,-29.972076416015625,1.1545830510166533,normal
0.20244639809752335,-29.68975067138672,1.1545830510166533,normal
0.449661520807316,-34.74678039550781,1.1209714270929116,normal
0.43593456483780363,-19.864425659179688,1.1209714270929116,normal
0.01398614085310301,-117.13611602783203,1.1209714270929116,normal
0.03852585041402972,0.14287948608398438,1.1209714270929116,normal
0.05841699239608841,7.383556365966797,1.1209714270929116,normal
0.19511511301770962,-19.039363861083984,1.1209714270929116,normal
1.0709846696764873,-30.226078033447266,1.1209714270929116,normal
0.8015205198376661,-25.115089416503906,1.1209714270929116,normal
0.7900344952153808,-35.32390594482422,1.1209714270929116,normal
1.10594537341057,-40.49406051635742,1.1209714270929116,normal
1.1936042869526626,16.558856964111328,1.1209714270929116,normal
0.4483170244358229,-29.42035675048828,1.1209714270929116,normal
0.13785876649821494,-60.08485794067383,1.1209714270929116,normal
0.16534512584443475,-26.117992401123047,1.1209714270929116,normal
1.4249242811413072,-3.493194580078125,1.2595791552968725,normal
1.9280086627836268,4.895725250244141,1.2595791552968725,normal
2.3328864285911357,32.861595153808594,1.2595791552968725,normal
3.5745390786537667,-69.8089599609375,1.2595791552968725,normal
5.263706453223208,26.52517318725586,1.6891673745694415,normal
4.376125696929067,45.0047492980957,1.6891673745694415,normal
5.181804978021442,-84.77628707885742,1.6891673745694415,normal
6.057348529614869,-58.51959228515625,1.6891673745694415,normal
6.875202165607339,18.723163604736328,1.6891673745694415,normal
8.278868598175482,0.3091621398925781,1.6891673745694415,normal
8.49198171285248,-13.57492446899414,1.6891673745694415,normal
10.975948650038083,4.531002044677734,2.4839669371856026,normal
11.908948607359465,41.894474029541016,2.4839669371856026,normal
12.733403684838589,-28.112926483154297,2.4839669371856026,normal
17.450366031005217,-10.901241302490234,4.716962346166628,normal
21.001732104535897,-59.356727600097656,4.716962346166628,normal
28.865227138439206,-104.92389678955078,7.863495033903309,normal
35.3089922109479,6.855812072753906,7.863495033903309,normal
36.74170880798858,95.00627517700195,7.863495033903309,normal
39.131609981610794,90.9982681274414,7.863495033903309,normal
47.85186755082633,124.55108642578125,8.720257569215534,normal
52.521783763973225,29.21619415283203,8.720257569215534,normal
54.28728898928215,35.333290100097656,8.720257569215534,normal
58.395612367913365,201.79447174072266,8.720257569215534,normal
61.51147393581709,127.22774505615234,8.720257569215534,normal
67.39229742685605,12.946815490722656,8.720257569215534,normal
70.64519863257597,97.803955078125,8.720257569215534,normal
76.06940917053251,301.8672180175781,8.720257569215534,normal
79.1192128905162,46.718902587890625,8.720257569215534,normal
77.66600322724065,363.9485549926758,8.720257569215534,normal
82.83106182173826,-32.123680114746094,8.720257569215534,normal
83.41980681461892,56.569175720214844,8.720257569215534,normal
79.07143835855864,230.51651000976562,8.720257569215534,normal
79.94240684043346,262.0509338378906,8.720257569215534,normal
81.1905722212006,-18.599166870117188,8.720257569215534,normal
80.89882505086189,320.95813751220703,8.720257569215534,normal
77.94099108777412,-31.06281280517578,8.720257569215534,normal
77.90128653157609,44.13768768310547,8.720257569215534,normal
77.33453452522137,198.603515625,8.720257569215534,normal
76.1912389415819,9.723930358886719,8.720257569215534,normal
79.25083371108475,169.9566650390625,8.720257569215534,normal
75.27745633242495,75.43922424316406,8.720257569215534,normal
75.70365825764506,93.02558898925781,8.720257569215534,normal
76.02001471900851,-78.67595672607422,8.720257569215534,normal
74.2323857903654,74.51957702636719,8.720257569215534,normal
72.54838005357942,83.56853485107422,8.720257569215534,normal
74.0976431751195,-92.15812683105469,8.720257569215534,normal
77.1257384672079,36.79424285888672,8.720257569215534,normal
73.48353386092116,-181.16226196289062,8.720257569215534,normal
70.44082677562768,198.4255599975586,8.720257569215534,normal
74.27906696695152,-87.95780181884766,5.88082349103896,normal
71.49921633594842,-81.20338439941406,5.88082349103896,normal
72.9428986348628,28.380088806152344,5.88082349103896,normal
68.97774957867338,-167.44205474853516,5.88082349103896,normal
61.70927103822482,-136.28013610839844,7.268478540448562,normal
75.20132356817074,-51.651649475097656,13.492052529945916,normal
67.53213965146335,6.829261779785156,13.492052529945916,normal
66.9497536278813,-121.5468978881836,13.492052529945916,normal
70.94384638810264,16.190757751464844,13.492052529945916,normal
75.80788000302934,-38.29204559326172,13.492052529945916,normal
66.85382841505904,-79.3634033203125,13.492052529945916,normal
70.2354048180324,-252.99545288085938,13.492052529945916,normal
71.34142371849721,-73.31314086914062,13.492052529945916,normal
69.44007379904053,-167.91709899902344,13.492052529945916,normal
74.88371111437046,-93.12240600585938,13.492052529945916,normal
72.42624737794543,-166.24820709228516,13.492052529945916,normal
69.16987808517675,-288.7321472167969,13.492052529945916,normal
70.41220372041298,-205.35873413085938,13.492052529945916,normal
62.314886154001236,-0.64453125,13.492052529945916,normal
66.8041201079959,-295.4695129394531,13.492052529945916,normal
60.839743081139446,-91.9961929321289,13.492052529945916,normal
59.45047514518117,-101.88331604003906,13.492052529945916,normal
56.176471126995416,-78.56220245361328,13.492052529945916,normal
54.11300874536474,-93.76178741455078,13.492052529945916,normal
51.23599935292123,-89.28760528564453,13.492052529945916,normal
45.35669716434853,-62.197837829589844,13.492052529945916,normal
44.04259463840015,-146.39053344726562,13.492052529945916,normal
40.11127005437631,-23.732070922851562,13.492052529945916,normal
36.5398759207178,-124.92828369140625,13.492052529945916,normal
32.68544000444473,-33.26545715332031,13.492052529945916,normal
29.04359293373451,8.571510314941406,13.492052529945916,normal
24.86085600389917,-26.556930541992188,13.492052529945916,normal
20.5309913466909,-85.86982727050781,13.492052529945916,normal
20.156687900849118,-60.26933670043945,13.492052529945916,normal
17.431799140072656,-99.15155410766602,13.492052529945916,normal
16.311868599740606,26.875991821289062,8.954051587970298,normal
10.635428962650767,56.056480407714844,8.954051587970298,normal
12.994650240708559,-104.2972183227539,8.954051587970298,normal
9.561425058878614,-45.546226501464844,8.954051587970298,normal
7.087847137217098,-0.22647857666015625,8.954051587970298,normal
6.602443877712452,20.916595458984375,8.09731756641174,normal
4.053427318328824,-40.51322937011719,8.09731756641174,normal
2.720960551959131,29.108734130859375,8.09731756641174,normal
1.2732705627320369,75.05836486816406,8.09731756641174,normal
0.0453493416664167,1.5810012817382812,8.09731756641174,normal
0.0193988729624513,19.951171875,8.09731756641174,normal
2.8500332530437573,101.18671417236328,8.09731756641174,normal
3.3097181488635536,-73.95103454589844,8.09731756641174,normal
5.307270443867035,0.0,0.0,normal
2.9037875556869297,-14.814262390136719,2.403482888180105,normal
2.0256484372998496,-122.75035858154297,2.403482888180105,normal
5.923596624447026,81.44462585449219,3.897948187147177,normal
2.7767621291407476,-87.83123016357422,3.897948187147177,normal
1.5136953462212257,14.123725891113281,3.897948187147177,normal
3.6077509551835893,-92.17460632324219,3.897948187147177,normal
1.2368101703456673,64.18498992919922,3.897948187147177,normal
4.763386123501339,-3.6270904541015625,3.897948187147177,normal
0.10597813913982952,-47.40497589111328,4.657407984361509,normal
4.31923611933021,-32.869606018066406,4.657407984361509,normal
0.21473894613153915,0.7395172119140625,4.657407984361509,normal
2.375054613202771,23.389205932617188,4.657407984361509,normal
1.6728404620132036,-82.9848861694336,4.657407984361509,normal
1.1545495869555178,-10.350837707519531,4.657407984361509,normal
0.14227747618542233,15.075645446777344,4.657407984361509,normal
1.763663247108929,-19.153175354003906,4.657407984361509,normal
1.1472553746948102,89.55745697021484,4.657407984361509,normal
0.16299960016698026,-14.377555847167969,4.657407984361509,normal
0.3555772324129415,-42.776527404785156,4.657407984361509,normal
1.796781503935259,-35.175018310546875,4.657407984361509,normal
1.5671149873562455,40.09117126464844,4.657407984361509,normal
1.290183875985833,75.06156921386719,4.657407984361509,normal
0.35865401381055956,-89.57542419433594,4.657407984361509,normal
1.2851419275446851,-66.16252899169922,4.657407984361509,normal
1.892892340874994,-6.897926330566406,4.657407984361509,normal
1.531442932739062,35.743560791015625,4.657407984361509,normal
1.7016413037244926,49.789695739746094,4.657407984361509,normal
3.6297548469420793,-99.92660522460938,4.657407984361509,normal
0.8546275471683845,-8.152885437011719,4.657407984361509,normal
0.8100809952305669,-44.571533203125,4.657407984361509,normal
2.95056792911359,53.50330352783203,4.657407984361509,normal
2.2760711161058302,12.532310485839844,4.657407984361509,normal
2.3227948964385905,-62.27485656738281,4.657407984361509,normal
2.504382028997969,6.7101287841796875,4.657407984361509,normal
1.7674283074918682,-44.137115478515625,4.657407984361509,normal
2.6102549452277017,-42.221832275390625,4.657407984361509,normal
1.3503849374982344,46.253700256347656,4.657407984361509,normal
3.0274682831517143,-62.51049041748047,4.657407984361509,normal
2.688179556546965,-9.429244995117188,4.21325798019038,normal
4.1164188606869105,-39.897308349609375,4.104497173198671,normal
2.143509480613703,55.9130859375,2.7751272997736947,normal
1.8699692562851822,33.450965881347656,2.7751272997736947,normal
1.9435161125097296,-73.99715423583984,2.7751272997736947,normal
3.2233504128239336,43.74092102050781,2.7751272997736947,normal
3.319910832801081,-6.138038635253906,2.7751272997736947,normal
4.125893814239881,-18.641738891601562,2.7751272997736947,normal
2.511830514441725,10.508193969726562,2.7751272997736947,normal
0.8095196019694881,11.333885192871094,2.7751272997736947,normal
1.1194356833789718,4.9477386474609375,2.7751272997736947,normal
0.5201587289882575,2.4446868896484375,2.7751272997736947,normal
2.961377093899042,-60.506629943847656,2.7751272997736947,normal
1.9762046196892757,59.87617492675781,2.7751272997736947,normal
1.3600946638122846,-42.210731506347656,2.7751272997736947,normal
1.091208319196349,-10.748062133789062,2.7751272997736947,normal
0.8442963846107814,-20.732460021972656,2.7751272997736947,normal
0.8210835685605128,27.971534729003906,2.7751272997736947,normal
1.7365225094095442,-97.1261215209961,2.7751272997736947,normal
1.547119852641487,-28.60462188720703,2.7751272997736947,normal
2.3240908043360538,-26.846580505371094,2.4412183649107844,normal
0.6642098774497993,19.723777770996094,2.4412183649107844,normal
0.42976316604611103,-34.01927947998047,2.4412183649107844,normal
0.31444541074229454,-15.01373291015625,2.4412183649107844,normal
0.6802812612230406,13.524284362792969,2.4412183649107844,normal
1.111421595678752,-42.741050720214844,2.4412183649107844,normal
1.0626858314219931,-27.59937286376953,2.4412183649107844,normal
1.5869183571258503,-42.833404541015625,2.4412183649107844,normal
1.1851830485093464,65.69114685058594,2.4412183649107844,normal
1.5663936575535706,-13.375053405761719,2.4412183649107844,normal
0.12384119381158454,-23.126564025878906,2.4412183649107844,normal
0.15929795327452917,26.352767944335938,2.4412183649107844,normal
0.022246984350001345,-14.642143249511719,2.4412183649107844,normal
0.7384529277636711,-44.502525329589844,2.4412183649107844,normal
1.3587474623010318,35.455284118652344,2.4412183649107844,normal
0.3852329096652721,-16.805992126464844,2.4412183649107844,normal
1.0512955217071973,-23.242149353027344,2.4412183649107844,normal
0.9242269616126201,-67.61238098144531,2.4412183649107844,normal
1.1125508955919556,-2.3777389526367188,2.4412183649107844,normal
1.7628104609523254,-36.71184539794922,2.4412183649107844,normal
2.1620736976806048,-74.49806213378906,2.4412183649107844,normal
2.153773816335686,12.379989624023438,2.4412183649107844,normal
2.365767034368949,-36.278343200683594,1.6598809268862544,normal
2.79486744312034,-33.31169128417969,1.6598809268862544,normal
2.4996853752693493,21.456069946289062,1.6598809268862544,normal
3.221566702929575,-87.26863861083984,1.6598809268862544,normal
3.7784631021368944,-4.3627166748046875,1.6598809268862544,normal
3.5320850385906564,29.03949737548828,1.6598809268862544,normal
3.1036545300601555,-36.69822692871094,1.6598809268862544,normal
2.116198712894376,26.365127563476562,1.6598809268862544,normal
3.297174647826888,-17.3455810546875,1.6598809268862544,normal
2.076311525130152,0.25142669677734375,1.4425524637419862,normal
2.488633676941682,-5.060462951660156,1.4425524637419862,normal
1.3804347382489606,-10.893402099609375,1.4425524637419862,normal
1.3138016729283393,-1.7255401611328125,1.4425524637419862,normal
0.7788567467280888,-48.06793212890625,1.4425524637419862,normal
0.7486151311047373,8.087081909179688,1.4425524637419862,normal
0.6121667830007085,-17.125282287597656,1.4425524637419862,normal
0.056729598595854996,-12.016410827636719,1.4425524637419862,normal
0.40035995752805964,25.59803009033203,1.4425524637419862,normal
0.18147047566393792,-36.71470642089844,1.2208631226967364,normal
0.3242266207500426,0.01373291015625,1.2208631226967364,normal
0.7506296977083842,-34.34955596923828,1.2208631226967364,normal
0.6598881708717477,-23.376846313476562,1.2208631226967364,normal
0.5013894089295102,-41.296234130859375,1.2208631226967364,normal
0.08336562357559545,4.169197082519531,1.2208631226967364,normal
0.4438494886394904,-35.701332092285156,1.2208631226967364,normal
0.9247455868506631,-9.469413757324219,1.2208631226967364,normal
0.9018969040126997,-26.856307983398438,1.2208631226967364,normal
0.06935691227883477,-12.709579467773438,1.2208631226967364,normal
2.1174673780968356,-52.82066345214844,2.048110465818001,normal
3.0203402181462553,-52.411766052246094,2.048110465818001,normal
3.0406456437936544,47.461395263671875,2.048110465818001,normal
2.398772062267098,-40.322113037109375,2.048110465818001,normal
3.827128467500284,-51.923675537109375,2.048110465818001,normal
3.606153718270959,-21.29230499267578,2.048110465818001,normal
3.3230693273540974,7.041206359863281,2.048110465818001,normal
4.141566498184202,-10.412063598632812,2.048110465818001,normal
4.845281034792956,62.69794464111328,2.048110465818001,normal
4.265381847054688,-89.79652404785156,2.048110465818001,normal
5.685719417743507,72.87242889404297,2.048110465818001,normal
4.913673866033728,-9.850959777832031,2.048110465818001,normal
3.646963232689825,-42.02808380126953,2.048110465818001,normal
3.3266573290501262,37.35282897949219,2.048110465818001,normal
4.065301970974109,-108.62297058105469,2.048110465818001,normal
2.446975414551561,-23.507537841796875,2.048110465818001,normal
1.8069911029098615,8.72354507446289,2.048110465818001,normal
1.5300732442651486,-5.862178802490234,2.048110465818001,normal
1.1883040726060194,17.61434555053711,2.048110465818001,normal
1.286190554123005,-35.485267639160156,2.048110465818001,normal
1.806857761848163,-50.67392349243164,2.048110465818001,normal
1.5711497054126187,-36.3621711730957,2.048110465818001,normal
1.0524253591440451,-40.64689636230469,2.048110465818001,normal
0.5014577486105738,59.28091049194336,2.048110465818001,normal
3.5959208434048295,-26.053733825683594,3.0944630947942557,normal
3.6059223711051245,22.268428802490234,3.0944630947942557,normal
3.0598509360577024,16.691665649414062,3.0944630947942557,normal
3.2856591140606892,-28.099822998046875,3.0944630947942557,normal
3.02743084138534,49.09120559692383,3.0944630947942557,normal
2.7816033117616987,1.4669036865234375,3.0944630947942557,normal
1.4597428679985387,-0.26103973388671875,3.0944630947942557,normal
2.7621372666183936,40.423221588134766,3.0944630947942557,normal
0.8499314448544,22.719440460205078,3.0944630947942557,normal
0.8872174672101911,46.8943977355957,3.0944630947942557,normal
0.2224719350268261,43.6754035949707,3.0944630947942557,normal
0.4029297682533304,56.85619354248047,3.0944630947942557,normal
1.6785279361886825,19.7314453125,3.0944630947942557,normal
3.0187576287951,81.650390625,3.0944630947942557,normal
4.296404725883376,-5.003013610839844,3.0944630947942557,normal
5.183243526271055,91.98097229003906,3.0944630947942557,normal
4.882005624805561,-17.237319946289062,3.0944630947942557,normal
5.834889940904276,57.41363525390625,3.0944630947942557,normal
7.5112519288870265,-0.829010009765625,3.0944630947942557,normal
7.715027989039592,46.42650604248047,3.0944630947942557,normal
8.727059143663068,39.84077453613281,3.0944630947942557,normal
9.847099010188767,83.2595443725586,3.0944630947942557,normal
8.927925628441573,95.98995208740234,3.0944630947942557,normal
8.105160014683928,85.63179016113281,3.0944630947942557,normal
7.203862148304195,93.17298889160156,3.0944630947942557,normal
8.63871427127489,55.40760040283203,3.0944630947942557,normal
8.475528880255993,79.49352264404297,3.0944630947942557,normal
9.508514238433463,65.92025756835938,3.0944630947942557,normal
7.9816684672318114,182.3038101196289,3.0944630947942557,normal
6.775419233347252,123.84967803955078,3.0944630947942557,normal
7.216215130892116,30.674400329589844,1.9122058217639937,normal
4.82844825775815,177.1417236328125,2.387766873133966,normal
3.2639410809387748,224.26311492919922,2.387766873133966,normal
3.1737843767157914,49.18682098388672,2.387766873133966,normal
1.6485604886776828,89.73358154296875,2.387766873133966,normal
0.937680948970929,133.93455505371094,2.387766873133966,normal
0.2981073331518274,119.19490814208984,2.387766873133966,normal
0.6865846043330636,91.00616455078125,2.387766873133966,normal
1.7271473567508435,91.66511535644531,2.387766873133966,normal
3.1546310211746533,36.80316925048828,2.387766873133966,normal
1.7016192245769375,206.06197357177734,2.387766873133966,normal
3.481865857334568,5.5739593505859375,2.387766873133966,normal
4.37831349996751,3.5505294799804688,2.387766873133966,normal
5.626038494240712,99.96654510498047,2.387766873133966,normal
5.796779511833724,11.778030395507812,2.387766873133966,normal
3.7070026006431895,51.052093505859375,2.387766873133966,normal
6.464477263747464,-14.735984802246094,2.757474663104275,normal
6.143743949403032,45.36632537841797,2.757474663104275,normal
5.736688683070917,-3.72528076171875,2.757474663104275,normal
5.572566063373647,97.2286605834961,2.757474663104275,normal
5.39579833196472,62.263641357421875,2.757474663104275,normal
4.859216249577919,4.8577880859375,2.757474663104275,normal
4.784173213185572,-37.817230224609375,2.757474663104275,normal
4.298854955863532,55.151824951171875,2.757474663104275,normal
2.4727627927947,-63.598480224609375,2.757474663104275,normal
4.1586176075324595,5.5968475341796875,2.757474663104275,normal
3.4159836163857467,9.471244812011719,2.757474663104275,normal
2.6011277304458535,42.564697265625,2.757474663104275,normal
1.377753866133446,5.3826141357421875,2.757474663104275,normal
0.998753105491992,-39.174156188964844,2.757474663104275,normal
1.2342302505333596,-8.070259094238281,2.757474663104275,normal
0.8023398435319129,67.41416931152344,2.757474663104275,normal
2.541017679865095,-25.507049560546875,2.757474663104275,normal
1.944150992384477,13.149833679199219,2.757474663104275,normal
2.1768539059180716,32.40531921386719,2.757474663104275,normal
1.621336787954595,13.234634399414062,2.757474663104275,normal
0.5521261818873072,23.919639587402344,2.757474663104275,normal
1.2624801400575034,79.48837280273438,2.757474663104275,normal
1.9090836449783999,-58.487892150878906,2.757474663104275,normal
8.620478556288798,66.9528579711914,6.711394911310398,normal
0.5492936268778285,44.80327606201172,8.07118492941097,normal
1.7550166589207257,-53.86768341064453,8.07118492941097,normal
2.291604977713787,-28.24024200439453,8.07118492941097,normal
0.2560254734345244,107.72048950195312,8.07118492941097,normal
1.216710859993785,-13.693084716796875,8.07118492941097,normal
1.623009600519184,91.66900634765625,8.07118492941097,normal
0.1001006404550957,-113.4426498413086,8.07118492941097,normal
1.2480407507880888,95.34358978271484,8.07118492941097,normal
10.088274184594253,-2.075042724609375,8.840233433806164,normal
0.6724042486342322,7.5959014892578125,9.415869935960021,normal
0.8572421482191762,-3.6284637451171875,9.415869935960021,normal
0.623841331605259,-11.31500244140625,9.415869935960021,normal
0.6823943547274296,5.407676696777344,9.415869935960021,normal
1.3490039583527718,-31.521949768066406,9.415869935960021,normal
1.378755437060497,2.7410888671875,9.415869935960021,normal
1.8810778288751093,51.805572509765625,9.415869935960021,normal
0.7014814286645459,-17.443313598632812,9.415869935960021,normal
2.72588664328741,-21.672592163085938,9.415869935960021,normal
0.4137271145863644,53.29124450683594,9.415869935960021,normal
0.23987962865992332,-101.90563201904297,9.415869935960021,normal
4.6277278338928545,115.79761505126953,9.415869935960021,normal
1.2465727776541375,-29.377670288085938,9.415869935960021,normal
6.1994984890769995,22.712860107421875,9.415869935960021,normal
2.688016820854537,-64.59949493408203,9.415869935960021,normal
9.990553666231326,95.37769317626953,9.415869935960021,normal
1.067941338550459,-61.25816345214844,9.415869935960021,normal
3.1390400075044305,0.0,0.0,normal
4.313373282485806,-19.998550415039062,1.1743332749813753,normal
4.062673623909343,-61.63307189941406,1.1743332749813753,normal
3.1185286636978073,-51.45526885986328,1.1743332749813753,normal
6.219768289169926,72.67913818359375,3.101239625472119,normal
4.300494530109149,-128.76445770263672,3.101239625472119,normal
5.584632532003942,-28.377456665039062,3.101239625472119,normal
2.7477143141437717,22.148666381835938,3.101239625472119,normal
3.564886556073642,86.31797790527344,3.101239625472119,normal
2.4103514757014923,-237.08187103271484,3.101239625472119,normal
3.619813428570356,124.19414520263672,3.101239625472119,normal
3.7060499645112377,-50.49797058105469,3.101239625472119,normal
1.7016257353190998,45.96668243408203,3.101239625472119,normal
2.1947125641711454,48.765106201171875,3.101239625472119,normal
2.5848474418459775,-96.71836853027344,3.101239625472119,normal
2.3481069517736057,-64.26750183105469,3.101239625472119,normal
2.5993085588627163,159.54265594482422,3.101239625472119,normal
0.9564304103655432,4.891777038574219,3.101239625472119,normal
2.011526468801493,-102.16472625732422,3.101239625472119,normal
0.44988939938998107,162.4427032470703,3.101239625472119,normal
2.6769515800936325,-51.643524169921875,3.101239625472119,normal
2.075158507633832,-27.774581909179688,3.101239625472119,normal
0.626306615470236,-37.78633117675781,3.101239625472119,normal
0.3756181933230324,-29.556312561035156,3.101239625472119,normal
1.6329006182226526,61.367454528808594,3.101239625472119,normal
2.385457892987068,-11.054191589355469,3.101239625472119,normal
2.30877105787222,-161.38710021972656,3.101239625472119,normal
2.486851100306409,16.55181884765625,3.101239625472119,normal
2.314311295210848,52.88818359375,3.101239625472119,normal
3.491132043109519,12.138633728027344,3.101239625472119,normal
2.9537065718419213,-46.69441223144531,3.101239625472119,normal
2.774001640835487,-70.2396011352539,3.101239625472119,normal
0.7107342163757876,96.2057876586914,3.101239625472119,normal
0.9288465575942149,-56.660614013671875,3.101239625472119,normal
2.292189579127363,-47.42042541503906,2.8369182178601706,normal
0.7893755182483742,54.20642852783203,2.8369182178601706,normal
1.539962846336063,-94.8666000366211,2.8369182178601706,normal
3.313317432680227,28.58367919921875,2.2270621807036513,normal
0.43506904726607776,-46.37592315673828,2.878248385414149,normal
0.1393809326649166,8.656654357910156,2.878248385414149,normal
1.8369197134783217,-2.248077392578125,2.878248385414149,normal
0.5845801688168686,22.700271606445312,2.878248385414149,normal
0.45065063983695386,-15.75531005859375,2.878248385414149,normal
1.1191004426779076,63.220252990722656,2.878248385414149,normal
0.9349522268299747,58.3721923828125,2.878248385414149,normal
0.9390903470442311,-98.08181762695312,2.878248385414149,normal
0.7064547644332908,97.41622924804688,2.878248385414149,normal
0.3165700742320021,-29.937286376953125,2.878248385414149,normal
1.6927892265916327,-105.74214935302734,2.878248385414149,normal
0.8957443336894644,8.884620666503906,2.878248385414149,normal
0.9023495750644913,-11.761550903320312,2.878248385414149,normal
0.48222410622227624,-17.009124755859375,2.878248385414149,normal
0.4017851688284282,-29.963722229003906,2.878248385414149,normal
0.10230916514755513,-77.12974548339844,2.878248385414149,normal
1.1983599271707,41.54685974121094,2.878248385414149,normal
0.20204767278691546,-62.57011413574219,2.878248385414149,normal
0.7862014267579815,9.436111450195312,2.878248385414149,normal
0.7913351223567193,11.671714782714844,2.878248385414149,normal
0.7447128880743275,-36.72569274902344,2.878248385414149,normal
1.5870602113896453,-20.949668884277344,2.878248385414149,normal
1.56878690652805,-10.286750793457031,2.878248385414149,normal
0.7989194517995073,-45.974464416503906,2.878248385414149,normal
1.6276577797575755,-15.147514343261719,2.878248385414149,normal
1.5399725167469682,34.33845520019531,2.878248385414149,normal
1.8021301645690635,-32.456932067871094,2.878248385414149,normal
1.9673365905622275,34.10362243652344,2.878248385414149,normal
1.7748825190386794,-24.792938232421875,2.878248385414149,normal
1.6284013906976917,7.359466552734375,2.878248385414149,normal
0.5973782842410406,-7.986602783203125,1.697538780813405,normal
0.9149473612162479,-29.681625366210938,1.697538780813405,normal
0.740441923157087,5.185432434082031,1.3762191523596305,normal
0.7798219079531972,-23.417587280273438,1.3762191523596305,normal
0.3302368372950341,-36.573944091796875,1.3762191523596305,normal
1.3897346593691073,-125.2895736694336,1.3762191523596305,normal
1.6949608181437577,29.503097534179688,1.3762191523596305,normal
1.6402699511966299,21.772499084472656,1.3762191523596305,normal
2.23442198293072,-3.7443923950195312,1.3762191523596305,normal
2.3989114260767392,-9.717178344726562,1.3762191523596305,normal
2.4576214009021538,-50.60932159423828,1.0960507620231448,normal
2.729481530678443,4.830436706542969,1.0960507620231448,normal
2.9710218146897325,-33.23375701904297,1.0960507620231448,normal
2.9506452584144633,18.519744873046875,1.0960507620231448,normal
2.2473558833231886,-23.730926513671875,1.0960507620231448,normal
2.150900279207128,-42.79472351074219,1.0960507620231448,normal
1.2979924696455445,-54.737892150878906,1.0594978220740732,normal
1.2628610171163643,38.34709167480469,1.0594978220740732,normal
0.33088616551862277,-0.826263427734375,1.0594978220740732,normal
0.5444572807296736,-19.72400665283203,1.0594978220740732,normal
0.27333582169544574,10.205726623535156,1.0594978220740732,normal
0.4841273104163453,-15.377655029296875,1.0594978220740732,normal
1.4380473103034601,-15.353851318359375,1.0594978220740732,normal
2.217203768152685,29.815635681152344,1.0594978220740732,normal
2.1195217664402644,-36.757049560546875,1.0594978220740732,normal
3.069102442658922,59.46636199951172,1.0594978220740732,normal
2.2168120884197267,-60.20301818847656,1.0594978220740732,normal
2.49938976749417,-4.988822937011719,1.0594978220740732,normal
2.912241062789224,-6.318168640136719,1.0594978220740732,normal
2.7727812155533584,-10.282859802246094,1.0594978220740732,normal
2.9637271858411096,1.3309478759765625,1.0594978220740732,normal
2.713272077230248,-21.450119018554688,1.0594978220740732,normal
3.4016258198119984,14.325942993164062,1.0594978220740732,normal
2.4290315568285648,-52.99964904785156,1.0594978220740732,normal
2.8971733273466285,0.7487869262695312,1.0594978220740732,normal
3.1649136322237896,-24.352340698242188,0.9725942629834337,normal
1.4647670010481502,-22.477569580078125,1.7001466311756395,normal
1.723774573140414,-35.84278106689453,1.7001466311756395,normal
1.2319537247112298,49.38068389892578,1.7001466311756395,normal
0.5856735562704766,33.790283203125,1.7001466311756395,normal
0.24365564148389102,-26.707992553710938,1.7001466311756395,normal
0.567245849380184,0.5139541625976562,1.7001466311756395,normal
1.1538466641245113,54.21180725097656,1.7001466311756395,normal
0.5891012707669943,-29.25098419189453,1.7001466311756395,normal
2.134939901705798,3.0007553100585938,1.7001466311756395,normal
1.0716674332896976,-65.43136596679688,1.7001466311756395,normal
1.6151559624907565,-54.40715789794922,1.7001466311756395,normal
1.3635155792414844,6.3764190673828125,1.7001466311756395,normal
0.9359700173693776,21.47632598876953,1.7001466311756395,normal
0.4978525778163221,29.945297241210938,1.7001466311756395,normal
0.9805695603248966,0.5270004272460938,1.7001466311756395,normal
0.2221750103033404,24.937362670898438,1.7001466311756395,normal
0.4995681319447078,-73.1561279296875,1.7001466311756395,normal
0.6278117278057262,40.30529022216797,1.7001466311756395,normal
0.9194751647897197,10.365829467773438,1.7001466311756395,normal
1.6332904430020658,24.499168395996094,1.7001466311756395,normal
4.195251421389723,17.414703369140625,2.561960978387657,normal
3.240927552709958,-65.63255310058594,2.561960978387657,normal
3.8684817546631125,80.68965911865234,2.561960978387657,normal
6.211659049193963,44.42390441894531,2.561960978387657,normal
5.47480998557939,8.666267395019531,2.561960978387657,normal
6.477671401408057,0.61431884765625,2.561960978387657,normal
8.049163703583908,0.4483795166015625,2.561960978387657,normal
9.664281748346323,87.37220764160156,2.561960978387657,normal
11.350632991569691,115.73844909667969,2.561960978387657,normal
12.893977659547463,33.66405487060547,2.561960978387657,normal
16.622782240646398,26.079254150390625,3.7288045810989345,normal
16.022612785263707,86.18488311767578,3.7288045810989345,normal
17.001614232149542,165.44334411621094,3.7288045810989345,normal
17.68522657233785,94.94636535644531,3.7288045810989345,normal
20.607607894853626,-4.594459533691406,3.7288045810989345,normal
22.56063404365078,130.4153823852539,3.7288045810989345,normal
21.605733795752858,-15.814476013183594,3.7288045810989345,normal
25.66449622687903,86.43402099609375,4.058762431126173,normal
30.23162404744309,28.684844970703125,4.56712782056406,normal
29.81239255446071,158.6846923828125,4.56712782056406,normal
30.43916996286772,24.528350830078125,4.56712782056406,normal
28.892926488524665,228.49468231201172,4.56712782056406,normal
30.233323971712405,91.83746337890625,4.56712782056406,normal
29.229479181179986,149.29183959960938,4.56712782056406,normal
33.72835009452375,45.34870147705078,4.56712782056406,normal
26.40649639739116,114.32258605957031,7.321853697132589,normal
33.91634459311343,53.77819061279297,7.50984819572227,normal
26.83197196418098,78.22391510009766,7.50984819572227,normal
29.633214311666528,20.32001495361328,7.50984819572227,normal
25.401464671789828,236.31832122802734,7.50984819572227,normal
27.67835300630177,-34.926109313964844,7.50984819572227,normal
21.66207328741657,42.07511901855469,7.50984819572227,normal
29.674723415962934,90.51338195800781,8.012650128546365,normal
19.372194050820134,19.03289794921875,10.3025293651428,normal
12.0617841231894,236.16966247558594,10.3025293651428,normal
20.198247346692487,-58.094329833984375,10.3025293651428,normal
15.19290127144562,178.67259979248047,10.3025293651428,normal
13.365563396273355,-220.45978546142578,10.3025293651428,normal
9.23959411180645,151.3751220703125,10.3025293651428,normal
1.760936920677309,164.7311782836914,10.3025293651428,normal
13.475284373351034,-1551.3418579101562,11.714347452673724,normal
7.994442785777156,1157.1765518188477,11.714347452673724,normal
0.09014569176724078,-134.68368530273438,11.714347452673724,normal
10.350265097442511,80.12420654296875,11.714347452673724,normal
8.584336517254242,-273.6096954345703,11.714347452673724,normal
8.540626572923493,374.4403839111328,11.714347452673724,normal
5.1151996595016085,202.49141693115234,11.714347452673724,normal
3.8693116103742473,-0.34915924072265625,11.714347452673724,normal
7.779078441601469,98.17646026611328,11.714347452673724,normal
15.915829549343506,30.259323120117188,11.714347452673724,normal
14.968806685880141,-14.214591979980469,11.714347452673724,normal
12.238464249180938,-18.283424377441406,11.714347452673724,normal
20.31021580874909,-154.40814971923828,11.714347452673724,normal
20.342539977963785,190.12401580810547,11.714347452673724,normal
21.127943212463602,-43.212318420410156,11.714347452673724,normal
27.992132165540916,-25.947418212890625,11.714347452673724,normal
20.764425930326517,95.23487091064453,11.714347452673724,normal
29.0426053643829,72.59021759033203,11.714347452673724,normal
32.18612945715995,-147.78934478759766,11.714347452673724,normal
33.99999021047391,-66.69021606445312,11.714347452673724,normal
36.15903414581254,98.49563598632812,11.714347452673724,normal
36.11252948724012,-29.21184539794922,11.714347452673724,normal
37.048943225415364,1.0164642333984375,11.714347452673724,normal
9.853422615186274,-606.2836074829102,27.19552061022909,normal
38.76475420368125,647.7670669555664,28.911331588494974,normal
42.4441270349551,-123.71429443359375,28.911331588494974,normal
39.37412301975355,106.09142303466797,28.911331588494974,normal
38.13735637961068,-73.09844970703125,28.911331588494974,normal
38.01570036514601,43.19915771484375,28.911331588494974,normal
43.336380791189626,-65.5539321899414,28.911331588494974,normal
43.555591000573486,38.381309509277344,28.911331588494974,normal
37.640232206389776,47.946510314941406,28.911331588494974,normal
38.59633918864366,-81.75212860107422,28.911331588494974,normal
8.287521144951048,-827.7415466308594,30.30881804369261,normal
35.52122127216052,781.9282150268555,30.30881804369261,normal
44.39119011114384,38.629302978515625,30.30881804369261,normal
43.901892121390844,29.28943634033203,30.30881804369261,normal
12.326685370572076,-894.3666458129883,31.57520675081877,normal
43.508366405805354,833.5607528686523,31.57520675081877,normal
1.2956965005524257,-827.1804428100586,42.21266990525293,normal
13.459189124628397,36.55128479003906,42.21266990525293,normal
33.39991355843451,878.8771820068359,42.21266990525293,normal
35.22978810122424,62.299232482910156,42.21266990525293,normal
14.068991652252155,-1077.5842666625977,42.21266990525293,normal
38.05250338223664,969.6356964111328,42.21266990525293,normal
37.500647748125935,48.33045959472656,42.21266990525293,normal
32.592431552164925,58.6175537109375,42.21266990525293,normal
2.4865098714682694,0.0,0.0,normal
5.19387145141325,52.970924377441406,2.70736157994498,normal
4.582730289127354,12.05657958984375,2.70736157994498,normal
3.257573329908011,-160.0528335571289,2.70736157994498,normal
5.021697052669369,-60.39985656738281,2.70736157994498,normal
2.981266819541737,-5.695037841796875,2.70736157994498,normal
2.866016965479445,22.09808349609375,2.70736157994498,normal
0.9266361984292575,147.271728515625,2.70736157994498,normal
2.775402164248106,-193.6969757080078,2.70736157994498,normal
1.554138286250795,-37.91862487792969,2.70736157994498,normal
2.1311812893825857,43.543853759765625,2.70736157994498,normal
0.08592422377190116,86.35574340820312,2.70736157994498,normal
1.6685756929747877,-18.732376098632812,2.70736157994498,normal
0.1871877953518063,-81.18152618408203,2.70736157994498,normal
1.4555957574034135,64.58175659179688,2.70736157994498,normal
0.32204341911814144,6.709098815917969,2.70736157994498,normal
1.4244730834578048,-20.615615844726562,2.70736157994498,normal
0.38924302939176364,-46.945037841796875,2.70736157994498,normal
0.4363605492790676,17.074813842773438,2.70736157994498,normal
1.2618950865581837,120.28724670410156,2.70736157994498,normal
0.09276965200463137,11.085319519042969,2.70736157994498,normal
0.01930361907344219,-63.25572967529297,2.70736157994498,normal
1.429402405168069,21.581268310546875,2.70736157994498,normal
0.6417101453804825,-107.16041564941406,2.70736157994498,normal
0.9043553397206964,-19.868202209472656,2.70736157994498,normal
0.31146258888827183,80.11825561523438,2.70736157994498,normal
0.9252834651037771,-113.89091491699219,2.70736157994498,normal
2.1742984904899676,-35.760841369628906,2.70736157994498,normal
1.5478037436590404,44.40387725830078,2.70736157994498,normal
2.8854488677507617,-79.46491241455078,2.70736157994498,normal
4.305687741148441,-16.598052978515625,2.70736157994498,normal
1.7398280913649906,-36.088829040527344,2.5658596497834507,normal
2.5913023454920756,-59.381561279296875,2.5658596497834507,normal
3.821599260708413,88.59134674072266,2.5658596497834507,normal
2.555603554935947,-41.252288818359375,2.5658596497834507,normal
3.083582417715132,15.991172790527344,2.5658596497834507,normal
2.580152160659573,3.355865478515625,2.5658596497834507,normal
3.781725900357168,-107.9146957397461,2.5658596497834507,normal
2.7202930944101005,46.17645263671875,2.5658596497834507,normal
0.39012911189441823,3.1912994384765625,2.5658596497834507,normal
0.1888898041676546,-21.10301971435547,2.5658596497834507,normal
3.442959516449816,-5.6238555908203125,3.254069712282161,normal
1.1084974332137043,-17.84271240234375,3.254069712282161,normal
0.3107940875596864,-6.2477874755859375,3.254069712282161,normal
0.5589707376232333,62.73078918457031,3.254069712282161,normal
1.0187157732214251,-54.60090637207031,3.254069712282161,normal
2.8908453922711757,3.0983734130859375,3.254069712282161,normal
1.3848213666439804,23.362770080566406,3.254069712282161,normal
1.6226990255561016,50.428733825683594,3.254069712282161,normal
0.7570666610581316,-30.179901123046875,3.254069712282161,normal
1.3349933419501963,-54.87773895263672,3.254069712282161,normal
0.8327707998853623,-75.56659698486328,3.254069712282161,normal
0.4602757491801693,-26.427841186523438,3.254069712282161,normal
0.6767333570215359,-3.02032470703125,3.254069712282161,normal
0.10609233285119715,3.6583328247070312,3.254069712282161,normal
0.714985021393758,-46.790428161621094,3.254069712282161,normal
0.6736871685912537,-8.792495727539062,3.254069712282161,normal
0.927399491016403,13.207855224609375,3.254069712282161,normal
1.7464738154278205,-4.071807861328125,3.254069712282161,normal
1.3957485934404148,-21.69330596923828,3.254069712282161,normal
1.6354258873285803,-17.815818786621094,3.254069712282161,normal
2.5894729090909343,-9.079399108886719,3.254069712282161,normal
2.2920713912658743,-60.541534423828125,3.254069712282161,normal
2.13448439298111,-13.000717163085938,3.254069712282161,normal
2.0658185796467463,49.87083435058594,3.254069712282161,normal
1.6182334049738223,-49.67113494873047,3.254069712282161,normal
1.0881881689783863,10.068740844726562,3.254069712282161,normal
0.9812058732361539,-35.34416198730469,3.254069712282161,normal
1.9687611903301285,39.87316131591797,3.254069712282161,normal
1.5637179906058052,-22.183799743652344,3.254069712282161,normal
1.0973475527731709,-62.35450744628906,3.254069712282161,normal
0.33456233640087,39.86103057861328,2.3344620832361116,normal
1.0082063589421735,6.070289611816406,1.8721296190497505,normal
1.2264791893535363,-67.69054412841797,1.8721296190497505,normal
1.0593506598079636,20.489273071289062,1.8721296190497505,normal
1.5488044639923813,-71.27460479736328,1.8721296190497505,normal
1.8356876703575968,-17.18547821044922,1.5060240256271953,normal
0.6565391793069141,-12.043876647949219,1.1791484910506829,normal
0.9341905092778433,-24.074249267578125,1.1791484910506829,normal
1.1413983678148472,-30.608596801757812,1.1791484910506829,normal
1.143594319767966,-17.533721923828125,1.1791484910506829,normal
1.810690460372163,-53.288726806640625,1.1791484910506829,normal
1.2585694551209168,1.62139892578125,1.1791484910506829,normal
1.6091781813944428,-44.47734832763672,1.1791484910506829,normal
1.8339415620318078,-10.994911193847656,1.1791484910506829,normal
1.278157262773618,-60.37364959716797,1.1791484910506829,normal
1.304077040089206,43.269081115722656,1.1791484910506829,normal
1.8469195475812168,-44.88029479980469,1.1791484910506829,normal
1.200178991622632,14.45068359375,1.1791484910506829,normal
0.5563844662815096,-46.734352111816406,1.1791484910506829,normal
0.5528145951097424,-11.350822448730469,1.1791484910506829,normal
0.3400224143832953,11.851959228515625,1.1791484910506829,normal
0.05661413300018113,11.643333435058594,1.1791484910506829,normal
0.6554285933387475,2.2941970825195312,1.1791484910506829,normal
0.1618783579869045,-18.628921508789062,1.1791484910506829,normal
0.19118658270943314,25.927047729492188,1.1791484910506829,normal
0.4948423778860486,-2.2216415405273438,1.1791484910506829,normal
0.6643633334513417,-30.17108917236328,1.1791484910506829,normal
0.8129876627810485,28.379974365234375,1.1791484910506829,normal
0.17069603452770446,2.794647216796875,1.1791484910506829,normal
1.53068113504175,33.731117248535156,1.3599851005140455,normal
0.6487801302155027,-54.43084716796875,1.3599851005140455,normal
0.3604214969754218,-29.21184539794922,1.3599851005140455,normal
0.11802880258228159,5.5712127685546875,1.3599851005140455,normal
0.7340339570998777,28.143081665039062,1.3599851005140455,normal
0.14186726014324244,-21.185073852539062,1.3599851005140455,normal
0.46248917957314367,-1.8174362182617188,1.3599851005140455,normal
0.8134749723388587,9.474449157714844,1.3599851005140455,normal
1.356442878642359,-30.754165649414062,1.3599851005140455,normal
2.1953337494291527,-11.015167236328125,1.3599851005140455,normal
2.955596993039526,-9.502372741699219,1.3599851005140455,normal
3.27466469792961,-12.382621765136719,1.3599851005140455,normal
4.958458052866695,-75.45867919921875,1.6837933549370852,normal
4.7232966263316225,-15.781745910644531,1.6837933549370852,normal
3.9835180260022303,19.860877990722656,1.6837933549370852,normal
4.73810879808735,-53.51428985595703,1.6837933549370852,normal
4.864722105687822,4.16839599609375,1.6837933549370852,normal
6.408825920852224,23.195571899414062,1.6837933549370852,normal
5.644118691426628,-29.4451904296875,1.6837933549370852,normal
5.840831360223048,43.10382843017578,1.6837933549370852,normal
4.480192496480621,-3.3630752563476562,1.6837933549370852,normal
3.9710724981310017,-11.426925659179688,1.6837933549370852,normal
2.7218678990207534,-6.972999572753906,1.6837933549370852,normal
2.7990886574664193,4.859046936035156,1.6837933549370852,normal
1.968260563954942,-19.92645263671875,1.6837933549370852,normal
1.269997741584148,-4.199180603027344,1.6837933549370852,normal
0.31286865113063994,27.416839599609375,1.6837933549370852,normal
0.0032731711470049096,-45.10723114013672,1.6837933549370852,normal
1.3741207676070855,-1.9144821166992188,1.6837933549370852,normal
0.42832162010290903,-103.57749938964844,1.6837933549370852,normal
2.2394823001310127,9.961395263671875,1.8111606800281037,normal
2.6725092704070734,49.18098449707031,1.8111606800281037,normal
1.1678675773281604,-91.83712005615234,1.8111606800281037,normal
0.6222142626854886,118.2418441772461,1.8111606800281037,normal
0.14840655125029978,-135.87604522705078,1.8111606800281037,normal
2.0677593841101114,-47.73124694824219,1.9193528328598117,normal
0.49399559181267017,41.18694305419922,1.9193528328598117,normal
0.5997259816712208,21.34449005126953,1.9193528328598117,normal
0.515253127133516,-74.55116271972656,1.9193528328598117,normal
2.0034192303370664,30.691509246826172,1.9193528328598117,normal
0.08993809452802168,-20.911617279052734,1.9193528328598117,normal
0.29408331232496526,65.0753402709961,1.9193528328598117,normal
2.319567115862927,-28.836135864257812,2.025483803537962,normal
4.718545009955892,-27.24163055419922,2.398977894092965,normal
0.3712156025635265,28.31165313720703,4.347329407392365,normal
1.627470329929593,111.44245147705078,4.347329407392365,normal
0.22278467846538874,-59.12189483642578,4.347329407392365,normal
0.9779347472582107,-15.830497741699219,4.347329407392365,normal
1.1183613967874915,163.52439880371094,4.347329407392365,normal
0.8880480937921524,-7.4777984619140625,4.347329407392365,normal
0.5023558017609825,48.29120635986328,4.347329407392365,normal
0.6411283943034609,58.189659118652344,4.347329407392365,normal
0.255528107073181,90.0677490234375,4.347329407392365,normal
0.36996436109039277,37.53673553466797,4.347329407392365,normal
1.37667109716486,-27.399444580078125,4.347329407392365,normal
1.3762499746431016,45.350303649902344,4.347329407392365,normal
1.8531842910075167,-25.782737731933594,4.347329407392365,normal
3.077882845894412,40.44273376464844,4.347329407392365,normal
4.593993617454609,-56.62834167480469,4.347329407392365,normal
6.285558840247244,57.511253356933594,4.347329407392365,normal
5.813494764698919,69.31503295898438,4.347329407392365,normal
5.852032620193448,-17.329673767089844,4.347329407392365,normal
6.218191121442693,-1.5892410278320312,4.347329407392365,normal
6.892384621359401,36.206703186035156,4.347329407392365,normal
6.246633797509038,27.9803466796875,4.347329407392365,normal
6.603276813322935,42.14424133300781,4.347329407392365,normal
6.499104213708404,41.41571044921875,4.347329407392365,normal
7.03157832808686,72.12135314941406,4.347329407392365,normal
6.877720057109414,2.1175003051757812,4.347329407392365,normal
6.460379643421046,72.1527099609375,4.347329407392365,normal
6.128129232359609,94.47486877441406,4.347329407392365,normal
4.889718622616152,7.544975280761719,4.347329407392365,normal
5.738486130110088,163.81999969482422,4.347329407392365,normal
4.974617296660821,112.56889343261719,4.347329407392365,normal
4.738476103532323,110.4250717163086,1.6915652227926348,normal
4.034639054478418,157.41336822509766,1.6915652227926348,normal
1.3827711838907977,280.29396057128906,2.65186787058762,normal
0.8656903138341167,71.0372543334961,2.65186787058762,normal
1.2850465508069966,142.18013763427734,2.65186787058762,normal
1.7871774453039877,115.52021026611328,2.65186787058762,normal
0.4909746639183766,79.4784164428711,2.65186787058762,normal
2.8720143404340464,121.18995666503906,2.65186787058762,normal
2.7204360881438396,94.60453033447266,2.65186787058762,normal
1.9759415122613788,121.92329406738281,2.65186787058762,normal
5.402829254659301,115.94856262207031,3.4268877423979225,normal
5.984322620062924,55.67699432373047,3.4268877423979225,normal
4.956074813894209,129.53704833984375,3.4268877423979225,normal
4.777042284884806,96.25259399414062,3.4268877423979225,normal
0.4352002921018648,57.240257263183594,4.341841992782942,normal
0.20372910068120365,48.30253601074219,4.341841992782942,normal
1.849456203567323,-49.90825653076172,4.341841992782942,normal
1.4059737760398943,-34.884681701660156,4.341841992782942,normal
2.104987198634181,-80.64456939697266,4.341841992782942,normal
0.22038255839010162,-86.30081176757812,4.341841992782942,normal
0.17563164565958927,-8.508567810058594,4.341841992782942,normal
1.209345173704498,-12.443161010742188,4.341841992782942,normal
0.4989415905217049,61.530189514160156,4.341841992782942,normal
2.697413394805302,41.232948303222656,4.341841992782942,normal
0.5798554791756707,1.7986679077148438,4.341841992782942,normal
0.010915689780427763,6.68243408203125,4.341841992782942,normal
2.1272673413129337,59.173851013183594,4.341841992782942,normal
0.6494523674436556,95.94074249267578,4.341841992782942,normal
0.4366270914583905,28.526229858398438,4.341841992782942,normal
2.517887607642642,5.385475158691406,4.341841992782942,normal
0.011190228214260453,22.945632934570312,4.341841992782942,normal
4.678383860642478,5.139312744140625,4.6671936324282175,normal
4.00501602824811,42.075347900390625,4.6671936324282175,normal
1.7574392582185168,-21.75395965576172,4.6671936324282175,normal
3.084259522734483,87.83008575439453,4.6671936324282175,normal
1.112323817134331,-56.203880310058594,4.6671936324282175,normal
3.661093901386651,59.64740753173828,4.6671936324282175,normal
0.08355769138921,-31.903610229492188,4.6671936324282175,normal
4.201641564771315,-49.0521240234375,4.6671936324282175,normal
0.3988713453853785,-14.313125610351562,4.6671936324282175,normal
0.7508396502104893,6.5343475341796875,4.6671936324282175,normal
1.8074274418837197,52.814483642578125,4.6671936324282175,normal
2.0917591691662567,-65.54855346679688,4.6671936324282175,normal
2.332692652223924,61.421356201171875,4.6671936324282175,normal
0.40152802409573674,8.249931335449219,4.6671936324282175,normal
3.200897132828488,-68.16925048828125,4.6671936324282175,normal
0.7647220436486284,125.91819763183594,4.6671936324282175,normal
2.9286938717563396,-20.809478759765625,4.6671936324282175,normal
0.8198049163701537,-2.7843475341796875,4.6671936324282175,normal
3.811598828329776,-13.75762939453125,4.6671936324282175,normal
0.4711464894618429,-74.38121795654297,4.6671936324282175,normal
1.8853566546314036,-26.5264892578125,4.6671936324282175,normal
4.12489338582883,102.2808837890625,4.6671936324282175,normal
2.1929258056258827,12.496833801269531,4.6671936324282175,normal
2.0297708901711884,-9.0234375,4.6671936324282175,normal
0.6101883164876902,15.130462646484375,4.6671936324282175,normal
0.329848707544243,-124.23030853271484,4.6671936324282175,normal
2.338034695238121,34.32975769042969,4.6671936324282175,normal
2.7978139009802163,16.884727478027344,4.6671936324282175,normal
2.26768367728892,90.01659393310547,4.6671936324282175,normal
3.3900806763525524,-88.0975341796875,4.6671936324282175,normal
3.542039656286939,110.62705993652344,4.118083873382105,normal
2.239631402503978,-44.293556213378906,4.118083873382105,normal
3.563695353788799,0.0,0.0,normal
3.1506419247162896,-170.0859832763672,0.41305342907250964,normal
4.918752069362689,9.020118713378906,1.7681101446463998,normal
1.3550304393451131,42.570533752441406,3.563721630017576,normal
3.6580111337440746,-47.74303436279297,3.563721630017576,normal
2.616245912377827,-66.99897766113281,3.563721630017576,normal
3.145559087156864,135.39230346679688,3.563721630017576,normal
3.304102000585168,-59.08252716064453,3.563721630017576,normal
0.8509722890981052,-124.60453033447266,3.563721630017576,normal
1.7436764398151159,13.416595458984375,3.563721630017576,normal
1.653210718160065,-48.92234802246094,3.563721630017576,normal
2.6037225622741,76.02127075195312,3.563721630017576,normal
2.968284351499409,-1.6989898681640625,3.563721630017576,normal
2.1087442964092546,-61.5234375,3.563721630017576,normal
2.163659688240923,62.25414276123047,3.563721630017576,normal
2.3584995677635088,-63.238792419433594,3.563721630017576,normal
1.2820907993405752,-13.410987854003906,3.563721630017576,normal
1.705418053054582,49.01756286621094,3.563721630017576,normal
1.8502498220876282,37.08160400390625,3.563721630017576,normal
2.381786592394613,-7.331199645996094,3.563721630017576,normal
2.5198092386297377,-86.28158569335938,3.563721630017576,normal
3.918015376740269,24.198532104492188,3.563721630017576,normal
2.8830286415574986,15.508003234863281,3.563721630017576,normal
2.9663083490685267,-6.580238342285156,3.563721630017576,normal
1.5608325083305647,-3.5338211059570312,3.563721630017576,normal
2.6815100019217564,-44.805335998535156,3.563721630017576,normal
2.4451124312840107,33.21521759033203,3.563721630017576,normal
1.8561900116852477,-76.8691635131836,3.563721630017576,normal
3.220266830057324,-10.90667724609375,3.563721630017576,normal
3.364048926875435,-73.42700958251953,3.563721630017576,normal
3.8884784328189577,17.988739013671875,3.563721630017576,normal
3.2443991091287825,-30.216636657714844,3.563721630017576,normal
2.791905958422236,53.67668151855469,3.563721630017576,normal
1.517269073669493,-45.83209991455078,2.4531297114870627,normal
4.4745808184054665,-22.115936279296875,2.9573117447359736,normal
3.4149035129616663,22.67292022705078,2.9573117447359736,normal
4.4165465057583315,-48.68419647216797,2.9573117447359736,normal
3.9998256746676373,-11.19873046875,2.9573117447359736,normal
1.6839348333600694,6.204986572265625,2.9573117447359736,normal
2.8713244915327465,-7.748222351074219,2.9573117447359736,normal
3.1474954764518457,-9.736404418945312,2.9573117447359736,normal
0.36156390352911355,-44.544639587402344,2.9573117447359736,normal
2.185414077098335,48.89751434326172,2.9573117447359736,normal
2.598993842780671,31.941604614257812,2.9573117447359736,normal
0.5408310247036682,29.950332641601562,2.9573117447359736,normal
3.892631560448934,4.767608642578125,3.351800535745266,normal
1.365405001020921,-65.4488754272461,3.351800535745266,normal
1.4329165308093523,18.631210327148438,3.351800535745266,normal
1.6199340539059826,-49.041595458984375,3.351800535745266,normal
1.392719458127983,-32.38414764404297,3.351800535745266,normal
1.6081679211394708,-4.688072204589844,3.351800535745266,normal
1.451840634187409,-33.097572326660156,3.351800535745266,normal
1.2183046502251818,48.377838134765625,3.351800535745266,normal
0.5770778672781713,-82.30636596679688,3.351800535745266,normal
0.1307803206064986,12.475433349609375,3.351800535745266,normal
0.9310665451783233,-73.36200714111328,3.351800535745266,normal
0.6605376713713045,2.0331573486328125,3.351800535745266,normal
0.5363538157516884,-0.44322967529296875,3.351800535745266,normal
0.8766900756831065,-34.811553955078125,3.351800535745266,normal
0.34426703775017764,7.41668701171875,3.351800535745266,normal
0.2955214007594836,-12.660026550292969,3.351800535745266,normal
1.2475332124323897,-8.923301696777344,3.351800535745266,normal
0.9138886638513395,-0.352020263671875,3.351800535745266,normal
1.0292082586788984,62.92121887207031,3.351800535745266,normal
0.22617843281728242,-70.4443359375,3.351800535745266,normal
0.477523547595954,15.525283813476562,3.351800535745266,normal
0.05861751089570261,-0.39745330810546875,3.351800535745266,normal
0.022385391166570973,-39.686851501464844,3.351800535745266,normal
0.6813630747066036,-47.852783203125,3.351800535745266,normal
0.6152583348938484,-6.436042785644531,3.351800535745266,normal
0.7794684145198592,-66.68540954589844,3.351800535745266,normal
0.34486989348825475,-22.21435546875,3.351800535745266,normal
1.7833646202158746,-34.81040954589844,3.351800535745266,normal
1.323390441021233,-14.112396240234375,3.351800535745266,normal
1.2450192782056702,10.631561279296875,3.351800535745266,normal
1.1997153468237796,-52.708282470703125,2.527226559428013,normal
0.6179108860990599,-37.58720397949219,1.4384947267276198,normal
1.4269801389517542,-0.08514404296875,1.4384947267276198,normal
1.6156219945295194,-57.095947265625,1.4384947267276198,normal
1.5368483262038344,-14.66949462890625,1.4384947267276198,normal
1.413027459705974,-2.1861648559570312,1.4384947267276198,normal
1.3514659220187772,-8.565559387207031,1.4384947267276198,normal
1.6258258232519636,20.730972290039062,1.4384947267276198,normal
0.3164012961714382,7.36724853515625,1.4384947267276198,normal
1.2903102229676027,-21.51958465576172,1.4384947267276198,normal
0.409184344926745,-54.74384307861328,1.4384947267276198,normal
0.3267266203809878,27.90721893310547,1.4384947267276198,normal
0.11318451149495048,-28.1524658203125,1.4384947267276198,normal
0.18021118042552262,4.30572509765625,1.4384947267276198,normal
0.3227666868525092,-11.257781982421875,1.4384947267276198,normal
0.7551372575635152,-0.731964111328125,1.4384947267276198,normal
0.1786465147746181,46.96849822998047,1.4384947267276198,normal
0.42109158437774813,-54.90680694580078,1.4384947267276198,normal
0.14232267859113898,-59.68116760253906,1.4384947267276198,normal
0.27084202790852896,0.6829833984375,1.4384947267276198,normal
0.2356492593418892,-32.88963317871094,1.4384947267276198,normal
2.1666558803738822,-11.05224609375,1.931006621031993,normal
2.930261927277839,-73.0759048461914,1.931006621031993,normal
4.354425511743424,-14.213333129882812,1.931006621031993,normal
4.411863309331776,2.8438568115234375,1.931006621031993,normal
5.411183401703203,-17.793846130371094,1.931006621031993,normal
5.577520917849822,60.463829040527344,1.931006621031993,normal
4.268690151063445,-56.80274963378906,1.931006621031993,normal
2.1850411493192734,-47.66212463378906,2.0836490017441713,normal
2.6309381992239302,-28.333396911621094,2.0836490017441713,normal
1.2623976744098382,39.58717346191406,2.0836490017441713,normal
1.299415658104334,-9.981193542480469,2.0836490017441713,normal
1.1780300703086395,15.228309631347656,2.0836490017441713,normal
1.783421643039312,-57.982635498046875,2.0836490017441713,normal
2.0264477967661527,29.787025451660156,2.0836490017441713,normal
1.7773892372663143,-4.763946533203125,2.0836490017441713,normal
0.3116779393197178,-10.025711059570312,2.0836490017441713,normal
0.11681700191697755,12.623977661132812,2.0836490017441713,normal
0.329350004346013,-26.860084533691406,2.0836490017441713,normal
1.5196950551096358,-28.687992095947266,2.0836490017441713,normal
0.12207827683602168,-4.6071624755859375,2.0836490017441713,normal
1.1474943029110132,-41.96645736694336,2.0836490017441713,normal
2.317346326377306,51.9122314453125,2.0836490017441713,normal
3.5069546107931022,21.343460083007812,2.0836490017441713,normal
4.2599988704799046,38.126220703125,2.0836490017441713,normal
5.664313635812491,-50.37620544433594,2.0836490017441713,normal
7.072415590122843,70.41847229003906,2.0836490017441713,normal
7.41306171788717,38.99436950683594,2.0836490017441713,normal
8.745092762704454,6.685638427734375,2.0836490017441713,normal
9.755548588002116,26.995811462402344,2.0836490017441713,normal
9.819174355470757,64.4696044921875,2.0836490017441713,normal
11.85361311734583,37.795257568359375,2.0836490017441713,normal
11.24659952588604,120.71914672851562,2.0836490017441713,normal
11.932637951745447,-3.0067062377929688,2.0836490017441713,normal
12.536944855999005,35.26405334472656,2.0836490017441713,normal
14.294526711276022,47.346954345703125,2.0836490017441713,normal
17.881573466419667,37.928009033203125,3.5870467551436445,normal
17.80329248386232,97.83279418945312,3.5870467551436445,normal
17.316082867352254,115.52616119384766,3.5870467551436445,normal
18.35682757392862,-0.03925323486328125,3.5870467551436445,normal
22.5851583881478,-88.93112182617188,4.228330814219181,normal
21.90390215466662,185.2349853515625,4.228330814219181,normal
23.74434647711081,10.900497436523438,4.228330814219181,normal
29.81287063768277,-37.55973815917969,6.068524160571961,normal
30.31234537454716,-104.58709716796875,6.068524160571961,normal
28.920908001881173,215.33557891845703,6.068524160571961,normal
32.05231530072017,-144.68421936035156,6.068524160571961,normal
31.996469056076094,-32.095069885253906,6.068524160571961,normal
28.66242244602547,187.13069915771484,6.068524160571961,normal
28.625310765439863,63.74839782714844,6.068524160571961,normal
31.73585315848164,26.28742218017578,6.068524160571961,normal
29.260757591794437,61.173248291015625,6.068524160571961,normal
33.52686087380021,-88.53996276855469,6.068524160571961,normal
38.41216409913665,-164.43958282470703,6.068524160571961,normal
28.004636658487424,349.22367095947266,10.407527440649229,normal
31.782049158955267,-194.93980407714844,10.407527440649229,normal
25.504221259097818,289.72652435302734,10.407527440649229,normal
23.869611954219383,-71.20067596435547,10.407527440649229,normal
23.54587978057996,327.0929718017578,10.407527440649229,normal
22.219950535190893,5.8477020263671875,10.407527440649229,normal
21.585509908245243,140.67684173583984,10.407527440649229,normal
17.92263084056542,1.3557815551757812,10.407527440649229,normal
16.808460860151616,112.67555236816406,10.407527440649229,normal
13.118082000218271,-158.29673767089844,10.407527440649229,normal
14.577044302244085,213.96160125732422,10.407527440649229,normal
11.169393840534282,48.53965759277344,10.407527440649229,normal
9.062453686065915,100.90988159179688,10.407527440649229,normal
4.486668010117975,119.73644256591797,10.407527440649229,normal
5.329029169321776,131.39156341552734,10.407527440649229,normal
1.0270946535672543,-16.323394775390625,10.407527440649229,normal
3.356607592230555,-182.40005493164062,10.407527440649229,normal
0.9337643483418822,79.72652435302734,10.407527440649229,normal
0.13716019193080864,-38.974456787109375,10.407527440649229,normal
4.854602781715253,97.04463958740234,10.407527440649229,normal
1.8190853571864074,227.66956329345703,10.407527440649229,normal
10.1818343712003,18.009109497070312,10.407527440649229,normal
14.410248993434514,157.25452423095703,10.407527440649229,normal
10.721190868138438,141.2527084350586,10.407527440649229,normal
8.408731561251242,85.45944213867188,10.407527440649229,normal
11.970484592556232,-14.015464782714844,10.407527440649229,normal
18.670231928549875,21.690216064453125,10.407527440649229,normal
17.16590061555176,-0.031585693359375,10.407527440649229,normal
14.423818422007217,93.1509017944336,10.407527440649229,normal
20.923817882008077,-41.627769470214844,10.407527440649229,normal
17.955298917737856,55.3289794921875,8.362749014013891,normal
19.108603841532613,-77.57308959960938,8.362749014013891,normal
25.19165518444771,-50.71094512939453,8.362749014013891,normal
24.074844633623055,31.746826171875,8.362749014013891,normal
21.102762365563187,136.2469482421875,8.362749014013891,normal
23.52744045540289,2.4629974365234375,8.362749014013891,normal
25.287771258974438,95.21461486816406,8.362749014013891,normal
38.37715039127065,-69.04106140136719,13.089379132296216,normal
23.52328253779243,234.96517181396484,14.853867853478224,normal
25.19691714982596,-67.90809631347656,14.853867853478224,normal
30.377439380445928,28.27892303466797,14.853867853478224,normal
25.465082293253626,8.34869384765625,14.853867853478224,normal
23.305034631621687,130.6600570678711,14.853867853478224,normal
28.431389455263258,-182.9784393310547,14.853867853478224,normal
29.28439051507813,64.64378356933594,14.853867853478224,normal
36.99966033042814,-24.037399291992188,14.853867853478224,normal
26.292198063610403,156.763916015625,14.853867853478224,normal
32.929153800813964,-33.92784118652344,14.853867853478224,normal
30.155410362422927,12.826309204101562,14.853867853478224,normal
38.53981223422021,-21.426315307617188,14.853867853478224,normal
42.51488799327347,44.439239501953125,14.853867853478224,normal
45.745396607242455,26.80572509765625,14.853867853478224,normal
41.91150868617778,127.32765197753906,14.853867853478224,normal
39.7310559406351,113.81492614746094,14.853867853478224,normal
10.685576693522417,-47.19108581542969,29.045479247112684,normal
9.760241303925357,-113.45466613769531,29.045479247112684,normal
5.600507019493754,0.0,0.0,normal
3.212214442738051,1.3615036010742188,2.3882925767557026,normal
5.141617605937158,-55.953025817871094,2.3882925767557026,normal
5.990766945058643,-24.61772918701172,2.3882925767557026,normal
5.031745312302846,-121.95854187011719,2.3882925767557026,normal
4.8135945528922175,29.47986602783203,2.3882925767557026,normal
2.9578200793107476,-13.1817626953125,2.3882925767557026,normal
3.9670049101419784,15.172348022460938,2.3882925767557026,normal
2.7752560531894663,-129.7726821899414,2.3882925767557026,normal
3.4490777164475985,288.8496780395508,2.3882925767557026,normal
3.110770442140592,-310.43907165527344,2.3882925767557026,normal
5.2170264072981505,64.05155181884766,2.3882925767557026,normal
4.678079729030173,57.894744873046875,2.3882925767557026,normal
3.83112820590962,-67.40650177001953,2.3882925767557026,normal
3.586489343757494,123.1625747680664,2.3882925767557026,normal
3.997123544707607,-84.46186065673828,2.3882925767557026,normal
3.9006643067124664,-54.3438720703125,2.3882925767557026,normal
3.912366174541558,-44.40650939941406,2.3882925767557026,normal
2.101714768477398,66.51844024658203,2.3882925767557026,normal
1.9186481224104464,-40.97637176513672,2.3882925767557026,normal
0.7127230602427758,51.60758972167969,2.3882925767557026,normal
2.5625000169405174,-0.25417327880859375,2.3882925767557026,normal
1.6781026506420373,-93.08784484863281,2.3882925767557026,normal
3.560889347762265,2.1250534057617188,2.3882925767557026,normal
4.458707638703725,86.4748764038086,2.3882925767557026,normal
3.042088685208438,-136.9723892211914,2.3882925767557026,normal
1.994890201833476,5.168952941894531,2.3882925767557026,normal
1.9873221127960292,7.2818756103515625,2.3882925767557026,normal
3.5424826141121684,73.2070541381836,2.3882925767557026,normal
3.1345988134780582,-49.052467346191406,2.3882925767557026,normal
2.7049636812910807,-57.306060791015625,2.3882925767557026,normal
3.6884330603313087,-19.289016723632812,2.1062559651575583,normal
3.741008061825753,56.082000732421875,2.1062559651575583,normal
5.139145923977232,-110.96546173095703,2.1062559651575583,normal
5.150676969332319,-23.407516479492188,2.1062559651575583,normal
4.260560806844282,-30.517044067382812,2.1062559651575583,normal
3.9912118075155556,15.45684814453125,2.1062559651575583,normal
4.587007340431828,12.683258056640625,2.1062559651575583,normal
3.8036194752032215,-50.584144592285156,2.1062559651575583,normal
4.642751162671081,15.765380859375,2.1062559651575583,normal
6.439683070940955,-93.52958679199219,2.1062559651575583,normal
3.2370675817210053,46.348915100097656,3.2026154892199497,normal
3.1027735512171812,5.36773681640625,3.2026154892199497,normal
4.433079199593766,45.67863464355469,3.2026154892199497,normal
6.166905940044695,-11.506690979003906,3.2026154892199497,normal
2.451105610812339,12.944526672363281,3.7158003292323563,normal
3.4424003304026085,37.35443115234375,3.7158003292323563,normal
3.0014710183341213,-6.701087951660156,3.7158003292323563,normal
3.2889783788644102,-49.98779296875,3.7158003292323563,normal
2.418844395943603,-27.965469360351562,3.7158003292323563,normal
2.4634379845904184,-42.90515899658203,3.7158003292323563,normal
1.9290058915517072,-26.902542114257812,3.7158003292323563,normal
1.7289110226225142,-61.423301696777344,3.7158003292323563,normal
0.18698446304793095,-31.25152587890625,3.7158003292323563,normal
0.7924321948144641,29.054832458496094,3.7158003292323563,normal
1.0564962174152086,-9.736061096191406,3.7158003292323563,normal
0.08064943105737381,-87.19470977783203,3.7158003292323563,normal
0.21131815690950442,3.3661651611328125,3.7158003292323563,normal
0.25773884122838053,-1.3445663452148438,3.7158003292323563,normal
0.9111500306848517,-55.133514404296875,3.7158003292323563,normal
1.3417512502774087,17.406349182128906,3.7158003292323563,normal
1.615432492539189,72.76142120361328,3.7158003292323563,normal
1.1324044733039331,-18.277587890625,3.7158003292323563,normal
0.590925778742322,-55.07732391357422,3.7158003292323563,normal
1.33427058304039,29.543724060058594,3.7158003292323563,normal
0.17066311610115334,7.610206604003906,3.7158003292323563,normal
0.931357041437932,-17.896957397460938,3.7158003292323563,normal
1.0383812574839206,-11.357002258300781,3.7158003292323563,normal
1.4289568072100864,-18.293724060058594,3.7158003292323563,normal
0.9702180424114256,35.37334442138672,3.7158003292323563,normal
0.7793756862119029,-33.09619903564453,3.7158003292323563,normal
0.26237740567377826,-93.46126556396484,3.7158003292323563,normal
0.42200008859480675,-50.086669921875,3.7158003292323563,normal
0.04702222744000605,-41.310081481933594,3.7158003292323563,normal
0.19050464979551932,-45.234947204589844,3.7158003292323563,normal
0.09648301936071865,-52.668113708496094,1.5419265595745832,normal
0.7529471320649112,-22.09705352783203,1.5419265595745832,normal
1.0375069238346177,-57.86602020263672,1.5419265595745832,normal
0.46696520721060153,-23.92467498779297,1.5419265595745832,normal
0.06804205596113831,-9.357261657714844,1.5419265595745832,normal
0.13321374921659737,-71.66942596435547,1.5419265595745832,normal
1.0638864799839616,6.01226806640625,1.5419265595745832,normal
0.5808820221752738,-1.2432861328125,1.5419265595745832,normal
0.8129989573077396,-38.16364288330078,1.1636074669392367,normal
1.8700734236567356,7.398948669433594,1.1636074669392367,normal
1.8912412016278213,22.278900146484375,1.1636074669392367,normal
1.6781541581493602,-28.850784301757812,1.1636074669392367,normal
2.1096988654394773,2.545166015625,1.1636074669392367,normal
1.0677689893506068,-46.02710723876953,1.1636074669392367,normal
0.7945312069833779,-31.673240661621094,1.1636074669392367,normal
0.18143137224702804,-5.8032989501953125,1.1636074669392367,normal
0.7511244134152383,48.897743225097656,1.1636074669392367,normal
1.260935200125659,2.4308395385742188,1.1636074669392367,normal
0.1576228863027794,8.992080688476562,1.1636074669392367,normal
0.03759489831518737,97.7032470703125,1.1636074669392367,normal
1.1601966293506747,-11.233177185058594,1.1226017310354872,normal
1.2836636185563448,12.71759033203125,1.1226017310354872,normal
0.59712068895723,50.399322509765625,1.1226017310354872,normal
1.801157839968766,7.184486389160156,1.204037151011536,normal
3.0179251911773806,67.9610824584961,1.2167673512086146,normal
4.556288109102377,-38.12335968017578,1.5383629179249967,normal
4.681122739730862,2.0052337646484375,1.5383629179249967,normal
7.728989419492864,-41.25755310058594,3.047866679762002,normal
6.400670386266316,-13.781661987304688,3.047866679762002,normal
5.062875871117257,-53.20598602294922,3.047866679762002,normal
3.6579286695970645,-5.070533752441406,3.047866679762002,normal
5.088055005384154,-23.11614990234375,3.047866679762002,normal
3.6677940067475494,-12.627525329589844,3.047866679762002,normal
4.3872807145393296,73.88294219970703,3.047866679762002,normal
1.3343364672443752,43.167457580566406,3.0529442472949544,normal
3.8202835771252066,60.24009704589844,3.0529442472949544,normal
3.099274641437351,49.71393585205078,3.0529442472949544,normal
1.7607224177666947,71.32965087890625,3.0529442472949544,normal
1.4134767790407174,-4.263954162597656,3.0529442472949544,normal
0.2549545390350101,87.99957275390625,3.0529442472949544,normal
2.92404701288143,116.59400939941406,3.0529442472949544,normal
2.8436783361587192,137.47089385986328,3.0529442472949544,normal
5.248733174998093,176.13750457763672,3.0529442472949544,normal
7.670780008584093,93.55545043945312,3.0529442472949544,normal
7.6356405971250165,205.73604583740234,3.0529442472949544,normal
9.460906781399176,45.33977508544922,3.0529442472949544,normal
9.81353206587987,175.39226531982422,3.0529442472949544,normal
12.678864404159462,124.91500854492188,3.0529442472949544,normal
13.24252692942618,116.30298614501953,3.0529442472949544,normal
12.21280526961884,90.81047058105469,3.0529442472949544,normal
12.249332313233193,162.79598236083984,3.0529442472949544,normal
22.44960624203587,-104.2342758178711,10.200273928802677,normal
21.08842212106171,120.82317352294922,10.200273928802677,normal
15.081021948539922,465.7660675048828,10.200273928802677,normal
16.667272378431978,-46.95087432861328,10.200273928802677,normal
16.10324213702225,-11.637153625488281,10.200273928802677,normal
1.581416526345544,524.1041564941406,14.521825610676705,normal
9.96313703663372,-37.22339630126953,14.521825610676705,normal
1.5825881995705358,-155.3089141845703,14.521825610676705,normal
1.1049134922354429,-172.88463592529297,14.521825610676705,normal
4.367239948976881,33.10661315917969,14.521825610676705,normal
16.282127661492904,68.7246322631836,14.521825610676705,normal
14.052822653251344,83.55297088623047,14.521825610676705,normal
22.825132014441127,-84.10606384277344,14.521825610676705,normal
26.817436997894333,56.683616638183594,14.521825610676705,normal
23.71290527179621,108.1875228881836,14.521825610676705,normal
25.828546188719898,-2.69439697265625,14.521825610676705,normal
24.69534038200278,61.759300231933594,14.521825610676705,normal
38.763226826995876,54.76066589355469,14.521825610676705,normal
42.17174532640616,0.428466796875,14.521825610676705,normal
11.946528816321074,116.50646209716797,30.225216510085087,normal
47.47430293322038,11.947059631347656,35.52777411689931,normal
47.11156693735977,245.68519592285156,35.52777411689931,normal
50.2790240752256,-73.0023193359375,35.52777411689931,normal
40.49850134859917,107.90794372558594,35.52777411689931,normal
2.9326817563400693,0.0,0.0,normal
4.123864916145454,42.371063232421875,1.1911831598053846,normal
3.700595228909906,18.901748657226562,1.1911831598053846,normal
3.1298447893411385,28.652915954589844,1.1911831598053846,normal
3.612156326050018,36.97883605957031,1.1911831598053846,normal
4.637813840150021,-184.25731658935547,1.1911831598053846,normal
3.957121221063769,82.26390838623047,1.1911831598053846,normal
3.8190313797348603,-153.28205108642578,1.1911831598053846,normal
3.3565596297259215,-18.372116088867188,1.1911831598053846,normal
3.714601562551537,-53.070945739746094,1.1911831598053846,normal
3.955702612146959,-3.5168838500976562,1.1911831598053846,normal
4.251168867053365,-10.629844665527344,1.1911831598053846,normal
2.918070854188732,1.1326217651367188,1.333098012864633,normal
5.083397307654667,-29.769058227539062,2.165326453465935,normal
1.982535815573747,-61.079750061035156,3.10086149208092,normal
1.8607270321972529,87.42450714111328,3.10086149208092,normal
3.198133482975266,-106.10149383544922,3.10086149208092,normal
3.0296007958859246,57.725830078125,3.10086149208092,normal
2.9661694510288554,-11.697463989257812,3.10086149208092,normal
5.025253847319809,18.2373046875,3.10086149208092,normal
4.379972258165603,-0.42652130126953125,3.10086149208092,normal
4.466806297273159,-28.322067260742188,3.10086149208092,normal
3.8354381902476438,-4.1736602783203125,3.10086149208092,normal
2.558124913224092,3.48724365234375,3.10086149208092,normal
3.2228191223947267,-14.333610534667969,3.10086149208092,normal
4.705862944068956,22.494735717773438,3.10086149208092,normal
1.4700051757960555,46.93622589111328,3.2358577682729006,normal
0.3305478750828143,-41.19415283203125,3.2358577682729006,normal
1.925419582760761,57.420501708984375,3.2358577682729006,normal
0.150826055531018,7.451591491699219,3.2358577682729006,normal
0.7221708799445795,-83.84124755859375,3.2358577682729006,normal
0.7213026883809213,20.85765838623047,3.2358577682729006,normal
0.47156491130921574,-40.12676239013672,3.2358577682729006,normal
0.3542777062330998,-41.19575500488281,3.2358577682729006,normal
0.845902177131847,-50.761871337890625,3.2358577682729006,normal
0.1613163886376292,6.093292236328125,3.2358577682729006,normal
0.41584481560836956,-40.110511779785156,3.2358577682729006,normal
0.07448275764438615,-8.641433715820312,3.2358577682729006,normal
0.10745840591505128,-48.008880615234375,3.2358577682729006,normal
0.4018999312436199,61.616477966308594,3.2358577682729006,normal
0.45657518870344327,-42.83729553222656,3.2358577682729006,normal
0.9677337449360186,-7.33795166015625,3.2358577682729006,normal
1.615868997555961,-4.7856903076171875,3.2358577682729006,normal
1.8949004960995104,-18.160629272460938,3.2358577682729006,normal
1.1813677319923839,-15.642013549804688,3.2358577682729006,normal
0.4195277187099846,-3.385162353515625,3.2358577682729006,normal
0.1060807355358881,-10.381736755371094,3.2358577682729006,normal
1.905202037653319,26.07868194580078,3.2358577682729006,normal
0.43755697741081245,-47.308387756347656,3.2358577682729006,normal
1.534922520321275,-7.6043701171875,3.2358577682729006,normal
1.8023324949581137,-34.897499084472656,3.2358577682729006,normal
2.9137295760509097,23.503189086914062,3.2358577682729006,normal
2.9244575380148374,7.953987121582031,3.2358577682729006,normal
2.7375343721624197,-32.62779235839844,3.2358577682729006,normal
2.780180303899523,-73.52645874023438,3.2358577682729006,normal
2.2005588040108104,-8.174858093261719,3.2358577682729006,normal
2.279493809896987,-51.30901336669922,1.7991213021174308,normal
2.750551023124197,-43.92791748046875,1.7991213021174308,normal
2.8866716398066075,-18.087844848632812,1.7991213021174308,normal
3.176089151659504,5.820808410644531,1.7991213021174308,normal
3.128867140433996,-100.1828384399414,1.7991213021174308,normal
3.136396340415446,4.061622619628906,1.7991213021174308,normal
3.019383965871475,-40.94158172607422,1.7991213021174308,normal
3.6344874493951247,-84.0692138671875,1.7991213021174308,normal
3.8850966052731684,53.93531799316406,1.7991213021174308,normal
4.258827738492841,-68.66352081298828,1.7991213021174308,normal
3.803567630838664,-7.613868713378906,1.7991213021174308,normal
3.7894356099306186,-13.989830017089844,1.7991213021174308,normal
4.242824433352761,-8.882789611816406,1.7991213021174308,normal
4.20656749772763,22.741928100585938,1.7991213021174308,normal
4.263076862393632,-34.80915069580078,1.7991213021174308,normal
4.275125940162398,11.402549743652344,1.7991213021174308,normal
3.6457708458018496,-29.04693603515625,1.7991213021174308,normal
3.332238934267458,12.304115295410156,1.7991213021174308,normal
2.6542279006003917,-23.884735107421875,1.7991213021174308,normal
2.41587899216012,5.90972900390625,1.7991213021174308,normal
2.9551088821570883,-44.38865661621094,1.7991213021174308,normal
2.6735258986007877,17.969512939453125,1.4676450602425066,normal
1.6325777238301207,-50.55736541748047,1.111397081092796,normal
2.3894766166974146,34.77653503417969,1.111397081092796,normal
1.3843183228737626,30.81287384033203,1.111397081092796,normal
0.35413671247848033,-2.6551437377929688,1.040948174770667,normal
2.686410475558366,-9.161911010742188,2.3322737630798858,normal
1.5142138415232598,43.719520568847656,2.3322737630798858,normal
0.8240569357918976,8.476181030273438,2.3322737630798858,normal
1.2233794224977181,-9.142570495605469,2.3322737630798858,normal
1.2971716624278766,16.4630126953125,2.3322737630798858,normal
1.7748478612474945,11.922454833984375,2.3322737630798858,normal
1.9460859835338766,47.971229553222656,2.3322737630798858,normal
3.145047276065109,46.640052795410156,2.3322737630798858,normal
3.2772598382529,37.247886657714844,2.3322737630798858,normal
4.688729909201556,-46.472740173339844,2.3322737630798858,normal
2.508673109295167,-69.44549560546875,2.3322737630798858,normal
2.334351404477253,11.3397216796875,2.3322737630798858,normal
1.9182648440071437,-65.94486236572266,2.3322737630798858,normal
2.590839642787028,19.030494689941406,2.3322737630798858,normal
3.9968022413384077,46.66522979736328,2.3322737630798858,normal
2.6407579147973603,29.96417999267578,2.3322737630798858,normal
0.8089769090052729,17.041282653808594,2.3322737630798858,normal
0.00930409007271586,93.77037048339844,2.3322737630798858,normal
0.23852134999677407,80.14045715332031,2.3322737630798858,normal
1.7931327587440424,112.38533020019531,2.3322737630798858,normal
2.641971902385641,99.6310043334961,2.3322737630798858,normal
3.51027121681813,116.22482299804688,2.3322737630798858,normal
7.521998020891583,210.24398803710938,4.011726804073453,normal
11.167060885165581,15.482254028320312,4.011726804073453,normal
13.88043843785089,232.41336822509766,4.011726804073453,normal
16.137811756808507,156.0464859008789,4.011726804073453,normal
19.846696191167684,84.40292358398438,4.011726804073453,normal
10.749659265941926,183.9159393310547,9.097036925225758,normal
25.19063143642649,16.298789978027344,14.440972170484564,normal
14.13650271441763,285.53272247314453,14.440972170484564,normal
20.05839598971212,43.19355010986328,14.440972170484564,normal
18.826846484729302,109.00554656982422,14.440972170484564,normal
16.73730819101969,118.51329803466797,14.440972170484564,normal
8.132425520191429,288.92051696777344,14.440972170484564,normal
7.370196029943326,75.91289520263672,14.440972170484564,normal
1.422690173903471,159.1281509399414,14.440972170484564,normal
0.9030208376688901,-33.13545227050781,14.440972170484564,normal
1.0239603537679627,110.8095932006836,14.440972170484564,normal
2.7369066448334225,-32.07344055175781,14.440972170484564,normal
3.4740145392257507,-41.634979248046875,14.440972170484564,normal
6.037629781062583,-86.47830963134766,14.440972170484564,normal
7.638541957257777,55.579376220703125,14.440972170484564,normal
11.733085426555755,-115.13534545898438,14.440972170484564,normal
15.300524606085254,34.48127746582031,14.440972170484564,normal
18.34458379234146,-9.560966491699219,14.440972170484564,normal
21.721361956777095,-13.11767578125,14.440972170484564,normal
22.751829267525373,104.89116668701172,14.440972170484564,normal
20.344671455810772,115.40164947509766,14.440972170484564,normal
23.129355699535704,87.9931640625,14.440972170484564,normal
4.755302365629126,-2.4564743041992188,18.37405333390658,normal
29.472751848894845,72.15763092041016,24.717449483265717,normal
42.6631286225113,264.3134307861328,24.717449483265717,normal
41.61718328826493,8.7890625,24.717449483265717,normal
45.9334960531312,-61.00959777832031,24.717449483265717,normal
52.72567524468134,14.615707397460938,24.717449483265717,normal
52.61528370228349,-29.581375122070312,24.717449483265717,normal
22.391819622056442,186.85638427734375,30.22346408022705,normal
17.35081769136024,241.6321563720703,30.22346408022705,normal
23.52146956569124,-95.01983642578125,30.22346408022705,normal
22.609997313178752,129.76730346679688,30.22346408022705,normal
22.748234336044778,217.0378875732422,30.22346408022705,normal
2.8691887903642868,-311.8695831298828,30.22346408022705,normal
3.782509342438789,-16.85394287109375,30.22346408022705,normal
6.18508093477797,-42.40745544433594,30.22346408022705,normal
5.898476685494839,-18.71795654296875,30.22346408022705,normal
9.885666257050366,-24.906692504882812,30.22346408022705,normal
6.989798620718211,67.56500244140625,30.22346408022705,normal
7.477933197732081,0.0,0.0,normal
7.270828941846097,114.12300109863281,0.2071042558859837,normal
7.5912318841609405,67.69180297851562,0.32040294231484356,normal
7.065209112014893,68.92261505126953,0.5260227721460478,normal
7.589633660014346,72.84908294677734,0.5260227721460478,normal
5.166090042090135,228.58463287353516,2.423543617924212,normal
6.520525340018058,66.5859603881836,2.423543617924212,normal
6.372918689534715,189.19727325439453,2.423543617924212,normal
5.642454936529037,75.08319854736328,2.423543617924212,normal
8.6243578264551,125.27755737304688,2.9819028899260624,normal
7.009846118812311,46.327171325683594,2.9819028899260624,normal
8.15091521284655,86.05785369873047,2.9819028899260624,normal
5.9155847997142,140.04615783691406,2.9819028899260624,normal
6.694971602988729,116.11656188964844,2.9819028899260624,normal
5.378386135813607,123.42670440673828,2.9819028899260624,normal
2.449709418735068,217.97286987304688,2.9819028899260624,normal
5.691748252270252,107.97832489013672,3.2420388335351844,normal
1.19782765371882,135.38955688476562,4.4939205985514326,normal
2.822028147539571,92.08145141601562,4.4939205985514326,normal
2.3168693437591314,75.66444396972656,4.4939205985514326,normal
2.722439138981873,41.68464660644531,4.4939205985514326,normal
7.544759564558867,179.5653533935547,4.822320425576994,normal
4.712643866539647,-2.5421905517578125,4.822320425576994,normal
3.8296838598205256,69.93003845214844,4.822320425576994,normal
5.817167120176333,172.25303649902344,4.822320425576994,normal
5.068775980672087,61.021270751953125,4.822320425576994,normal
4.8179242942086775,16.915740966796875,4.822320425576994,normal
6.525213368412685,29.721450805664062,4.822320425576994,normal
5.688487718050008,41.85150146484375,4.822320425576994,normal
3.410340650686622,-55.19439697265625,4.822320425576994,normal
3.3109654138587508,37.35832214355469,4.822320425576994,normal
3.6254895593735315,5.2576446533203125,4.822320425576994,normal
6.664309030689724,8.0548095703125,4.822320425576994,normal
5.549486366567228,62.35267639160156,4.822320425576994,normal
4.75706540205301,-37.14683532714844,4.822320425576994,normal
6.686311522293219,-17.822799682617188,4.822320425576994,normal
4.986041718654285,-80.87287902832031,4.822320425576994,normal
5.496923464912989,27.545013427734375,4.822320425576994,normal
2.993382040773218,0.3717041015625,4.822320425576994,normal
4.097869619858806,-72.02728271484375,4.822320425576994,normal
2.9271018773749606,-90.21583557128906,4.822320425576994,normal
5.30585971606892,-26.695175170898438,4.822320425576994,normal
4.524720927284205,-122.09884643554688,4.822320425576994,normal
4.699215405706562,-118.48320007324219,4.822320425576994,normal
3.369019042698666,-80.54054260253906,4.822320425576994,normal
4.771853045436097,-148.36944580078125,4.822320425576994,normal
3.5560513034635766,-115.74806213378906,4.822320425576994,normal
2.1432151798077475,-105.50651550292969,4.822320425576994,normal
5.584409319597419,-133.29334259033203,4.822320425576994,normal
6.253659272388221,-119.12612915039062,4.822320425576994,normal
5.281102661425197,-127.91542053222656,4.822320425576994,normal
3.008040446008254,-139.8885726928711,3.4411941397896713,normal
3.7802568945017896,-108.74061584472656,3.4411941397896713,normal
3.8800974624641675,-131.1141586303711,3.4411941397896713,normal
3.5573723690505776,-118.3062744140625,3.4411941397896713,normal
3.5900913860436097,-158.65962982177734,3.4411941397896713,normal
1.9015544203599253,-102.38090515136719,3.4411941397896713,normal
2.355202647210247,-154.30171966552734,3.4411941397896713,normal
2.7207096407346327,-88.53607177734375,3.4411941397896713,normal
2.95231554169141,-124.38365936279297,3.4411941397896713,normal
1.5477290465996068,-93.31329345703125,3.4411941397896713,normal
1.7801501221577547,-93.30116271972656,3.4411941397896713,normal
1.8562734150895575,-66.66297912597656,3.4411941397896713,normal
1.8200729113627132,-46.589012145996094,3.4411941397896713,normal
2.2584835575810462,-58.55415344238281,3.4411941397896713,normal
1.838147598380215,-35.182456970214844,3.4411941397896713,normal
1.5754207613020244,-43.36647033691406,3.4411941397896713,normal
1.661761617437139,-52.760009765625,3.4411941397896713,normal
1.136029712407159,-20.492019653320312,3.4411941397896713,normal
0.5688080790918796,-12.551193237304688,3.4411941397896713,normal
0.2152647928105568,0.0,0.0,normal
1.1545236279141424,-1.3205337524414062,0.9392588351035857,normal
1.4320676522468971,-3.8531112670898438,0.9392588351035857,normal
2.3431589398127812,22.67040252685547,0.9392588351035857,normal
2.4161974080242423,-1.9535064697265625,0.9392588351035857,normal
2.32661112887887,20.719985961914062,0.9392588351035857,normal
1.843417736568353,-22.743873596191406,0.9392588351035857,normal
1.6329480888285708,7.4631500244140625,0.9392588351035857,normal
1.5017678047718874,0.417938232421875,0.9392588351035857,normal
1.2688820672285348,-6.980781555175781,0.9392588351035857,normal
1.2504296508246184,-16.739158630371094,0.9392588351035857,normal
1.8007279615363303,11.383781433105469,0.9392588351035857,normal
0.9037391112144417,2.2259902954101562,0.9392588351035857,normal
1.2655879358710351,14.181632995605469,0.9392588351035857,normal
1.4374717135155017,8.713417053222656,0.9392588351035857,normal
1.2595767499351507,-14.912567138671875,0.9392588351035857,normal
0.9916759282175208,-4.3219757080078125,0.9392588351035857,normal
0.854919116995366,57.07054138183594,0.9392588351035857,normal
0.7868555130521144,47.31056213378906,0.9392588351035857,normal
0.23796905121053386,-25.29693603515625,0.9392588351035857,normal
0.5555540069857465,18.82598876953125,0.9392588351035857,normal
0.4131600599079188,24.53624725341797,0.9392588351035857,normal
1.3946397159416903,11.005325317382812,0.9814796560337715,normal
0.895352878184549,37.85808563232422,0.9814796560337715,normal
1.7523108500652864,28.509750366210938,0.9814796560337715,normal
2.039863011581743,24.273147583007812,0.9814796560337715,normal
4.154960606430006,27.890396118164062,2.1150975948482627,normal
4.546591418159783,5.5844879150390625,2.1150975948482627,normal
5.0282519961614875,24.283790588378906,2.1150975948482627,normal
4.6150501160032045,11.250686645507812,2.1150975948482627,normal
4.592443912015727,-5.046958923339844,2.1150975948482627,normal
5.066014283175287,19.248046875,2.1150975948482627,normal
5.516866574635953,12.360763549804688,2.1150975948482627,normal
5.877467544339058,10.983123779296875,2.1150975948482627,normal
6.716457969377684,5.650291442871094,2.1150975948482627,normal
7.426968173491538,19.159698486328125,2.1150975948482627,normal
7.3488038231121315,37.35248565673828,2.1150975948482627,normal
8.125024255087922,8.949165344238281,2.1150975948482627,normal
6.790243247022741,5.8513641357421875,2.1150975948482627,normal
7.1423000187398165,75.70667266845703,2.1150975948482627,normal
6.881718218155582,50.60760498046875,2.1150975948482627,normal
7.371560839140817,27.8668212890625,2.1150975948482627,normal
7.561837585965168,72.06287384033203,2.1150975948482627,normal
7.1778654174248855,19.678916931152344,2.1150975948482627,normal
10.060954867136187,69.26353454589844,2.883089449711302,normal
8.555355613514097,85.57445526123047,2.883089449711302,normal
7.764684342485892,84.54975128173828,2.883089449711302,normal
8.458965713605586,55.18878936767578,2.883089449711302,normal
7.900442289577306,33.01551818847656,2.883089449711302,normal
8.045496443880566,49.062652587890625,2.883089449711302,normal
7.929738899035157,46.209869384765625,2.883089449711302,normal
6.5060466244585555,29.790000915527344,2.883089449711302,normal
7.490233486440636,40.061187744140625,2.883089449711302,normal
8.011142237146572,28.825607299804688,2.883089449711302,normal
4.765922759278015,-6.52313232421875,3.245219477868557,normal
4.576095348434722,26.96422576904297,3.245219477868557,normal
5.550562320155636,-8.655052185058594,3.245219477868557,normal
5.020671975145421,22.470130920410156,3.245219477868557,normal
3.7830362098777486,39.707679748535156,3.245219477868557,normal
2.86865725218502,17.78125762939453,3.245219477868557,normal
1.7468578777891355,-2.5223922729492188,3.245219477868557,normal
0.16803018264977887,16.523094177246094,3.245219477868557,normal
0.3307554475131351,30.10082244873047,3.245219477868557,normal
0.4307173420147277,3.0047607421875,3.245219477868557,normal
0.8750653569387851,-19.38823699951172,3.245219477868557,normal
1.0637942129902163,9.254493713378906,3.245219477868557,normal
1.061583435698135,-8.573112487792969,3.245219477868557,normal
1.7835572044211083,-18.679962158203125,3.245219477868557,normal
1.1529039559178071,10.118064880371094,3.245219477868557,normal
0.24243326478301117,12.575111389160156,3.245219477868557,normal
0.3203484288115941,15.47607421875,3.245219477868557,normal
0.25712766250908087,33.91765594482422,3.245219477868557,normal
0.5935976807310815,-2.4667739868164062,3.245219477868557,normal
0.372227696381554,4.605903625488281,3.245219477868557,normal
0.24268377956247467,16.089820861816406,3.245219477868557,normal
0.10842239597956559,-7.88818359375,3.245219477868557,normal
1.088520350255903,8.404884338378906,3.245219477868557,normal
1.4310582563993146,32.23033905029297,3.245219477868557,normal
1.8289235351522273,-16.172332763671875,3.245219477868557,normal
1.8228807862452403,34.526824951171875,3.245219477868557,normal
1.7269296321361767,0.2071380615234375,3.245219477868557,normal
1.685804791307025,-2.6189804077148438,3.245219477868557,normal
1.2814578467336286,3.6626815795898438,3.245219477868557,normal
2.031985934907954,14.992561340332031,3.245219477868557,normal
2.4364251580590284,12.214736938476562,1.5788276951393567,normal
2.8572730777650115,-29.560775756835938,1.5788276951393567,normal
2.7155781453907735,34.353675842285156,1.5788276951393567,normal
2.691902386099792,-46.600799560546875,1.5788276951393567,normal
1.4939943072482116,23.953285217285156,1.5788276951393567,normal
2.0492347706781926,10.407943725585938,1.5788276951393567,normal
2.33611574422574,-25.672874450683594,1.5788276951393567,normal
1.0667970353877152,29.315414428710938,1.269318708838025,normal
1.3799026780993733,2.3923873901367188,1.269318708838025,normal
1.506824193970426,8.218803405761719,1.269318708838025,normal
0.9890735095896448,-6.902046203613281,1.269318708838025,normal
1.084621480732703,18.660736083984375,1.269318708838025,normal
0.9330519199271755,-30.180816650390625,1.269318708838025,normal
0.9754523012048176,18.62995147705078,1.269318708838025,normal
1.3019187467860165,6.710700988769531,1.269318708838025,normal
0.7152618318761269,-8.701972961425781,1.269318708838025,normal
1.5318440227788932,-11.90826416015625,1.269318708838025,normal
1.194720556936256,11.569404602050781,1.269318708838025,normal
1.2708241336421153,1.6714096069335938,1.269318708838025,normal
1.205554855909664,-2.66876220703125,1.269318708838025,normal
1.0148240861274378,-14.560432434082031,1.269318708838025,normal
1.0673425666784286,21.38019561767578,1.269318708838025,normal
1.3801079993313423,4.765663146972656,1.269318708838025,normal
1.0221307104319746,-11.883430480957031,1.269318708838025,normal
1.0958306956431085,-25.957489013671875,1.269318708838025,normal
1.1093643916013425,22.556419372558594,1.269318708838025,normal
2.165366833899346,0.0,0.0,normal
1.7929605694487987,23.865623474121094,0.3724062644505475,normal
2.123673823911841,-28.00769805908203,0.3724062644505475,normal
1.5591602079109537,10.976943969726562,0.5645136160008875,normal
1.9867357297767874,-16.880722045898438,0.5645136160008875,normal
1.4464600230924323,22.539825439453125,0.5645136160008875,normal
1.3812959587189515,-0.0858306884765625,0.5645136160008875,normal
1.2117444116726548,24.985885620117188,0.5645136160008875,normal
1.4035868732318224,-7.489814758300781,0.5645136160008875,normal
1.0390167398284502,-1.024932861328125,0.5645136160008875,normal
1.2209492720013835,14.868507385253906,0.5645136160008875,normal
1.382462592353066,-16.72931671142578,0.5645136160008875,normal
1.8093422476071896,21.456069946289062,0.5645136160008875,normal
2.031604915467464,1.3153839111328125,0.5645136160008875,normal
1.8149716995147833,-3.5743331909179688,0.5645136160008875,normal
1.8005458306750803,-13.404579162597656,0.5645136160008875,normal
2.047812739028127,4.7882080078125,0.5645136160008875,normal
2.2898359349161725,-1.8152618408203125,0.5645136160008875,normal
2.4508513993293852,16.613616943359375,0.5645136160008875,normal
3.3818538709549575,-10.97259521484375,0.9310024716255723,normal
2.5298190225522337,28.633460998535156,0.9310024716255723,normal
2.0984823957536602,50.56068420410156,0.9310024716255723,normal
2.75909736874731,0.6267929077148438,0.9310024716255723,normal
2.5032237521427647,41.679840087890625,0.9310024716255723,normal
2.312138998456393,21.829261779785156,0.9310024716255723,normal
2.13247817736999,63.88481140136719,0.9310024716255723,normal
2.424143083801851,61.19087219238281,0.9310024716255723,normal
2.9898068044790063,31.963462829589844,0.9310024716255723,normal
4.083463131157221,193.37596893310547,1.0936563266782149,normal
4.1507540624443,128.7572479248047,1.0936563266782149,normal
4.945235320787356,135.34011840820312,1.0936563266782149,normal
6.455206004705701,170.12054443359375,1.509970683918345,normal
5.170022419675221,219.59976196289062,1.509970683918345,normal
5.609321764858721,108.17092895507812,1.509970683918345,normal
5.053915100175895,214.77413177490234,1.509970683918345,normal
7.428861522099578,206.8963623046875,2.374946421923683,normal
6.132495277008008,173.49334716796875,2.374946421923683,normal
7.993406087080141,221.97120666503906,2.374946421923683,normal
8.598957605921727,212.27439880371094,2.374946421923683,normal
3.044193539900083,134.67853546142578,5.554764066021645,normal
1.2158824872212426,375.6250762939453,5.554764066021645,normal
3.0942662043712263,7.7057647705078125,5.554764066021645,normal
3.27722963236708,143.22555541992188,5.554764066021645,normal
5.351516620839785,65.43754577636719,5.554764066021645,normal
4.296356347811433,120.90225219726562,5.554764066021645,normal
3.824514784505606,8.447113037109375,5.554764066021645,normal
6.639146552736763,127.73231506347656,5.554764066021645,normal
7.606642321494039,90.30830383300781,5.554764066021645,normal
8.190767551578089,-0.6314849853515625,5.554764066021645,normal
4.424018197528788,105.44105529785156,5.554764066021645,normal
4.199711152371207,-12.001190185546875,5.554764066021645,normal
6.181455762413152,-33.098602294921875,5.554764066021645,normal
2.963353707625212,72.94486999511719,5.554764066021645,normal
7.311397089838882,-206.02134704589844,5.554764066021645,normal
4.9610154196299785,177.40310668945312,5.554764066021645,normal
3.6207883677230495,15.206222534179688,5.554764066021645,normal
3.1149140476778183,-89.26483154296875,5.554764066021645,normal
7.498927295508371,-88.89678955078125,5.554764066021645,normal
4.41114958153382,208.30673217773438,5.554764066021645,normal
3.425824185582305,-151.63787841796875,5.554764066021645,normal
4.157625575074096,163.5028839111328,5.554764066021645,normal
2.531871635239876,-123.49479675292969,5.554764066021645,normal
6.844920954521275,-119.43740844726562,5.554764066021645,normal
6.880790882432019,-94.7442626953125,5.554764066021645,normal
8.74746015711537,-82.27020263671875,5.554764066021645,normal
12.842651920087121,-192.33535766601562,5.554764066021645,normal
10.292988018921093,-159.88243103027344,5.554764066021645,normal
9.3203241724271,-189.94308471679688,5.554764066021645,normal
10.514393500416219,-196.81549072265625,5.554764066021645,normal
11.296221309925956,-227.1921157836914,4.384013247830552,normal
11.839983941776026,-168.4896469116211,4.384013247830552,normal
9.527884852147608,-172.6552963256836,4.384013247830552,normal
8.879180893568183,-168.9630889892578,4.384013247830552,normal
7.553391654715375,-173.28197479248047,4.384013247830552,normal
7.493637026422312,-104.69261169433594,4.384013247830552,normal
6.539789696393371,-148.44589233398438,4.384013247830552,normal
4.339383017721723,-73.91498565673828,4.384013247830552,normal
3.182012870695194,-217.98900604248047,4.384013247830552,normal
1.4096774119815834,-114.86858367919922,4.384013247830552,normal
1.5969464856837539,-139.90962982177734,4.384013247830552,normal
0.6056336553270361,-154.3352508544922,4.384013247830552,normal
0.25775905136614086,-111.8624496459961,4.384013247830552,normal
0.9579686986113215,-158.64086151123047,4.384013247830552,normal
0.39338911476302835,-130.72826385498047,4.384013247830552,normal
0.5479892312426425,-53.633766174316406,4.384013247830552,normal
0.3226329449850152,-86.0577392578125,4.384013247830552,normal
0.7957894356961469,-35.797576904296875,4.384013247830552,normal
0.7597987517367284,7.392539978027344,4.313049319281399,normal
1.4840394571153244,39.341583251953125,4.313049319281399,normal
1.2232540737193502,47.814903259277344,4.313049319281399,normal
1.6738995045766893,10.926361083984375,4.313049319281399,normal
1.6248684812955556,-13.512611389160156,4.313049319281399,normal
1.0319205719642301,1.358184814453125,4.095191762971751,normal
0.5882650379525294,-8.29376220703125,4.095191762971751,normal
1.1467004396680829,-4.272193908691406,4.095191762971751,normal
0.41867667381246804,0.0,0.0,normal
1.301074022805545,-0.44780731201171875,0.882397348993077,normal
0.7847879712016865,1.5446090698242188,0.882397348993077,normal
0.49604230165303315,10.220603942871094,0.882397348993077,normal
0.8171281555731177,27.229270935058594,0.882397348993077,normal
2.218462707548029,-40.041160583496094,1.4013345519749114,normal
3.7089319435883716,26.11541748046875,1.4904692360403424,normal
3.949187659022935,8.676338195800781,1.4904692360403424,normal
4.241161880030101,-12.121238708496094,1.4904692360403424,normal
5.545606362368245,-16.285858154296875,1.4904692360403424,normal
6.987935234025978,4.342231750488281,1.4904692360403424,normal
7.646895617567219,-21.80156707763672,1.4904692360403424,normal
7.534234213160766,21.198806762695312,1.4904692360403424,normal
8.105597244972541,10.916633605957031,1.4904692360403424,normal
8.119303721689153,-2.088775634765625,1.4904692360403424,normal
9.26413899575851,-4.068717956542969,1.4904692360403424,normal
8.516009726886988,35.16517639160156,1.4904692360403424,normal
7.533602451188129,38.94378662109375,1.4904692360403424,normal
7.2517396453082466,14.671897888183594,1.4904692360403424,normal
7.005860064526263,25.387802124023438,1.4904692360403424,normal
6.9355976585459835,5.853080749511719,1.4904692360403424,normal
7.029036213246112,44.83417510986328,1.4904692360403424,normal
6.815313760959122,76.95430755615234,1.4904692360403424,normal
6.14067464971535,52.935218811035156,1.4904692360403424,normal
5.292796899949991,86.65958404541016,1.4904692360403424,normal
5.711651736104743,60.46028137207031,1.4904692360403424,normal
5.192005350597147,27.23155975341797,1.4904692360403424,normal
4.740442987360589,37.20897674560547,1.4904692360403424,normal
5.024926246568576,9.936103820800781,1.4904692360403424,normal
5.982534322150123,-13.830184936523438,1.4904692360403424,normal
5.286627681828632,-34.02030944824219,1.4904692360403424,normal
5.326961095125785,-27.904129028320312,1.4904692360403424,normal
5.533647391910314,-43.25305938720703,1.4904692360403424,normal
5.524607133018725,-29.70073699951172,1.4904692360403424,normal
5.19017650701883,-37.049217224121094,1.4904692360403424,normal
5.139032452737164,15.989456176757812,1.4904692360403424,normal
4.4879581361615015,-14.878807067871094,1.4423288716577334,normal
4.488829003710168,-5.9122467041015625,1.4423288716577334,normal
3.4347314135643647,24.807357788085938,1.4423288716577334,normal
3.360226674086877,4.7660064697265625,1.4423288716577334,normal
3.837299506707316,-1.8808364868164062,1.1448352740693561,normal
3.0684476500035407,-3.1060409545898438,1.1448352740693561,normal
2.9028647495654187,12.183609008789062,1.1448352740693561,normal
2.60582933593179,7.009391784667969,1.1448352740693561,normal
3.6441910552621852,37.65632629394531,1.1448352740693561,normal
3.7798745967259064,16.284027099609375,1.0540975901458034,normal
4.268977393327297,22.88646697998047,1.0540975901458034,normal
4.397068988766123,45.65196990966797,1.0540975901458034,normal
5.327646341784437,54.596214294433594,1.0540975901458034,normal
6.078529212052986,114.05799865722656,1.0540975901458034,normal
5.576037988027482,156.03355407714844,1.0540975901458034,normal
4.768756504374207,61.41700744628906,1.0540975901458034,normal
8.581095903314115,103.90617370605469,3.8123393989399075,normal
5.71935181374789,181.69795989990234,3.8123393989399075,normal
3.680976406126626,113.18069458007812,3.8123393989399075,normal
1.8093560495609158,66.83223724365234,3.8123393989399075,normal
1.0417601000233625,91.58191680908203,3.8123393989399075,normal
0.6472521822929959,79.94762420654297,3.8123393989399075,normal
1.8391505509937214,103.42369079589844,3.8123393989399075,normal
0.48431445060145,111.43478393554688,3.8123393989399075,normal
1.8704343532009793,16.608238220214844,3.8123393989399075,normal
1.7459942120863015,27.891082763671875,3.8123393989399075,normal
2.4129693969349684,66.55311584472656,3.8123393989399075,normal
4.665049043942781,14.278564453125,3.8123393989399075,normal
2.1064966014035185,-54.52583312988281,3.8123393989399075,normal
1.106347341058166,13.790702819824219,3.8123393989399075,normal
1.6283706989085167,-56.5594482421875,3.8123393989399075,normal
1.3410906070026296,-65.47439575195312,3.8123393989399075,normal
0.6079492388947757,-36.401710510253906,3.8123393989399075,normal
1.6261902738605647,-34.490318298339844,3.8123393989399075,normal
0.021984283815774025,-8.598289489746094,3.8123393989399075,normal
0.00856293300927268,2.992401123046875,3.8123393989399075,normal
0.41798473418822507,-21.94805145263672,3.8123393989399075,normal
1.1908286652699316,-1.8509674072265625,3.8123393989399075,normal
1.9314487136768066,-13.484230041503906,3.8123393989399075,normal
1.6450112714687475,-7.972068786621094,3.8123393989399075,normal
1.84300427678583,-4.812126159667969,3.8123393989399075,normal
1.5051180450605943,-9.128036499023438,3.8123393989399075,normal
2.0082416075055423,20.894737243652344,3.8123393989399075,normal
1.5891549740800042,15.222244262695312,3.8123393989399075,normal
0.7321496848225802,-4.490776062011719,3.8123393989399075,normal
0.8382273439293595,10.509452819824219,3.8123393989399075,normal
0.877289302365334,0.13446807861328125,2.8617440895662245,normal
1.8040730765468378,17.88585662841797,2.5585524425392623,normal
1.7228502773261751,-15.496559143066406,2.5585524425392623,normal
1.1347608688050572,-3.8437271118164062,2.5585524425392623,normal
1.203255035975049,14.015007019042969,2.5585524425392623,normal
1.1728102661675561,1.8367767333984375,2.5585524425392623,normal
1.0200569150514744,8.480644226074219,2.5585524425392623,normal
1.1445664653663383,5.647544860839844,2.5585524425392623,normal
0.3890676255639012,-6.036186218261719,2.5585524425392623,normal
0.6221327163800959,-16.695556640625,2.5585524425392623,normal
1.3020664946047498,19.275970458984375,2.5585524425392623,normal
1.0238748809360085,-1.6888046264648438,2.5585524425392623,normal
0.6738096874523178,-7.147407531738281,1.6042059900447907,normal
0.46075820431888387,-12.480697631835938,1.6042059900447907,normal
1.255375159431887,4.863739013671875,1.6042059900447907,normal
0.1412449059214555,2.9682540893554688,1.6042059900447907,normal
0.9209507942258803,0.5414199829101562,1.6042059900447907,normal
0.7301527672450846,2.5760650634765625,1.6042059900447907,normal
0.10259312053584617,0.0,0.0,normal
0.6784186084344426,8.567047119140625,0.5758254878985964,normal
0.8956100356048564,-0.238494873046875,0.5758254878985964,normal
1.0424606180697453,-5.603828430175781,0.5758254878985964,normal
1.3111384215238822,21.053810119628906,0.5758254878985964,normal
1.5642716106401238,-5.8209228515625,0.5758254878985964,normal
1.98712401722435,20.53539276123047,0.5758254878985964,normal
2.0446970450315956,-12.639884948730469,0.5758254878985964,normal
2.6677689367555955,7.7936553955078125,0.6230718917239999,normal
1.4063594044638685,15.519790649414062,1.261409532291727,normal
1.9251611262204442,-4.5256805419921875,1.261409532291727,normal
1.713892554994039,-2.0584487915039062,1.261409532291727,normal
1.2765215329497368,6.084709167480469,1.261409532291727,normal
1.4217472955315615,9.289970397949219,1.261409532291727,normal
0.7299259862823182,17.57892608642578,1.261409532291727,normal
0.04445261868225226,5.109901428222656,1.261409532291727,normal
0.7712090973452306,0.04863739013671875,1.261409532291727,normal
0.2043784688575889,17.069320678710938,1.261409532291727,normal
0.09616550693570022,3.5383987426757812,1.261409532291727,normal
1.8918536795671412,21.800308227539062,1.795688172631441,normal
1.4566898130706643,-7.29949951171875,1.795688172631441,normal
1.6496686094726467,37.272605895996094,1.795688172631441,normal
1.670159451469485,32.85667419433594,1.795688172631441,normal
2.0119166755235445,28.399887084960938,1.795688172631441,normal
2.4083407402319086,40.42224884033203,1.795688172631441,normal
3.4912592460699843,209.05723571777344,1.795688172631441,normal
3.820381009879765,60.44872283935547,1.795688172631441,normal
3.5329905959676555,65.30204772949219,1.795688172631441,normal
1.0852929691518942,62.17140197753906,2.4476976268157613,normal
0.5924339124145825,112.8790283203125,2.4476976268157613,normal
1.7212956863891278,22.937850952148438,2.4476976268157613,normal
0.9351998859746429,78.70044708251953,2.4476976268157613,normal
1.2830813410904054,185.87482452392578,2.4476976268157613,normal
0.9534606886576855,82.437744140625,2.4476976268157613,normal
4.471073480957307,50.34370422363281,3.517612792299622,normal
5.815651012360841,270.2069091796875,3.517612792299622,normal
2.168670059674168,254.1888427734375,3.646980952686673,normal
1.6190216730750353,-42.044219970703125,3.646980952686673,normal
1.8793232600960639,105.13710021972656,3.646980952686673,normal
4.170801425101863,262.7355194091797,3.646980952686673,normal
31.802729993420368,-190.6670379638672,27.631928568318504,normal
21.28625863066371,-2.719573974609375,27.631928568318504,normal
75.08337011102653,85.72013854980469,53.797111480362815,normal
8.351938794369312,50.44212341308594,66.73143131665721,normal
22.1384631571434,172.98065185546875,66.73143131665721,normal
21.078578875104782,176.6242218017578,66.73143131665721,normal
28.501573904852226,-60.99884033203125,66.73143131665721,normal
21.281482303736798,-5.686798095703125,66.73143131665721,normal
2.2323240919902334,-183.50440979003906,66.73143131665721,normal
41.27726739008665,-100.84991455078125,66.73143131665721,normal
77.69678349721254,136.3282012939453,66.73143131665721,normal
61.585043099916355,-166.53854370117188,66.73143131665721,normal
25.988155055177096,-76.89445495605469,66.73143131665721,normal
63.804988212995404,135.13641357421875,66.73143131665721,normal
47.57216872781203,-54.99664306640625,66.73143131665721,normal
3.7660414408731797,238.81507873535156,66.73143131665721,normal
2.052137069111185,-53.11042785644531,66.73143131665721,normal
56.68143270101896,-64.8046875,66.73143131665721,normal
8.826350678371544,197.92877197265625,66.73143131665721,normal
20.290557873084516,-34.39178466796875,66.73143131665721,normal
10.308932818496768,-143.7828826904297,66.73143131665721,normal
28.65915903569677,105.06431579589844,66.73143131665721,normal
24.20645652190981,35.97267150878906,66.73143131665721,normal
28.879179611144608,13.123626708984375,66.73143131665721,normal
34.64610585740251,26.655349731445312,66.73143131665721,normal
28.14316446630049,17.486572265625,66.73143131665721,normal
21.124205473165947,-131.82632446289062,66.73143131665721,normal
25.35185959452328,169.5842742919922,66.73143131665721,normal
13.427786945244279,-48.604888916015625,66.73143131665721,normal
0.8919716687571131,-486.4984130859375,66.73143131665721,normal
38.99315513018015,-25.963897705078125,66.73143131665721,normal
69.51493097726137,-30.660552978515625,66.73143131665721,normal
22.925811841165483,98.83346557617188,66.73143131665721,normal
24.847571811748452,-3.7937164306640625,54.62929563190778,normal
15.407012183428348,11.86431884765625,54.62929563190778,normal
2.4544389607452928,-216.42425537109375,54.62929563190778,normal
6.031229717240062,-25.67035675048828,54.62929563190778,normal
1.0508334008070026,-191.9882583618164,54.62929563190778,normal
3.2965008430546336,-147.84027099609375,54.62929563190778,normal
3.2003551670460846,-163.1561279296875,54.62929563190778,normal
6.139884309284716,22.64739990234375,54.62929563190778,normal
5.363715950393893,15.471038818359375,54.62929563190778,normal
3.136967081769554,-117.46089935302734,54.62929563190778,normal
2.5179608323746057,-63.891448974609375,54.62929563190778,normal
1.0081449672726976,-9.254035949707031,54.62929563190778,normal
1.2594806133536738,0.0,0.0,normal
0.2525023428943202,-81.05449676513672,1.0069782704593535,normal
1.652756637697169,-598.7766265869141,1.4002542948028487,normal
3.153455841929272,-53.53935241699219,1.5006992042321032,normal
2.8632597423479424,-27.507591247558594,1.5006992042321032,normal
3.7750677067724863,-17.732620239257812,1.5006992042321032,normal
4.603504595181921,-16.66156768798828,1.5006992042321032,normal
4.619472630476753,-13.312339782714844,1.5006992042321032,normal
3.770100381993476,-2.816619873046875,1.5006992042321032,normal
1.7889360779869534,-18.822784423828125,1.9811643040065228,normal
1.6452330572914902,-13.390159606933594,1.9811643040065228,normal
1.817956681357886,10.650901794433594,1.9811643040065228,normal
1.1939147024929697,-2.7093887329101562,1.9811643040065228,normal
0.8103992049745068,-22.85259246826172,1.9811643040065228,normal
0.2398469951443311,4.8351287841796875,1.9811643040065228,normal
0.5181683165712204,3.5749053955078125,1.9811643040065228,normal
0.7802354235010358,8.019218444824219,1.9811643040065228,normal
0.9638577121401657,3.6906051635742188,1.9811643040065228,normal
0.9761951238240885,6.397590637207031,1.9811643040065228,normal
0.8621918089071438,-3.98162841796875,1.9811643040065228,normal
1.3473216958819885,13.232917785644531,1.9811643040065228,normal
0.5160173068809739,66.83761596679688,1.9811643040065228,normal
1.8612793279474578,-46.27601623535156,1.9811643040065228,normal
1.5575395434829566,42.06298828125,1.9811643040065228,normal
2.141857141182326,-52.5146484375,1.9811643040065228,normal
2.455299383832718,50.220680236816406,1.9811643040065228,normal
4.7141969267613,-52.71675109863281,2.258897542928582,normal
4.57963623325397,18.903465270996094,2.258897542928582,normal
5.231317989616707,56.003265380859375,2.258897542928582,normal
5.541568787071406,24.426727294921875,2.258897542928582,normal
6.031897911126785,12.162322998046875,2.258897542928582,normal
7.050206713347657,12.363967895507812,2.258897542928582,normal
6.970143858960142,24.156646728515625,2.258897542928582,normal
6.778845807126446,48.304481506347656,2.258897542928582,normal
7.055660463065497,52.364158630371094,2.258897542928582,normal
7.886166931759937,1.1556243896484375,2.258897542928582,normal
8.769971290486714,-17.79315948486328,2.258897542928582,normal
8.383943737948185,14.392662048339844,2.258897542928582,normal
7.1656274402797715,-8.832778930664062,2.258897542928582,normal
8.153422680368523,-44.7564697265625,2.258897542928582,normal
8.035683306057749,14.428939819335938,2.258897542928582,normal
6.61946533453515,20.95722198486328,2.258897542928582,normal
6.669584424698696,11.672744750976562,2.258897542928582,normal
6.421519413484852,-2.1394729614257812,2.258897542928582,normal
5.488756450056994,1.820526123046875,2.258897542928582,normal
1.7869899778064793,124.5083999633789,3.7017664722505144,normal
1.770133022163331,25.62297821044922,3.7017664722505144,normal
1.1734677508148357,18.538284301757812,3.7017664722505144,normal
0.694856467823543,204.5148468017578,3.7017664722505144,normal
2.0732084472608157,150.1007080078125,3.7017664722505144,normal
1.458036509514,58.073387145996094,3.7017664722505144,normal
1.1128983889987851,69.83264923095703,3.7017664722505144,normal
0.48789948341821254,100.15445709228516,3.7017664722505144,normal
0.2575071470733444,55.75733184814453,3.7017664722505144,normal
0.3787078828022542,58.91223907470703,3.7017664722505144,normal
2.069245086581794,119.6615982055664,3.7017664722505144,normal
0.1876384474368962,91.4908218383789,3.7017664722505144,normal
1.619173168014201,25.457611083984375,3.7017664722505144,normal
1.9933378520920857,-14.399185180664062,3.7017664722505144,normal
0.24348562768625753,86.88434600830078,3.7017664722505144,normal
2.3962883215978596,-27.185325622558594,3.7017664722505144,normal
2.3095532056401122,50.04981994628906,3.7017664722505144,normal
1.792235769950604,17.02251434326172,3.7017664722505144,normal
1.3663114774071141,34.36981201171875,3.7017664722505144,normal
0.1698755283653352,-26.1822509765625,3.7017664722505144,normal
1.513548060469629,-2.0355606079101562,3.7017664722505144,normal
3.4145840987554017,-29.819068908691406,3.7017664722505144,normal
4.522900584850249,52.26665496826172,3.7017664722505144,normal
3.142859632495553,-2.6808929443359375,3.7017664722505144,normal
3.5066766557347884,-20.72742462158203,3.7017664722505144,normal
2.590330820173923,-40.17723083496094,3.7017664722505144,normal
2.269268409440621,-26.162796020507812,3.7017664722505144,normal
1.1921804070438093,-4.2395782470703125,3.7017664722505144,normal
1.052338398295441,-10.02227783203125,3.7017664722505144,normal
1.5868106975166725,-14.081954956054688,3.7017664722505144,normal
1.3591733749547048,-3.863067626953125,2.1528026939116023,normal
0.06557365293210128,9.543228149414062,2.1528026939116023,normal
0.44750932840321306,5.1056671142578125,2.1528026939116023,normal
1.3044928308634713,-13.384895324707031,2.1528026939116023,normal
1.7843462655690527,9.135360717773438,2.1528026939116023,normal
1.177304531554481,3.5573959350585938,2.1528026939116023,normal
1.6478434430541602,11.158332824707031,2.1528026939116023,normal
1.7947629932959532,-13.734054565429688,2.1528026939116023,normal
1.0318641214145874,7.581825256347656,2.1528026939116023,normal
1.3134769774078607,8.003883361816406,2.1528026939116023,normal
1.604424201543381,1.5823745727539062,2.1528026939116023,normal
1.474935170444639,17.617721557617188,2.1528026939116023,normal
1.4890056135207463,2.5338363647460938,2.1528026939116023,normal
1.0517262576199147,18.34991455078125,2.1528026939116023,normal
2.133473895608387,-15.3387451171875,2.1528026939116023,normal
1.9122750375118034,3.372344970703125,1.9010360382857727,normal
1.9515385072211042,4.033470153808594,1.9010360382857727,normal
2.018797720327946,68.36585998535156,1.9010360382857727,normal
0.782059378426318,-19.08416748046875,1.9010360382857727,normal
2.0816578379442223,15.940132141113281,1.9010360382857727,normal
2.6320752784067523,-27.351036071777344,1.9010360382857727,normal
0.9221023020051357,3.4168624877929688,1.7099729764016165,normal
2.0317208755400586,11.922798156738281,1.7099729764016165,normal
2.345284568832767,-5.575904846191406,1.7099729764016165,normal
2.0796977019046436,-3.2867431640625,1.7099729764016165,normal
1.0489469894073442,-6.052093505859375,1.7099729764016165,normal
2.68779024214133,25.411148071289062,1.7099729764016165,normal
2.216688914798967,-2.2090530395507812,1.7099729764016165,normal
1.9500506945513136,-5.039634704589844,1.7099729764016165,normal
1.7702983886758998,4.099845886230469,1.7099729764016165,normal
2.2291713005096923,3.9598846435546875,1.7099729764016165,normal
1.9415722391495744,6.7993927001953125,1.7099729764016165,normal
1.4039036525617836,1.8106842041015625,1.7099729764016165,normal
1.55386151462109,-7.391510009765625,1.7099729764016165,normal
2.297756752734636,-7.557792663574219,1.7099729764016165,normal
2.6935779088107568,14.703369140625,1.7099729764016165,normal
2.41447851731888,-4.903564453125,1.7099729764016165,normal
1.9970915125408657,-12.674217224121094,1.7099729764016165,normal
1.8309387369121295,36.437644958496094,1.7099729764016165,normal
1.970933556536054,-38.995513916015625,1.7099729764016165,normal
2.2170263729094986,17.680091857910156,1.7099729764016165,normal
2.9329850712670136,1.382904052734375,1.7099729764016165,normal
2.5695470829939238,-3.206634521484375,1.7099729764016165,normal
2.4159570660156855,-18.239364624023438,1.7099729764016165,normal
2.6760626719186447,7.689170837402344,1.7099729764016165,normal
2.6695368966616764,-8.600349426269531,1.7099729764016165,normal
3.3299259571717004,3.3058547973632812,1.7099729764016165,normal
3.3250600432887567,7.362213134765625,1.7099729764016165,normal
2.080412940195219,-4.69024658203125,1.7099729764016165,normal
2.3265605094650117,-24.568519592285156,1.7099729764016165,normal
3.753617725035895,0.0,0.0,normal
6.219904934289498,88.99555206298828,2.466287209253603,normal
6.104286464213128,14.406623840332031,2.466287209253603,normal
4.609976520810092,-32.27886199951172,2.466287209253603,normal
5.50883951875462,-97.5531005859375,2.466287209253603,normal
4.28745564527857,15.223159790039062,2.466287209253603,normal
4.052934112452721,28.50849151611328,2.466287209253603,normal
2.488632167498161,-25.42247772216797,2.466287209253603,normal
2.4868381399993003,1.1026382446289062,2.466287209253603,normal
2.6340801112096273,-0.18207550048828125,2.466287209253603,normal
1.887953534520835,50.726966857910156,2.466287209253603,normal
1.8143427149674598,-58.479652404785156,2.466287209253603,normal
1.8401899243920674,-16.792945861816406,2.466287209253603,normal
2.919959686500114,-42.759361267089844,2.466287209253603,normal
1.2813341844803707,40.97190856933594,2.466287209253603,normal
4.107234598658715,45.659523010253906,2.825900414178344,normal
3.744466039229113,9.234237670898438,2.825900414178344,normal
1.424397873478304,-5.3089141845703125,2.825900414178344,normal
0.5006581740050123,19.970169067382812,2.825900414178344,normal
2.5405556672869856,37.70130157470703,2.825900414178344,normal
2.363059278410597,-18.54766845703125,2.825900414178344,normal
2.6088288463418974,13.73291015625,2.825900414178344,normal
2.5867788862746726,17.843856811523438,2.825900414178344,normal
4.728956247015949,-3.7387847900390625,2.825900414178344,normal
5.789724449113844,6.287956237792969,2.825900414178344,normal
4.9329941337926515,6.971397399902344,2.825900414178344,normal
5.147737542292678,8.456268310546875,2.825900414178344,normal
6.413390858348652,16.06098175048828,2.825900414178344,normal
7.089772095919016,-23.356361389160156,2.825900414178344,normal
7.03387178609702,36.425514221191406,2.825900414178344,normal
6.547276029325346,17.466087341308594,2.825900414178344,normal
8.146804115697062,-25.1934814453125,2.825900414178344,normal
7.968879454103644,-1.1133956909179688,2.825900414178344,normal
8.380917553064323,-7.618446350097656,2.825900414178344,normal
7.172583718091268,10.033721923828125,2.825900414178344,normal
7.2769661176324405,20.854339599609375,2.825900414178344,normal
7.09190950674611,36.47438049316406,2.825900414178344,normal
6.748992020398872,19.380226135253906,2.825900414178344,normal
7.373931918670055,18.321533203125,2.825900414178344,normal
6.516535909202728,20.632553100585938,2.825900414178344,normal
6.827488108971809,-1.798095703125,2.825900414178344,normal
5.680518821352311,35.83030700683594,2.825900414178344,normal
5.275928216454564,28.945541381835938,2.825900414178344,normal
4.8886532517880195,-58.03459167480469,2.825900414178344,normal
3.6561331631678966,-14.332008361816406,2.825900414178344,normal
4.373931238099473,1.3524627685546875,2.3200681657508087,normal
3.8374491924933096,-8.515090942382812,2.3200681657508087,normal
4.222902283400925,-14.03594970703125,2.1421773607412766,normal
2.6604374995797313,27.272987365722656,2.1421773607412766,normal
3.0594803897801874,8.774642944335938,2.1421773607412766,normal
3.204153912285289,-4.265556335449219,2.1421773607412766,normal
1.5422594792312274,-10.935287475585938,2.1421773607412766,normal
2.268275870170731,-1.7960357666015625,2.1421773607412766,normal
1.1927749775060281,12.603492736816406,1.6618944330540615,normal
2.564831016805439,-6.936149597167969,1.6618944330540615,normal
2.530518454719394,39.23675537109375,1.6618944330540615,normal
3.0645534365663045,-18.56586456298828,1.6618944330540615,normal
3.203064854942092,6.607933044433594,1.6618944330540615,normal
2.9464545189762537,37.23701477050781,1.6618944330540615,normal
2.909932388335114,30.202903747558594,1.6618944330540615,normal
3.633276503261609,1.9205474853515625,1.6618944330540615,normal
4.512130278471869,40.75035095214844,1.6618944330540615,normal
4.719076700808628,-29.172706604003906,1.6618944330540615,normal
5.011823220799629,9.34844970703125,1.6618944330540615,normal
4.880720628066142,-19.62879180908203,1.6618944330540615,normal
4.581570477863763,22.792625427246094,1.6618944330540615,normal
4.86269558291392,-0.623931884765625,1.6618944330540615,normal
4.419306452893675,3.9492416381835938,1.6618944330540615,normal
4.719430116915606,1.2211990356445312,1.6618944330540615,normal
5.736792292978952,-20.315780639648438,1.6618944330540615,normal
5.7605972266174605,14.2236328125,1.6618944330540615,normal
5.447560060470987,14.025535583496094,1.6618944330540615,normal
4.9519443780128665,1.9384002685546875,1.6618944330540615,normal
4.523845061843838,39.251060485839844,1.6618944330540615,normal
4.3985408933807975,1.9979095458984375,1.6618944330540615,normal
5.209331576757718,52.31517791748047,1.6618944330540615,normal
4.42861527653552,14.159660339355469,1.6618944330540615,normal
4.251443651834484,4.6950531005859375,1.6618944330540615,normal
3.1764917870086897,33.81706237792969,1.6618944330540615,normal
2.655578504187596,-21.421279907226562,1.6618944330540615,normal
1.47788574244581,26.20594024658203,1.6618944330540615,normal
1.624718852852118,-21.857986450195312,1.372056039299411,normal
1.5996160833499153,-6.656684875488281,1.372056039299411,normal
1.6567233733681184,-2.9079437255859375,1.372056039299411,normal
3.173979113259412,-0.5587005615234375,1.5172557398912938,normal
2.5804266659280395,-4.193687438964844,1.5172557398912938,normal
2.6358705160235907,-4.984931945800781,1.5172557398912938,normal
2.4196802049082144,8.346977233886719,1.5172557398912938,normal
1.3044230166574964,-24.917449951171875,1.5172557398912938,normal
1.0239414821418018,18.03211212158203,1.5172557398912938,normal
0.14539714828478484,12.810173034667969,1.5172557398912938,normal
0.5776764085632203,18.615188598632812,1.5172557398912938,normal
2.0820872925946516,-18.31798553466797,1.5172557398912938,normal
1.8205660396630294,51.06239318847656,1.5172557398912938,normal
1.482122795733144,5.321388244628906,1.5172557398912938,normal
3.0447001420681237,37.41554260253906,1.5625773463349797,normal
4.920347171121298,16.305313110351562,1.8756470290531744,normal
5.4558062228911375,9.174613952636719,1.8756470290531744,normal
7.710567949276523,47.050437927246094,2.254761726385386,normal
7.718477912749343,-7.266998291015625,2.254761726385386,normal
7.939415762096408,58.073158264160156,2.254761726385386,normal
9.371115314523896,4.939727783203125,2.254761726385386,normal
8.82826467951195,4.344978332519531,2.254761726385386,normal
9.767191178276738,-3.4714508056640625,2.254761726385386,normal
9.727947236151282,67.57770538330078,2.254761726385386,normal
11.62162526139508,-3.5149383544921875,2.254761726385386,normal
10.616288659449182,15.575637817382812,2.254761726385386,normal
10.807690288712285,38.67290496826172,2.254761726385386,normal
10.930365255893255,54.99366760253906,2.254761726385386,normal
9.947196014374072,46.224632263183594,2.254761726385386,normal
10.10843235049266,12.00714111328125,2.254761726385386,normal
11.084316347988517,43.458595275878906,2.254761726385386,normal
9.275380686474115,22.937278747558594,2.254761726385386,normal
10.797004639766216,20.2386474609375,2.254761726385386,normal
8.934586206371973,41.210975646972656,2.254761726385386,normal
9.77305662630385,29.60723876953125,2.254761726385386,normal
11.428137569908579,64.32975769042969,2.254761726385386,normal
14.323999218341635,78.97052764892578,2.8958616484330566,normal
13.85797794681929,102.8265380859375,2.8958616484330566,normal
17.850651234905296,25.653648376464844,3.9926732880860065,normal
16.896185819241293,65.12134552001953,3.9926732880860065,normal
20.207750908246787,74.88533020019531,3.9926732880860065,normal
21.50359168354365,73.13587188720703,3.9926732880860065,normal
24.410540192154357,74.50080871582031,3.9926732880860065,normal
26.25483523843294,185.64090728759766,3.9926732880860065,normal
28.41271598131245,31.774063110351562,3.9926732880860065,normal
28.41101230824391,157.05184936523438,3.9926732880860065,normal
29.007448705215918,130.53245544433594,3.9926732880860065,normal
27.601817804358706,222.92678833007812,3.9926732880860065,normal
26.57597544700423,177.47760772705078,3.9926732880860065,normal
28.45608339487014,179.3122100830078,3.9926732880860065,normal
27.255993459786414,126.41143798828125,3.9926732880860065,normal
43.53507405898745,-3.77838134765625,16.279080599201034,normal
37.78616492876875,47.00969696044922,16.279080599201034,normal
42.30747265016124,120.82935333251953,16.279080599201034,normal
45.20275015925231,104.74113464355469,16.279080599201034,normal
50.206140337553684,116.93252563476562,16.279080599201034,normal
78.29081027529678,3.214874267578125,28.084669937743094,normal
55.82290472365236,357.1868133544922,28.084669937743094,normal
78.86364611764701,-33.96995544433594,28.084669937743094,normal
33.28914913612718,160.84671020507812,45.57449698151983,normal
77.33537311429554,72.41867065429688,45.57449698151983,normal
30.207925288816934,-346.6552734375,47.1274478254786,normal
57.83938095707096,351.068115234375,47.1274478254786,normal
38.540690772621424,-156.478271484375,47.1274478254786,normal
48.433627705043726,283.5035705566406,47.1274478254786,normal
48.97148221538827,300.6671905517578,47.1274478254786,normal
51.75004004649104,-73.10188293457031,47.1274478254786,normal
35.771844684981176,3.3950042724609375,47.1274478254786,normal
54.59847391601199,60.50605773925781,47.1274478254786,normal
45.89030444128892,173.0358123779297,47.1274478254786,normal
51.80395756180447,-12.181777954101562,47.1274478254786,normal
43.60008732910544,-156.8616485595703,47.1274478254786,normal
40.52977529737978,153.66233825683594,47.1274478254786,normal
36.625202497682686,166.54403686523438,47.1274478254786,normal
29.61466712369319,-237.23007202148438,47.1274478254786,normal
38.26050784271142,340.24017333984375,47.1274478254786,normal
32.71119299607837,-52.82752990722656,47.1274478254786,normal
39.28155241938991,185.75843811035156,47.1274478254786,normal
38.88078455535026,96.14021301269531,47.1274478254786,normal
48.35726276952346,128.8300323486328,47.1274478254786,normal
34.001965137415496,-200.80970764160156,47.1274478254786,normal
47.10030536845546,131.1701202392578,47.1274478254786,normal
46.80753863203393,23.945846557617188,47.1274478254786,normal
65.80296939464476,133.71482849121094,47.1274478254786,normal
54.10977346015197,-19.348983764648438,47.1274478254786,normal
49.74987232303053,23.68011474609375,47.1274478254786,normal
54.63266936308576,78.57170104980469,47.1274478254786,normal
56.18282620794042,47.73262023925781,47.1274478254786,normal
60.28945348265113,82.18162536621094,47.1274478254786,normal
56.63266812263177,81.34918212890625,47.1274478254786,normal
61.09040561345534,144.4622039794922,47.1274478254786,normal
78.69999524924245,141.02760314941406,27.631455668254024,normal
70.94898568666204,-1.5561676025390625,19.298690184449534,normal
69.37716866150419,15.280609130859375,18.99543076261083,normal
84.3186176515757,217.26791381835938,18.99543076261083,normal
79.61026759040199,-2.4492645263671875,18.99543076261083,normal
74.86829380369554,94.67010498046875,18.99543076261083,normal
85.74585918337337,-112.00515747070312,18.99543076261083,normal
71.30056944646125,128.60549926757812,18.99543076261083,normal
63.243661132662126,154.9017333984375,18.99543076261083,normal
60.252794305133506,52.74261474609375,18.99543076261083,normal
54.78455148851778,-34.520416259765625,18.99543076261083,normal
48.07197615617595,108.55087280273438,18.99543076261083,normal
47.112537022798136,48.88664245605469,18.99543076261083,normal
45.29235802187652,-62.97386169433594,18.99543076261083,normal
47.966393711497844,-120.94619750976562,18.99543076261083,normal
40.28534214152953,50.800323486328125,18.99543076261083,normal
43.1011019067132,23.712615966796875,18.99543076261083,normal
40.82877336796291,3.3364105224609375,18.99543076261083,normal
40.88030190021038,-2.9866790771484375,18.99543076261083,normal
38.719291182383394,214.27139282226562,18.99543076261083,normal
41.41111176262157,-26.84417724609375,18.99543076261083,normal
40.773662029380354,73.64730834960938,18.99543076261083,normal
35.37715383415353,-14.307632446289062,17.60958963578711,normal
35.653339775656065,81.22833251953125,17.60958963578711,normal
39.2075480250102,-20.539398193359375,17.60958963578711,normal
43.35211841439657,-107.80632019042969,17.60958963578711,normal
48.783208560487445,51.405029296875,17.60958963578711,normal
44.54504493746456,-13.137359619140625,17.60958963578711,normal
37.008880209817754,230.4924774169922,17.60958963578711,normal
35.16524033287933,-23.051834106445312,17.60958963578711,normal
52.36834637911632,-153.856201171875,17.20310604623699,normal
50.12561827011679,48.67195129394531,17.20310604623699,normal
55.02238189232614,27.0281982421875,17.20310604623699,normal
73.24375617887634,-55.30036926269531,18.2213742865502,normal
77.33565851373622,34.32792663574219,18.2213742865502,normal
81.24447305169788,25.195541381835938,18.2213742865502,normal
86.36129194997521,103.56513977050781,18.2213742865502,normal
82.2142389770174,39.39262390136719,18.2213742865502,normal
89.61582894381066,83.08296203613281,18.2213742865502,normal
83.66787655470156,208.84231567382812,18.2213742865502,normal
79.47813574963875,59.97367858886719,18.2213742865502,normal
1.2760187868527535,0.0,0.0,normal
0.6922401977227228,19.80182647705078,0.5837785891300307,normal
0.9608980906261573,4.897499084472656,0.5837785891300307,normal
1.2126924670590917,-18.72264862060547,0.5837785891300307,normal
2.0065260998408507,11.406440734863281,0.793833632781759,normal
1.3584710560396782,5.829620361328125,0.793833632781759,normal
1.8513840097820107,3.5010910034179688,0.793833632781759,normal
1.6614277602666474,-20.138397216796875,0.793833632781759,normal
0.9170546940111625,-9.068527221679688,0.793833632781759,normal
2.4957989981044246,8.511085510253906,1.578744304093262,normal
2.387517920824643,22.205657958984375,1.578744304093262,normal
2.425959542869212,-16.361618041992188,1.578744304093262,normal
3.0814302692661877,11.094703674316406,1.578744304093262,normal
3.399213003914673,14.016036987304688,1.578744304093262,normal
2.7865136088354228,-15.191917419433594,1.578744304093262,normal
3.174746351758689,6.2656402587890625,1.578744304093262,normal
3.61098422349762,2.142333984375,1.578744304093262,normal
3.6543353660229925,-4.292106628417969,1.578744304093262,normal
3.062302057998507,-7.950325012207031,1.578744304093262,normal
3.060091935534224,-11.846122741699219,1.578744304093262,normal
3.3898556907912196,4.4290924072265625,1.578744304093262,normal
2.2713467480785985,22.080001831054688,1.578744304093262,normal
2.6178591112187073,-14.59075927734375,1.578744304093262,normal
2.5674111160042288,8.638458251953125,1.578744304093262,normal
2.7399156811067624,12.447509765625,1.578744304093262,normal
1.8764589282155377,-5.0228118896484375,1.578744304093262,normal
2.1302867303709374,12.671699523925781,1.578744304093262,normal
2.6901795332312983,-12.521095275878906,1.578744304093262,normal
2.482210033620974,3.3301162719726562,1.578744304093262,normal
2.567717182068841,-13.554039001464844,1.578744304093262,normal
2.7168476915616253,-23.458786010742188,1.578744304093262,normal
2.253661269736408,27.331924438476562,1.578744304093262,normal
2.3389068272480786,6.1136627197265625,1.578744304093262,normal
1.1392789320367422,35.80924987792969,1.578744304093262,normal
1.0862738241645769,-14.260826110839844,1.578744304093262,normal
1.053792998736959,13.355827331542969,1.578744304093262,normal
1.6476363552837312,68.88233184814453,1.578744304093262,normal
1.0282213416744028,-18.812255859375,1.578744304093262,normal
1.0883402005740017,13.049583435058594,1.578744304093262,normal
0.3200787862873962,37.337608337402344,1.1996278952113364,normal
0.8533855691215553,-2.5716018676757812,1.1996278952113364,normal
1.0441027813336348,-20.185546875,1.1996278952113364,normal
0.030318269844072772,3.202972412109375,1.1996278952113364,normal
1.2474871850235973,-20.815887451171875,1.2171689151795246,normal
1.535080742694189,22.258644104003906,1.2171689151795246,normal
1.9163759127793232,24.75574493408203,1.2171689151795246,normal
3.0504483618804814,51.38465881347656,1.2171689151795246,normal
3.2389701121337673,52.815284729003906,1.2171689151795246,normal
4.379520775585789,52.521629333496094,1.2171689151795246,normal
3.7678455189270017,32.25482940673828,1.2171689151795246,normal
4.563314919015047,124.1788101196289,1.2171689151795246,normal
4.354653770357327,141.91864013671875,1.2171689151795246,normal
3.145883390552661,149.83497619628906,1.2171689151795246,normal
2.962333942444817,156.28681182861328,1.2171689151795246,normal
1.943473588620791,115.4483413696289,1.2171689151795246,normal
1.0448917125840307,138.17459106445312,1.2171689151795246,normal
1.2038370368510947,152.44766235351562,1.2171689151795246,normal
1.2442264479353429,158.04405212402344,1.2171689151795246,normal
0.7877906174166527,163.0382537841797,1.2171689151795246,normal
0.41918992559603435,106.23985290527344,1.2171689151795246,normal
0.9895980997184911,105.45661926269531,1.2171689151795246,normal
2.2535534047646752,67.40936279296875,1.263955305046184,normal
1.8515849743121988,79.25537109375,1.263955305046184,normal
0.4844530914395935,90.95191955566406,1.3671318828726053,normal
1.2924427466588526,89.18930053710938,1.3671318828726053,normal
2.8801994196595135,88.64433288574219,1.587756673000661,normal
0.10162209096518329,-33.740386962890625,2.7785773286943303,normal
2.874762268524428,39.25209045410156,2.7785773286943303,normal
2.741714533527443,5.5792236328125,2.7785773286943303,normal
3.3297179728075132,-18.185348510742188,2.7785773286943303,normal
5.3371676544862385,60.466461181640625,2.7785773286943303,normal
6.775312245071164,-12.30743408203125,2.7785773286943303,normal
6.556744490782739,43.154296875,2.7785773286943303,normal
7.158657679172326,-41.613006591796875,2.7785773286943303,normal
9.775719390850337,45.74821472167969,2.7785773286943303,normal
10.029940622398854,77.73078918457031,2.7785773286943303,normal
3.0465967495791997,111.77627563476562,6.983343872819654,normal
6.70768517377618,-3.9910125732421875,6.983343872819654,normal
4.419666146352801,160.75721740722656,6.983343872819654,normal
1.1182121686309698,38.59245300292969,6.983343872819654,normal
6.464202671314532,117.04193115234375,6.983343872819654,normal
11.760436256219585,205.80459594726562,6.983343872819654,normal
9.719307927036494,92.13844299316406,6.983343872819654,normal
10.567655618982633,135.8136749267578,6.983343872819654,normal
13.287789103691535,53.173370361328125,6.983343872819654,normal
14.102922457759684,76.20529174804688,6.983343872819654,normal
22.024088657240245,-42.110137939453125,7.921166199480561,normal
21.22226722117852,107.77153015136719,7.921166199480561,normal
14.198049808072623,117.41958618164062,7.921166199480561,normal
16.50708090378764,103.29826354980469,7.921166199480561,normal
88.16203002701106,-189.8961639404297,71.65494912322342,normal
5.491628548066651,-2.4556732177734375,82.6704014789444,normal
2.7212771747242788,124.14688110351562,82.6704014789444,normal
43.04774590914633,111.15966796875,82.6704014789444,normal
20.889181838283086,-41.463775634765625,82.6704014789444,normal
0.5036102590986106,-54.620819091796875,82.6704014789444,normal
11.599774627233394,-35.94200134277344,82.6704014789444,normal
6.628333035144511,7.832794189453125,82.6704014789444,normal
0.25892604773580546,98.75564575195312,82.6704014789444,normal
34.11091979176591,52.34092712402344,82.6704014789444,normal
19.59186185437914,-97.92045593261719,82.6704014789444,normal
18.746161626321197,-26.887664794921875,82.6704014789444,normal
31.17694103501739,5.2704620361328125,82.6704014789444,normal
59.316611863313675,76.14212036132812,82.6704014789444,normal
55.04728187726726,-139.74746704101562,82.6704014789444,normal
29.98710902743251,157.42813110351562,82.6704014789444,normal
32.500098863636616,15.8203125,82.6704014789444,normal
43.150418478462086,-94.8834228515625,82.6704014789444,normal
29.698403592042194,115.30471801757812,82.6704014789444,normal
41.224387141481834,-164.91943359375,82.6704014789444,normal
27.69278634409746,114.62745666503906,82.6704014789444,normal
41.19830053736748,-17.696914672851562,82.6704014789444,normal
21.614936002864,446.1268615722656,82.6704014789444,normal
48.56132479352693,-328.809814453125,82.6704014789444,normal
12.110151452035614,318.6836242675781,82.6704014789444,normal
35.29483273759106,-92.69279479980469,82.6704014789444,normal
78.2286594404678,-141.1962890625,82.6704014789444,normal
75.21501523762329,173.09921264648438,82.6704014789444,normal
25.312361179040863,506.0554504394531,82.6704014789444,normal
72.81278684443366,-262.42401123046875,82.6704014789444,normal
7.184729819712739,513.3396148681641,82.6704014789444,normal
25.635589755737197,-137.8429412841797,65.62805702472092,normal
80.39050942586537,-359.0483093261719,65.62805702472092,normal
65.22797885930524,-0.4268646240234375,65.62805702472092,normal
25.671167736107297,427.72911071777344,65.62805702472092,normal
19.822757781455,-34.18853759765625,65.62805702472092,normal
8.107622867908,121.86973571777344,65.62805702472092,normal
34.603003640354395,-121.54769897460938,65.62805702472092,normal
6.017797969534633,225.4479217529297,65.62805702472092,normal
14.359735910113704,-51.95777893066406,65.62805702472092,normal
43.47039978948962,-188.54415893554688,65.62805702472092,normal
35.37873479242816,383.62586975097656,65.62805702472092,normal
31.413659202358023,-340.38917541503906,65.62805702472092,normal
2.0374043000730397,92.99789428710938,65.62805702472092,normal
3.420713393497481,9.08203125,65.62805702472092,normal
14.300653121731074,-37.32994079589844,65.62805702472092,normal
58.78354494393026,86.54525756835938,65.62805702472092,normal
30.819257034751903,300.4669189453125,65.62805702472092,normal
58.1890634983979,-140.89187622070312,65.62805702472092,normal
71.03659601735873,-125.88432312011719,65.62805702472092,normal
89.4792485773423,-90.78758239746094,65.62805702472092,normal
84.70943602820219,20.851821899414062,65.62805702472092,normal
73.62946629779432,-19.138641357421875,65.62805702472092,normal
82.58005000335804,121.26823425292969,65.62805702472092,normal
74.16206236413257,-117.01629638671875,65.62805702472092,normal
64.25845891771333,15.05035400390625,65.62805702472092,normal
75.69078850930127,151.2432861328125,65.62805702472092,normal
76.41799889567815,28.171463012695312,65.62805702472092,normal
59.16921970588157,122.91366577148438,65.62805702472092,normal
53.753538937853925,77.17208862304688,65.62805702472092,normal
73.06958095708721,-88.004150390625,54.754919670128174,normal
58.82951188679632,46.35795593261719,54.754919670128174,normal
37.6282462867285,82.85842895507812,44.482891822199186,normal
48.31454176339774,-16.846160888671875,44.482891822199186,normal
43.96752836731169,81.2548828125,44.482891822199186,normal
85.38839961533098,21.732330322265625,44.482891822199186,normal
86.75759715907161,56.06597900390625,44.482891822199186,normal
75.56462564542896,-39.89341735839844,44.482891822199186,normal
70.60860759774198,275.43479919433594,44.482891822199186,normal
74.41185120922995,-6.376190185546875,44.482891822199186,normal
58.19413928046827,-12.035751342773438,44.482891822199186,normal
88.66121532755739,-436.8251037597656,44.482891822199186,normal
79.20303711506259,-226.54586791992188,44.482891822199186,normal
66.0315256617599,-26.375656127929688,44.482891822199186,normal
34.69071628771446,33.04023742675781,44.482891822199186,normal
34.53279974189838,-111.38626098632812,44.482891822199186,normal
73.1520312552892,-26.866836547851562,41.420871248019296,normal
54.32912031249538,29.726486206054688,41.420871248019296,normal
86.72510123247017,-212.4664306640625,41.420871248019296,normal
60.327622957228094,107.37693786621094,41.420871248019296,normal
58.98856511577382,-147.63771057128906,41.420871248019296,normal
4.038820254670939,138.65524291992188,54.94974486110288,normal
25.639409110957935,48.07960510253906,54.94974486110288,normal
2.099066346256944,-101.11083984375,54.94974486110288,normal
1.7546487760310918,210.74111938476562,54.94974486110288,normal
3.825303660201897,-299.7406768798828,54.94974486110288,normal
86.8901774056368,-283.6864471435547,83.06487374543491,normal
16.68928430667821,98.23013305664062,83.06487374543491,normal
15.621997292288675,32.86102294921875,83.06487374543491,normal
4.115302449569307,269.9299621582031,83.06487374543491,normal
33.37667604236929,-248.9966583251953,83.06487374543491,normal
0.37366223258937653,-20.504608154296875,83.06487374543491,normal
21.145431800419217,73.10577392578125,83.06487374543491,normal
20.990797946162346,-80.75775146484375,83.06487374543491,normal
20.403856771143285,41.936187744140625,83.06487374543491,normal
62.15063854535089,-137.56942749023438,83.06487374543491,normal
87.27993578143285,16.17095947265625,83.06487374543491,normal
74.05246954778939,82.39631652832031,83.06487374543491,normal
87.20127774806596,-13.975067138671875,83.06487374543491,normal
75.33108723465476,-122.25196838378906,83.06487374543491,normal
86.72495276685353,472.41920471191406,83.06487374543491,normal
84.63307240371374,0.371246337890625,83.06487374543491,normal
87.14488430755982,19.611053466796875,83.06487374543491,normal
85.43460143617564,-105.41519165039062,83.06487374543491,normal
81.89362709821334,-295.34820556640625,83.06487374543491,normal
71.45832306364044,566.8947601318359,83.06487374543491,normal
57.96841778567102,-971.4608001708984,83.06487374543491,normal
59.39137530259202,51.84883117675781,83.06487374543491,normal
52.149152310328866,819.1580200195312,83.06487374543491,normal
15.006129651060695,338.5931396484375,83.06487374543491,normal
83.15577501076903,-554.8487091064453,83.06487374543491,normal
56.3734682382667,-609.6617889404297,83.06487374543491,normal
70.10056913213205,7.2894287109375,83.06487374543491,normal
55.281355372397734,-290.0933074951172,83.06487374543491,normal
70.5084926506342,293.59886169433594,83.06487374543491,normal
64.11370777306009,-3.8394927978515625,83.06487374543491,normal
68.42104529036806,-282.0611572265625,70.2008930989586,normal
80.4977394909082,643.8880920410156,68.14964535970834,normal
33.5218934881371,468.56048583984375,68.14964535970834,normal
21.8142867290952,17.34649658203125,68.14964535970834,normal
15.337011398448984,212.9857635498047,68.14964535970834,normal
32.900040209268646,-230.63369750976562,68.14964535970834,normal
51.385752953067076,-623.8771820068359,68.14964535970834,normal
28.025446365107108,134.52049255371094,68.14964535970834,normal
16.247646201251044,-91.38290405273438,68.14964535970834,normal
5.763451314525091,265.2019500732422,68.14964535970834,normal
19.79794243648541,-632.9711151123047,68.14964535970834,normal
28.470349121127697,-204.7906494140625,68.14964535970834,normal
17.41911298949329,-235.1122283935547,68.14964535970834,normal
7.197510364985668,86.65374755859375,68.14964535970834,normal
15.708563438821868,-93.39157104492188,68.14964535970834,normal
21.15962153637344,-193.49258422851562,68.14964535970834,normal
15.802660017706357,-34.074554443359375,68.14964535970834,normal
14.996871971394018,-92.45635986328125,68.14964535970834,normal
2.9838615839660645,0.0,0.0,normal
2.9009538236683103,13.0792236328125,0.08290776029775415,normal
3.1345944643063164,5.528411865234375,0.23364064063800605,normal
3.4880225116772423,-6.6387176513671875,0.3534280473709259,normal
3.975331202148626,14.255561828613281,0.4873086904713837,normal
4.0301063730938,20.234298706054688,0.4873086904713837,normal
4.125212397874478,12.588043212890625,0.4873086904713837,normal
3.58843904148593,7.082176208496094,0.5367733563885477,normal
4.013102413705564,-6.00677490234375,0.5367733563885477,normal
3.6378053673831534,1.6286087036132812,0.5367733563885477,normal
3.501248179526212,2.5341796875,0.5367733563885477,normal
3.7832734090007927,-16.6900634765625,0.5367733563885477,normal
3.7480908430399746,13.517532348632812,0.5367733563885477,normal
3.5007856039553267,-11.462516784667969,0.5367733563885477,normal
3.0062673182643995,-8.618545532226562,0.5367733563885477,normal
2.857468278578388,3.3507156372070312,0.5367733563885477,normal
2.5664042074454705,9.000778198242188,0.5367733563885477,normal
2.5251211533156948,4.164276123046875,0.5367733563885477,normal
3.5203119598938963,24.03911590576172,0.9951908065782016,normal
2.829117926902261,-16.42822265625,0.9951908065782016,normal
2.683411885637848,3.0284500122070312,0.9951908065782016,normal
2.117940544439306,13.892669677734375,0.9951908065782016,normal
1.8514213021985173,-3.4735107421875,0.9951908065782016,normal
1.1995747762982756,0.87615966796875,0.9951908065782016,normal
1.5979980297553986,-12.418785095214844,0.9951908065782016,normal
1.7674052088548156,-6.957206726074219,0.9951908065782016,normal
1.5351504708054038,-21.425399780273438,0.9951908065782016,normal
1.4995252338907987,6.5192413330078125,0.9951908065782016,normal
0.7854905249503924,-15.296401977539062,0.9951908065782016,normal
0.4594500302331277,-1.6826248168945312,0.9951908065782016,normal
0.7933522084898221,11.905174255371094,0.9951908065782016,normal
0.6976942748579539,-13.288421630859375,0.9951908065782016,normal
0.9290645843237472,-4.75250244140625,0.9951908065782016,normal
1.4248501090937002,19.715423583984375,0.9951908065782016,normal
1.0620519457238646,-0.6346893310546875,0.9951908065782016,normal
1.7193868053383572,13.909149169921875,0.9951908065782016,normal
2.8111539685057205,13.4417724609375,1.0917671631673633,normal
2.1356579394108337,-1.00250244140625,1.0917671631673633,normal
3.3371281361832503,13.72833251953125,1.2014701967724166,normal
3.5932515604159376,15.779342651367188,1.2014701967724166,normal
3.9798252963845764,28.73302459716797,1.2014701967724166,normal
4.633778754492905,-0.28003692626953125,1.2014701967724166,normal
5.5410113289858,11.504974365234375,1.2014701967724166,normal
4.983166367951151,-25.27313232421875,1.2014701967724166,normal
6.1897420616690875,5.788536071777344,1.2065756937179364,normal
5.894385136609284,-12.382278442382812,1.2065756937179364,normal
5.545713089964594,16.24408721923828,1.2065756937179364,normal
5.910736771896772,27.386398315429688,1.2065756937179364,normal
5.897459101050735,18.49353790283203,1.2065756937179364,normal
4.825960026653077,12.405967712402344,1.2065756937179364,normal
4.918903548660403,11.853561401367188,1.2065756937179364,normal
5.106879631273312,24.565887451171875,1.2065756937179364,normal
5.610455730026992,57.1014404296875,1.2065756937179364,normal
4.887687130498343,36.778907775878906,1.2065756937179364,normal
4.8507499758173624,44.18964385986328,1.2065756937179364,normal
4.038279064270689,83.4012222290039,1.2065756937179364,normal
3.8790392325735414,50.532073974609375,1.2065756937179364,normal
3.1942099594653524,23.10882568359375,1.2065756937179364,normal
3.537878147382462,58.97289276123047,1.2065756937179364,normal
2.9137319286199466,131.2540054321289,1.2065756937179364,normal
3.349717532623018,55.10948181152344,1.2065756937179364,normal
2.4680505056902504,64.84256744384766,1.2065756937179364,normal
2.4501188860989624,110.77320098876953,1.2065756937179364,normal
1.378207915472615,171.40972137451172,1.2065756937179364,normal
1.17902621683401,115.26191711425781,1.2065756937179364,normal
0.17212459638119895,95.95527648925781,1.2065756937179364,normal
0.4323361007097366,94.66941833496094,1.2065756937179364,normal
2.0401938741404195,192.3291778564453,1.607857773430683,normal
1.8618412635132064,122.54219055175781,1.607857773430683,normal
3.1915310935456525,141.38031005859375,1.607857773430683,normal
4.085647163518404,181.05491638183594,1.607857773430683,normal
3.813297824358881,122.16018676757812,1.607857773430683,normal
3.053957855561337,70.40519714355469,1.607857773430683,normal
2.8300710682157635,155.5785369873047,1.607857773430683,normal
2.0427432032082677,32.30964660644531,1.607857773430683,normal
2.4838277394170736,95.29815673828125,1.607857773430683,normal
1.7070950361756527,132.916259765625,1.607857773430683,normal
0.0507643053059148,53.1903076171875,1.656330730869738,normal
0.4301472202889853,33.24211120605469,1.656330730869738,normal
0.5619534527469869,52.86460876464844,1.656330730869738,normal
0.4615679285132169,67.18620300292969,1.656330730869738,normal
2.2257956318952554,-186.7840576171875,1.7642277033820386,normal
6.955501977079473,20.928497314453125,4.729706345184217,normal
2.131265903235965,122.97454833984375,4.824236073843508,normal
4.6079145067632235,31.160659790039062,4.824236073843508,normal
8.697948591500117,65.58059692382812,4.824236073843508,normal
0.9263626934664241,231.9554901123047,7.771585898033693,normal
4.631041294111928,121.20071411132812,7.771585898033693,normal
16.72483813481088,-30.830154418945312,12.093796840698953,normal
5.620178899555447,-36.13517761230469,12.093796840698953,normal
9.545539823707973,2.9335784912109375,12.093796840698953,normal
31.832807425239203,-24.452590942382812,22.28726760153123,normal
12.602878281616308,-77.62046813964844,22.28726760153123,normal
8.522886541801231,108.06427001953125,22.28726760153123,normal
25.477046860918577,515.1628875732422,22.28726760153123,normal
30.425198557975282,-61.5911865234375,22.28726760153123,normal
28.8744711238813,117.57041931152344,22.28726760153123,normal
37.77000890238346,-274.29405212402344,22.28726760153123,normal
59.335238928020566,-52.63641357421875,22.28726760153123,normal
23.316230138890464,24.38140869140625,36.0190087891301,normal
86.00129227643603,-12.84027099609375,62.68506213754557,normal
59.84387374515771,-73.58116149902344,62.68506213754557,normal
83.92652926470222,106.38084411621094,62.68506213754557,normal
78.36109311740306,107.266845703125,62.68506213754557,normal
86.59844671154947,2.4771881103515625,62.68506213754557,normal
23.25764643933763,-185.98892211914062,63.34080027221184,normal
29.061602440567714,106.42707824707031,63.34080027221184,normal
37.892301376870954,110.39016723632812,63.34080027221184,normal
24.836178786529143,234.47799682617188,63.34080027221184,normal
11.3208283418504,-51.95068359375,63.34080027221184,normal
30.435390586634355,74.89334106445312,63.34080027221184,normal
26.728172828044972,61.959228515625,63.34080027221184,normal
20.125084457353363,225.8429718017578,63.34080027221184,normal
35.046823664281824,-47.14302062988281,63.34080027221184,normal
39.262857840666214,352.2919464111328,63.34080027221184,normal
72.85095995132608,392.1080017089844,63.34080027221184,normal
68.86476545437867,-108.20068359375,63.34080027221184,normal
38.79667833744535,-111.14387512207031,63.34080027221184,normal
14.47976679820065,126.08596801757812,63.34080027221184,normal
14.981203914839591,150.66627502441406,63.34080027221184,normal
17.990433520667757,-117.06893920898438,63.34080027221184,normal
11.378318787848732,135.27122497558594,63.34080027221184,normal
12.460013560174565,-7.80487060546875,63.34080027221184,normal
26.091921278624294,-63.32313537597656,63.34080027221184,normal
23.463361871732584,-31.62872314453125,63.34080027221184,normal
26.82230980559942,135.84205627441406,63.34080027221184,normal
8.676336059353831,107.53097534179688,63.34080027221184,normal
35.95283463874794,-209.69764709472656,63.34080027221184,normal
15.811436872368915,189.65927124023438,63.34080027221184,normal
5.176708044301844,127.09487915039062,63.34080027221184,normal
65.97419429592188,-25.711669921875,63.34080027221184,normal
32.9612990475168,169.51492309570312,63.34080027221184,normal
44.07951660086656,-194.07119750976562,63.34080027221184,normal
32.203192847260496,133.56582641601562,63.34080027221184,normal
30.467593696502696,303.4888458251953,63.34080027221184,normal
43.979673431562794,-227.04689025878906,60.79748625162003,normal
59.87164432948081,-27.562637329101562,60.79748625162003,normal
77.17695920750153,79.56916809082031,60.79748625162003,normal
30.884736152486845,-62.68867492675781,60.79748625162003,normal
25.775141811395716,31.131362915039062,60.79748625162003,normal
24.538469071756843,39.249114990234375,60.79748625162003,normal
68.8542369299056,82.63893127441406,60.79748625162003,normal
70.45390260280111,104.234619140625,60.79748625162003,normal
24.56687013821291,-219.57275390625,60.79748625162003,normal
22.106018361539025,-36.974945068359375,60.79748625162003,normal
58.81093142317538,42.81578063964844,60.79748625162003,normal
19.093277573063954,-183.66119384765625,60.79748625162003,normal
29.398713115583504,34.610137939453125,60.79748625162003,normal
5.607525432715667,83.49769592285156,60.79748625162003,normal
12.370853285152535,-171.50779724121094,60.79748625162003,normal
25.438186215664093,54.60273742675781,60.79748625162003,normal
12.281649083494933,-50.879058837890625,60.79748625162003,normal
31.511041770447886,75.42640686035156,60.79748625162003,normal
35.38468279476909,-235.1158905029297,60.79748625162003,normal
6.6657529412996475,193.32870483398438,60.79748625162003,normal
7.859134412885252,68.30978393554688,60.79748625162003,normal
2.2527201723684724,-52.21183776855469,60.79748625162003,normal
7.8289209060432405,21.229476928710938,60.79748625162003,normal
5.5509994195512675,-98.20930480957031,60.79748625162003,normal
6.9122208450893705,-98.72039794921875,60.79748625162003,normal
47.85872214279283,-27.644805908203125,46.29222305501468,normal
5.081473307868404,191.13075256347656,46.29222305501468,normal
1.1328673529255482,121.08810424804688,46.29222305501468,normal
74.37168848196531,-422.50694274902344,73.23882112903976,normal
15.381594317852736,261.73118591308594,73.23882112903976,normal
17.424504652493823,349.1496276855469,73.23882112903976,normal
20.555040698545266,228.88504028320312,73.23882112903976,normal
15.657393421972486,-699.283447265625,73.23882112903976,normal
19.72149304334526,624.6320343017578,73.23882112903976,normal
31.45017732996032,-424.2041015625,73.23882112903976,normal
21.496312439420638,82.72727966308594,73.23882112903976,normal
28.07705465070567,94.44808959960938,73.23882112903976,normal
15.407440386330858,-324.70733642578125,73.23882112903976,normal
12.845176494161414,-31.227035522460938,73.23882112903976,normal
17.0898523159069,138.13018798828125,73.23882112903976,normal
14.165226934627603,-235.7183074951172,73.23882112903976,normal
15.17280234362475,100.06393432617188,73.23882112903976,normal
7.195002991566052,-75.90866088867188,73.23882112903976,normal
4.773659066602451,-54.40956115722656,73.23882112903976,normal
8.516612732826678,-17.25311279296875,73.23882112903976,normal
4.042439171319832,-116.553955078125,73.23882112903976,normal
2.8342358585866756,-60.63514709472656,73.23882112903976,normal
3.667348109497364,-113.1280517578125,73.23882112903976,normal
3.0914572732228427,-75.87318420410156,73.23882112903976,normal
7.064467178490885,-63.62525939941406,73.23882112903976,normal
1.8454087738958693,0.0,0.0,normal
1.737046857981431,7.6883697509765625,0.10836191591443822,normal
1.4740934922901945,0.939788818359375,0.2629533656912366,normal
2.232093733929274,-18.214073181152344,0.7580002416390796,normal
1.9391968673233106,27.70008087158203,0.7580002416390796,normal
1.728804669741031,2.6011276245117188,0.7580002416390796,normal
1.9037925698006832,-3.1236648559570312,0.7580002416390796,normal
2.2549621015088763,-7.105865478515625,0.7580002416390796,normal
2.31579240133679,7.664794921875,0.7580002416390796,normal
2.3520805461463357,-23.97045135498047,0.7580002416390796,normal
2.0626430534054303,-6.193199157714844,0.7580002416390796,normal
1.780888807413792,26.488723754882812,0.7580002416390796,normal
2.0183220552529995,-22.175674438476562,0.7580002416390796,normal
1.9691276310627406,2.254486083984375,0.7580002416390796,normal
2.472120637490033,-1.0239028930664062,0.7580002416390796,normal
1.9881242472711074,8.720970153808594,0.7580002416390796,normal
2.118974920722393,0.436248779296875,0.7580002416390796,normal
2.2076887885618306,-1.2511825561523438,0.7580002416390796,normal
2.0107575073145245,-3.5995101928710938,0.7580002416390796,normal
1.9779890069299038,-7.366218566894531,0.7580002416390796,normal
1.6397943601627012,-11.531753540039062,0.7580002416390796,normal
1.6828320857047847,5.172615051269531,0.7580002416390796,normal
1.449990106887173,-3.4269332885742188,0.7580002416390796,normal
1.7988904382690438,19.26921844482422,0.7580002416390796,normal
1.1509963342006784,8.67279052734375,0.7580002416390796,normal
1.2481584838071789,-16.170501708984375,0.7580002416390796,normal
1.5816168751844313,-3.9199447631835938,0.7580002416390796,normal
1.3001029137886244,14.829139709472656,0.7580002416390796,normal
1.6769479970391972,-10.684890747070312,0.7580002416390796,normal
1.434419832971863,9.872360229492188,0.7580002416390796,normal
1.6119659195610339,-8.55377197265625,0.7580002416390796,normal
1.7058509439661589,19.439735412597656,0.7580002416390796,normal
1.863828048127555,-4.007148742675781,0.7580002416390796,normal
1.660220062911323,37.260589599609375,0.6478941040683655,normal
1.6689050063232773,-5.768280029296875,0.6478941040683655,normal
2.0069940855241724,8.904075622558594,0.6478941040683655,normal
2.1298993309560177,6.0134124755859375,0.6478941040683655,normal
2.381614709780656,-2.3601150512695312,0.6478941040683655,normal
2.5838791127693455,-11.932411193847656,0.6478941040683655,normal
3.048352562732863,-8.681488037109375,0.6478941040683655,normal
2.1076530713793664,-3.1542205810546875,0.9406994913534965,normal
2.2868548764332197,4.382057189941406,0.9406994913534965,normal
2.5817269079910785,-4.104766845703125,0.9406994913534965,normal
2.6320270782292496,27.404251098632812,0.9406994913534965,normal
1.4108569285034966,1.973876953125,1.221170149725753,normal
1.7061221319951245,10.808258056640625,1.221170149725753,normal
2.332670470357714,9.276924133300781,1.221170149725753,normal
4.42694834835049,19.69310760498047,2.094277877992776,normal
4.043973241766777,42.669525146484375,2.094277877992776,normal
4.59345364868497,6.388435363769531,2.094277877992776,normal
5.400196154029307,18.808250427246094,2.094277877992776,normal
6.38216558997485,21.55609130859375,2.094277877992776,normal
6.8825099853653064,24.095191955566406,2.094277877992776,normal
8.177367915399197,-6.225929260253906,2.094277877992776,normal
9.389833951199735,20.600051879882812,2.094277877992776,normal
9.968770548602071,3.7845611572265625,2.094277877992776,normal
10.94142800568599,-20.90789794921875,2.094277877992776,normal
11.25079903808627,-3.140716552734375,2.094277877992776,normal
11.747373792179914,23.611793518066406,2.094277877992776,normal
11.579422487246616,-6.8353271484375,2.094277877992776,normal
13.001084130572755,1.4368057250976562,2.094277877992776,normal
12.856555720898031,11.379890441894531,2.094277877992776,normal
13.275552126186675,-3.4220123291015625,2.094277877992776,normal
11.97812900542572,-10.123100280761719,2.094277877992776,normal
12.446006831352062,19.467201232910156,2.094277877992776,normal
12.3421024841622,18.61896514892578,2.094277877992776,normal
12.294978500181694,11.432647705078125,2.094277877992776,normal
11.891266079068213,15.681381225585938,2.094277877992776,normal
12.147866034601172,15.929946899414062,2.094277877992776,normal
12.360750226329724,11.734657287597656,2.094277877992776,normal
13.40530442526107,39.25163269042969,2.094277877992776,normal
12.48558792401702,30.938644409179688,2.094277877992776,normal
12.796334302026573,33.892364501953125,2.094277877992776,normal
13.533291086654579,36.44542694091797,2.094277877992776,normal
16.403441989488122,26.338233947753906,2.8701509028335437,normal
16.673364496592416,78.79692077636719,2.8701509028335437,normal
17.042182072402255,118.93547058105469,2.8701509028335437,normal
21.452540554667557,34.743919372558594,4.410358482265302,normal
21.35248175229213,85.56770324707031,4.410358482265302,normal
21.68192454937244,121.49734497070312,4.410358482265302,normal
24.796403530036965,74.68986511230469,4.410358482265302,normal
22.970624251118462,167.4272918701172,4.410358482265302,normal
28.140740726986106,119.86495971679688,5.170116475867644,normal
28.036095804139297,134.501953125,5.170116475867644,normal
27.754162704262907,117.93846130371094,5.170116475867644,normal
27.539391556857787,181.69189453125,5.170116475867644,normal
25.36272701278828,128.8776397705078,5.170116475867644,normal
23.27701740728287,133.0945587158203,5.170116475867644,normal
29.42830281162957,76.02767944335938,6.151285404346702,normal
29.173348481124275,123.56231689453125,6.151285404346702,normal
24.130894137822445,93.01712036132812,6.151285404346702,normal
24.558307387731357,86.66496276855469,6.151285404346702,normal
10.770811100281923,35.35148620605469,13.787496287449434,normal
10.122388807644151,162.9297637939453,13.787496287449434,normal
13.805895372165976,79.17915344238281,13.787496287449434,normal
39.16053116949345,106.34170532226562,25.354635797327475,normal
58.49875721557868,223.03298950195312,25.354635797327475,normal
76.10195161725674,90.00045776367188,25.354635797327475,normal
42.05283309592715,110.80673217773438,34.049118521329596,normal
8.67936591597208,114.90165710449219,34.049118521329596,normal
2.9211852711668698,246.28257751464844,34.049118521329596,normal
8.815462825081285,114.35623168945312,34.049118521329596,normal
2.855238677750475,170.9161376953125,34.049118521329596,normal
6.432212199825963,214.23500061035156,34.049118521329596,normal
13.506204114153672,-5.906524658203125,34.049118521329596,normal
50.04947666223474,14.662628173828125,36.54327254808106,normal
47.97787249108274,109.04983520507812,36.54327254808106,normal
43.896784134243745,345.9123229980469,36.54327254808106,normal
64.47551546355226,-437.9413604736328,36.54327254808106,normal
69.0379123874298,87.70774841308594,36.54327254808106,normal
75.32196511679959,29.925155639648438,36.54327254808106,normal
89.7960240128337,-88.07853698730469,36.54327254808106,normal
82.31067998441365,-79.896240234375,36.54327254808106,normal
58.00618407829325,360.78392028808594,36.54327254808106,normal
45.36242472082095,133.60130310058594,36.54327254808106,normal
53.33153994096362,-265.4930877685547,36.54327254808106,normal
29.940078238715454,400.3729248046875,36.54327254808106,normal
37.91197689468354,-24.09393310546875,36.54327254808106,normal
81.80667408769106,-321.57737731933594,43.894697193007524,normal
87.02703280437679,-5.8683013916015625,43.894697193007524,normal
85.16467834954733,12.96844482421875,43.894697193007524,normal
83.76852232971054,-16.515426635742188,43.894697193007524,normal
72.60957219853002,248.8872528076172,43.894697193007524,normal
69.19145006970273,30.332565307617188,43.894697193007524,normal
65.7952994292556,320.1658630371094,43.894697193007524,normal
3.277090181350765,528.3036804199219,62.51820924790484,normal
9.625919981699154,52.78404235839844,62.51820924790484,normal
9.971588247605872,4.637603759765625,62.51820924790484,normal
17.783728986196056,-86.35665893554688,62.51820924790484,normal
6.42280071861453,-56.88743591308594,62.51820924790484,normal
15.876517536230605,4.496612548828125,62.51820924790484,normal
7.469132774611618,-39.55718994140625,62.51820924790484,normal
0.4937337140178228,-161.60545349121094,62.51820924790484,normal
5.218004208371962,-22.372055053710938,62.51820924790484,normal
7.786819882072602,-154.65980529785156,62.51820924790484,normal
0.8607383826603668,7.601165771484375,62.51820924790484,normal
5.399560316318592,-311.36558532714844,62.51820924790484,normal
0.7077848565925947,62.68455505371094,62.51820924790484,normal
1.0234345778320095,-105.35865783691406,62.51820924790484,normal
2.477724716304668,37.43133544921875,62.51820924790484,normal
2.5533941948625283,21.436614990234375,62.51820924790484,normal
0.6965067444985327,-305.5741882324219,62.51820924790484,normal
2.0778637395374306,-205.87005615234375,62.51820924790484,normal
1.8965861351371889,87.10990905761719,62.51820924790484,normal
4.292921506809829,-119.33074951171875,62.51820924790484,normal
8.439409636285093,6.07086181640625,62.51820924790484,normal
5.216318519298083,78.98345947265625,62.51820924790484,normal
4.602558420669575,-63.68339538574219,62.51820924790484,normal
2.626686486678212,60.1776123046875,62.51820924790484,normal
4.226169479522562,16.348342895507812,62.51820924790484,normal
4.605080505363168,41.74919128417969,62.51820924790484,normal
2.804267676590771,50.35743713378906,62.51820924790484,normal
2.1889186758346937,-0.647735595703125,62.51820924790484,normal
1.0552631357081481,-202.89894104003906,62.51820924790484,normal
0.2654522963096487,-179.38705444335938,62.51820924790484,normal
7.518291920467156,-77.87361145019531,11.360928267581526,normal
15.063778959862963,-109.62089538574219,11.360928267581526,normal
15.262873314239064,-95.0372314453125,11.360928267581526,normal
20.76418798579801,-161.62673950195312,11.360928267581526,normal
19.45307872580035,-142.9621124267578,9.453716817616074,normal
25.37390071120016,19.375762939453125,8.407384761618987,normal
31.625353167599457,-49.401397705078125,7.545487039395807,normal
0.6365533472220578,0.0,0.0,normal
0.07935464502773226,9.137191772460938,0.5571987021943255,normal
0.34484623553735777,-2.2676467895507812,0.5571987021943255,normal
1.0952875698892235,13.343925476074219,0.7504413343518657,normal
1.8496008019527315,6.73370361328125,0.754313232063508,normal
2.3080615932933295,10.595054626464844,0.754313232063508,normal
3.275251395119369,19.566993713378906,0.9671898018260396,normal
4.8572607425016425,11.705818176269531,1.5820093473822734,normal
5.250108069863539,24.406356811523438,1.5820093473822734,normal
6.367362079925992,42.703285217285156,1.5820093473822734,normal
7.78416083749541,58.33911895751953,1.5820093473822734,normal
9.318233918643928,64.63268280029297,1.5820093473822734,normal
11.013296858201855,26.295547485351562,1.6950629395579266,normal
12.889409407210021,45.76560974121094,1.876112549008166,normal
15.297775454948468,37.70164489746094,2.408366047738447,normal
16.925096444656592,120.18814086914062,2.408366047738447,normal
19.87846568757852,51.496009826660156,2.9533692429219265,normal
19.45422008310586,104.20486450195312,2.9533692429219265,normal
23.413502586013742,108.72425079345703,3.9592825029078824,normal
26.196177356757808,37.962913513183594,3.9592825029078824,normal
31.347251096419907,159.50225830078125,5.151073739662099,normal
30.23134590118619,160.10833740234375,5.151073739662099,normal
32.47057354213027,104.77706909179688,5.151073739662099,normal
33.58423643982531,94.61814880371094,5.151073739662099,normal
34.539411669070724,151.73629760742188,5.151073739662099,normal
38.640888188677046,98.33930969238281,5.151073739662099,normal
44.2175662810756,52.900543212890625,5.576678092398552,normal
43.184872019481176,84.4354248046875,5.576678092398552,normal
45.19050264263607,103.45161437988281,5.576678092398552,normal
47.39874051776681,88.3831787109375,5.576678092398552,normal
47.06473262626742,56.283416748046875,5.576678092398552,normal
49.98013043964412,91.75712585449219,5.576678092398552,normal
48.3161750505184,80.09010314941406,5.576678092398552,normal
49.304954529460574,130.24932861328125,5.576678092398552,normal
50.78320893477799,36.30706787109375,5.576678092398552,normal
48.131264722576056,54.34135437011719,5.576678092398552,normal
44.72451435762537,162.40127563476562,5.576678092398552,normal
43.72960870529276,94.89875793457031,5.576678092398552,normal
47.700947915511,16.660995483398438,5.576678092398552,normal
36.003668969644,236.48643493652344,11.697278945866998,normal
38.594997218960664,41.23443603515625,11.697278945866998,normal
40.478449143453034,-11.495819091796875,11.697278945866998,normal
39.36784276267372,158.45443725585938,11.697278945866998,normal
37.92029800413099,28.238525390625,11.697278945866998,normal
34.75029051743924,111.62452697753906,11.697278945866998,normal
38.96261164071317,-36.433868408203125,11.697278945866998,normal
43.405266089019364,-119.91714477539062,11.697278945866998,normal
46.72975110253067,55.82633972167969,11.697278945866998,normal
47.257685781560255,-65.32768249511719,11.697278945866998,normal
46.71324620573598,53.44459533691406,11.697278945866998,normal
46.24053169066143,72.09274291992188,11.697278945866998,normal
52.2806802094452,61.869049072265625,11.697278945866998,normal
46.75183174045535,77.77381896972656,11.697278945866998,normal
58.69419369433093,-29.947586059570312,11.942361953875576,normal
62.55060968482412,21.800079345703125,11.942361953875576,normal
88.70327006884054,-130.76614379882812,26.15266038401642,normal
73.7555423713588,-95.8612060546875,26.15266038401642,normal
86.97795104883873,187.02049255371094,26.15266038401642,normal
83.59502982776381,44.472198486328125,26.15266038401642,normal
86.96019376120047,-50.183258056640625,26.15266038401642,normal
86.31602237903805,37.75566101074219,26.15266038401642,normal
69.88485035184237,90.1666259765625,26.15266038401642,normal
89.15677497655697,-101.4166259765625,26.15266038401642,normal
84.07224057122052,-3.76373291015625,26.15266038401642,normal
71.42709810373584,76.70196533203125,26.15266038401642,normal
69.8447415229779,19.215316772460938,26.15266038401642,normal
70.29730263540478,21.428375244140625,26.15266038401642,normal
75.49763336179844,11.366043090820312,26.15266038401642,normal
75.71663024008836,-170.68038940429688,26.15266038401642,normal
79.59340112584418,185.48263549804688,26.15266038401642,normal
48.92155094208549,-292.4098205566406,30.671850183758693,normal
58.489176723959844,155.88455200195312,30.671850183758693,normal
20.815911072046095,-70.23696899414062,37.67326565191375,normal
41.54404900934095,185.2594757080078,37.67326565191375,normal
62.77007834577837,136.57791137695312,37.67326565191375,normal
86.61249700959436,55.30128479003906,37.67326565191375,normal
33.90798572799163,-31.645660400390625,52.704511281602734,normal
80.3708869003846,76.18263244628906,52.704511281602734,normal
45.21726285314581,-38.921356201171875,52.704511281602734,normal
68.77676715070056,49.3157958984375,52.704511281602734,normal
50.429346565566206,22.036056518554688,52.704511281602734,normal
47.10061517719591,-1.6458892822265625,52.704511281602734,normal
34.20201895824304,-19.153060913085938,52.704511281602734,normal
19.4960541916946,-5.1287841796875,52.704511281602734,normal
15.256961402255378,-24.679412841796875,52.704511281602734,normal
8.533010776595733,15.670394897460938,52.704511281602734,normal
11.432424954770791,29.127044677734375,52.704511281602734,normal
1.1036484609907358,0.84686279296875,52.704511281602734,normal
52.28048430190811,86.91810607910156,52.704511281602734,normal
11.397045511440762,-8.001480102539062,52.704511281602734,normal
1.8829174943717428,140.86875915527344,52.704511281602734,normal
3.8687431693384764,256.3774108886719,52.704511281602734,normal
8.426663085689123,-77.801513671875,52.704511281602734,normal
40.11891813971036,-114.01405334472656,52.704511281602734,normal
16.90039294073506,-21.693649291992188,52.704511281602734,normal
41.97249385251351,52.05024719238281,52.704511281602734,normal
12.502989080725238,-33.533477783203125,52.704511281602734,normal
2.9503068085808994,-52.82386779785156,52.704511281602734,normal
2.0443172910002345,-59.56398010253906,52.704511281602734,normal
15.135168744487567,234.14039611816406,52.704511281602734,normal
6.7900511457622565,-43.77799987792969,52.704511281602734,normal
42.82087398745008,274.5636749267578,52.704511281602734,normal
10.15623639608486,-18.275299072265625,52.704511281602734,normal
12.900050261785017,14.64111328125,52.704511281602734,normal
4.882055443311781,43.61503601074219,52.704511281602734,normal
22.67323158493445,97.90969848632812,52.704511281602734,normal
24.123690528939605,191.20399475097656,51.17683584091738,normal
74.14102493330529,16.931991577148438,51.17683584091738,normal
71.2797671017352,69.72038269042969,51.17683584091738,normal
80.72841866093157,-13.170547485351562,51.17683584091738,normal
56.418663105357545,-35.93902587890625,51.17683584091738,normal
52.34756180261673,153.37852478027344,51.17683584091738,normal
75.48535919633535,2.435760498046875,51.17683584091738,normal
54.56236485822795,-119.03045654296875,51.17683584091738,normal
77.40639556662403,106.78985595703125,51.17683584091738,normal
27.368843482462097,36.63116455078125,51.17683584091738,normal
8.697614088399817,156.33888244628906,51.17683584091738,normal
14.074922053658868,-24.35943603515625,51.17683584091738,normal
19.550745164799515,-62.3822021484375,50.03755208416193,normal
48.621607910785976,-19.192886352539062,50.03755208416193,normal
58.8920815402067,38.66706848144531,50.03755208416193,normal
67.48367581015364,6.55975341796875,50.03755208416193,normal
50.9482219352352,96.82823181152344,50.03755208416193,normal
48.91092163330698,-109.37255859375,50.03755208416193,normal
68.03748197860598,29.877090454101562,50.03755208416193,normal
47.3680606384187,-59.88899230957031,50.03755208416193,normal
76.44604276311063,91.93977355957031,50.03755208416193,normal
49.37616686433547,-34.11323547363281,50.03755208416193,normal
35.68412288835757,-59.011688232421875,50.03755208416193,normal
40.03367825231697,116.17446899414062,50.03755208416193,normal
30.74322256154467,-50.89302062988281,50.03755208416193,normal
29.05200147798852,-0.7353973388671875,50.03755208416193,normal
30.867837974345814,-22.181854248046875,50.03755208416193,normal
29.26632127740074,39.49859619140625,50.03755208416193,normal
30.55710682635593,-31.128158569335938,50.03755208416193,normal
34.660960737309324,-5.179595947265625,50.03755208416193,normal
33.2197060504605,21.985015869140625,50.03755208416193,normal
32.77926903459325,-5.5176544189453125,50.03755208416193,normal
38.00394521124761,-3.5538482666015625,50.03755208416193,normal
31.674851316905084,-2.7852630615234375,50.03755208416193,normal
39.77287136818426,-26.111526489257812,50.03755208416193,normal
37.205824187583744,-26.9622802734375,50.03755208416193,normal
51.65034063127552,89.52919006347656,50.03755208416193,normal
54.28831288415603,-34.56184387207031,50.03755208416193,normal
38.49360067361803,-55.726776123046875,50.03755208416193,normal
52.55946938913607,15.355911254882812,29.07798212469193,normal
74.55919649390302,-17.042312622070312,29.07798212469193,normal
60.625623169084484,43.7347412109375,29.07798212469193,normal
77.79501087916239,-91.69898986816406,29.07798212469193,normal
50.307656182553096,18.411941528320312,29.07798212469193,normal
76.93747189137882,34.90882873535156,29.07798212469193,normal
8.327608696681795,272.2947692871094,68.60986319469703,normal
2.380849939772143,-334.07135009765625,68.60986319469703,normal
42.30610868937814,197.48863220214844,68.60986319469703,normal
78.47198889950445,-282.3882293701172,68.60986319469703,normal
75.43376830604811,-135.3417205810547,68.60986319469703,normal
60.68881403181845,53.915863037109375,68.60986319469703,normal
54.80143768544459,-133.06686401367188,68.60986319469703,normal
58.62993297470551,-61.4959716796875,68.60986319469703,normal
81.54798897140067,386.4775085449219,68.60986319469703,normal
80.83646378865151,-406.45660400390625,68.60986319469703,normal
80.84409760949369,-123.34442138671875,68.60986319469703,normal
62.47065888388906,-264.1676330566406,68.60986319469703,normal
67.43296208495586,-11.505661010742188,68.60986319469703,normal
60.01716133799102,-22.151870727539062,68.60986319469703,normal
57.50572036961438,-43.87229919433594,68.60986319469703,normal
62.23172513964757,36.879730224609375,68.60986319469703,normal
63.004567023155865,-22.21160888671875,68.60986319469703,normal
60.08368538029523,97.88475036621094,68.60986319469703,normal
70.74667276009754,16.63421630859375,68.60986319469703,normal
75.3525324945912,174.72679138183594,68.60986319469703,normal
74.90439181274681,-44.89677429199219,68.60986319469703,normal
82.83622718344121,208.2769775390625,68.60986319469703,normal
77.8798301759057,-83.13011169433594,68.60986319469703,normal
72.08116923073851,-186.02394104003906,68.60986319469703,normal
70.15202133865859,47.98576354980469,68.60986319469703,normal
62.089534626206174,-216.5966033935547,68.60986319469703,normal
63.079704251442514,98.23402404785156,68.60986319469703,normal
52.181572179615344,-186.6332244873047,68.60986319469703,normal
55.13922771726639,160.69976806640625,68.60986319469703,normal
51.64289146228784,-54.23011779785156,68.60986319469703,normal
54.20409514938984,70.85906982421875,39.925258749606,normal
52.80112097960877,-60.48362731933594,39.925258749606,normal
51.25586327782104,95.09445190429688,36.16588021012631,normal
51.708943289565305,-155.17845153808594,22.91805599669516,normal
50.57286642558346,62.95463562011719,22.91805599669516,normal
49.37141432026845,58.23600769042969,22.91805599669516,normal
51.996062349993174,39.95086669921875,22.91805599669516,normal
3.2000794733975857,0.0,0.0,normal
3.609799357422202,-0.6018447875976562,0.4097198840246161,normal
3.9533620412866304,10.861473083496094,0.4097198840246161,normal
4.561696717561402,-8.976631164550781,0.6083346762747714,normal
5.452894290689367,6.695823669433594,0.8911975731279655,normal
5.962637418834885,-6.7806243896484375,0.8911975731279655,normal
6.099386055399274,9.079971313476562,0.8911975731279655,normal
6.599786686204875,31.16455078125,0.8911975731279655,normal
6.209238412723335,-17.940673828125,0.8911975731279655,normal
6.509320549494067,0.0189971923828125,0.8911975731279655,normal
7.0520963500531115,-6.642036437988281,0.8911975731279655,normal
7.1221921710138885,32.54173278808594,0.8911975731279655,normal
8.457525949036228,32.40028381347656,1.3353337780223393,normal
7.732877378022886,23.29193115234375,1.3353337780223393,normal
7.6111236087518135,34.362945556640625,1.3353337780223393,normal
8.20672831529236,44.41108703613281,1.3353337780223393,normal
9.265813605758323,32.67677307128906,1.3353337780223393,normal
9.571703913124008,45.992774963378906,1.3353337780223393,normal
8.668322790950398,26.505661010742188,1.3353337780223393,normal
8.932820650744596,54.58030700683594,1.3353337780223393,normal
11.317362293262454,66.2845230102539,2.384541642517858,normal
11.581926308700297,85.82164764404297,2.384541642517858,normal
11.394221145695418,38.459014892578125,2.384541642517858,normal
11.341962070406414,55.40130615234375,2.384541642517858,normal
12.348032460918528,145.70228576660156,2.384541642517858,normal
15.238698411892477,104.88716125488281,2.8906659509739487,normal
14.24317928142872,82.49404907226562,2.8906659509739487,normal
16.106984543913022,241.92100524902344,2.8906659509739487,normal
17.23656753354884,79.29840087890625,2.8906659509739487,normal
15.855578140610499,70.2593994140625,2.8906659509739487,normal
11.43747163454237,227.2613525390625,4.4181065060681295,normal
11.84249763627295,63.9990234375,4.4181065060681295,normal
8.365965829630758,248.4363555908203,4.4181065060681295,normal
9.233333293253244,101.45072937011719,4.4181065060681295,normal
7.312322257188798,185.72250366210938,4.4181065060681295,normal
8.25075545449268,182.8136444091797,4.4181065060681295,normal
4.838946548634334,140.32516479492188,4.4181065060681295,normal
7.324520104526002,102.509765625,4.4181065060681295,normal
7.446153314259125,251.30699157714844,4.4181065060681295,normal
10.157575456938611,75.27420043945312,4.4181065060681295,normal
11.075889527421136,-36.32698059082031,4.4181065060681295,normal
18.30485618139592,-5.7529449462890625,7.228966653974783,normal
40.04251005564584,-193.0583953857422,21.737653874249922,normal
35.914636343723515,161.06094360351562,21.737653874249922,normal
44.8833399758777,33.96354675292969,21.737653874249922,normal
51.225042348534785,-58.07762145996094,21.737653874249922,normal
56.38763147188173,90.23094177246094,21.737653874249922,normal
61.868234487373606,-17.260665893554688,21.737653874249922,normal
55.8843985679265,80.08094787597656,21.737653874249922,normal
58.04842108163721,8.326492309570312,21.737653874249922,normal
55.74780301690063,83.33656311035156,21.737653874249922,normal
71.7272329329124,-55.645751953125,21.737653874249922,normal
82.07586901049447,-85.71830749511719,21.737653874249922,normal
61.40653445179164,59.85145568847656,21.737653874249922,normal
63.410929765882905,33.61427307128906,21.737653874249922,normal
50.73549782611194,116.95472717285156,21.737653874249922,normal
44.47729372011274,-5.013427734375,21.737653874249922,normal
29.900659486083295,72.50312805175781,21.737653874249922,normal
44.60508894544989,-52.481231689453125,21.737653874249922,normal
15.91618669532452,48.59458923339844,28.688902250125373,normal
4.9051012211560145,41.53221130371094,28.688902250125373,normal
4.662049160028616,182.50030517578125,28.688902250125373,normal
16.130076889381694,126.03103637695312,28.688902250125373,normal
4.412667011162339,-62.45109558105469,28.688902250125373,normal
1.9457509816632577,29.709320068359375,28.688902250125373,normal
3.15442267482611,62.209625244140625,28.688902250125373,normal
6.534976074605489,161.32461547851562,28.688902250125373,normal
8.865735524609502,38.7725830078125,28.688902250125373,normal
3.745723925561596,64.17022705078125,28.688902250125373,normal
1.6019947583121477,-122.83561706542969,28.688902250125373,normal
3.6893374962408365,-34.65911865234375,28.688902250125373,normal
14.935364630141663,39.399261474609375,28.688902250125373,normal
17.60897962466618,-10.776901245117188,28.688902250125373,normal
28.99831899012221,10.31158447265625,28.688902250125373,normal
60.075056425173464,-47.422027587890625,31.076737435051253,normal
2.5305732975090276,134.27352905273438,57.544483127664435,normal
13.213108835077556,-207.9759979248047,57.544483127664435,normal
37.59265346975814,109.12559509277344,57.544483127664435,normal
39.14289992592789,220.4486846923828,57.544483127664435,normal
33.43199515399229,194.07394409179688,57.544483127664435,normal
39.81406813110544,30.46234130859375,57.544483127664435,normal
18.04858130288502,139.0161895751953,57.544483127664435,normal
3.372277968874219,155.03746032714844,57.544483127664435,normal
16.085831791214105,38.35853576660156,57.544483127664435,normal
49.02103102407555,9.522628784179688,57.544483127664435,normal
47.44621184625366,109.73442077636719,57.544483127664435,normal
55.35103207157295,78.58795166015625,57.544483127664435,normal
0.3933774632533573,102.92198181152344,57.544483127664435,normal
55.83933983511947,87.48046875,57.544483127664435,normal
61.09854058505474,65.44235229492188,57.544483127664435,normal
14.294135921245417,457.37640380859375,57.544483127664435,normal
9.892086855524594,-6.121673583984375,57.544483127664435,normal
1.8484257227929362,179.52186584472656,57.544483127664435,normal
60.22416532800609,-12.1142578125,58.37573960521315,normal
66.66989744268747,-100.78125,58.37573960521315,normal
67.50884746377768,154.05372619628906,58.37573960521315,normal
74.0079514613824,-61.08673095703125,58.37573960521315,normal
63.34222037492168,-74.10026550292969,58.37573960521315,normal
68.94643330666425,-20.568695068359375,58.37573960521315,normal
59.54086561969196,-66.84402465820312,58.37573960521315,normal
68.00566389208795,81.47575378417969,58.37573960521315,normal
73.19947296890793,110.9033203125,58.37573960521315,normal
67.73570219335566,-118.98124694824219,58.37573960521315,normal
76.29915425783427,-63.73786926269531,58.37573960521315,normal
64.65374996951851,46.39640808105469,58.37573960521315,normal
54.93974811454344,-237.71759033203125,58.37573960521315,normal
45.37834522857432,99.803466796875,58.37573960521315,normal
56.76053190268771,45.54039001464844,58.37573960521315,normal
84.62909235108505,12.091827392578125,58.37573960521315,normal
89.56606610462414,55.45143127441406,58.37573960521315,normal
69.89077500982322,-131.4946746826172,58.37573960521315,normal
84.33439384343922,319.2645263671875,58.37573960521315,normal
61.823872442446635,-107.4517822265625,58.37573960521315,normal
48.469730556009544,91.10733032226562,58.37573960521315,normal
23.321997035521687,46.56829833984375,58.37573960521315,normal
17.92831535103819,45.65208435058594,58.37573960521315,normal
21.768657271499894,-268.7956237792969,58.37573960521315,normal
24.66038574894409,-146.82174682617188,58.37573960521315,normal
13.23549491980202,160.76866149902344,58.37573960521315,normal
14.403132026539913,-194.54383850097656,58.37573960521315,normal
16.23506470122552,-102.32528686523438,58.37573960521315,normal
18.951644666355314,-65.95230102539062,58.37573960521315,normal
22.275742747681498,-221.13304138183594,58.37573960521315,normal
26.740528350602727,-197.88002014160156,27.86856044839734,normal
21.581527219565434,-86.65077209472656,27.86856044839734,normal
16.150068680624237,-156.89300537109375,27.86856044839734,normal
33.59814017577275,-297.4214172363281,27.86856044839734,normal
44.507466531017855,-83.70506286621094,27.86856044839734,normal
40.1775739144475,17.896728515625,27.86856044839734,normal
46.08035517960218,-153.6243438720703,27.86856044839734,normal
39.997309623154486,85.93276977539062,27.86856044839734,normal
39.51407112503582,-134.8619842529297,27.86856044839734,normal
41.24783512984494,-2.58636474609375,27.86856044839734,normal
45.958843744412505,-119.54933166503906,27.86856044839734,normal
40.315066970054765,-101.72859191894531,27.86856044839734,normal
88.22936468696716,-168.2219696044922,47.914297716912394,normal
78.32820056955525,-76.06246948242188,47.914297716912394,normal
51.89796624729609,-176.1554718017578,47.914297716912394,normal
48.76090149378354,9.467010498046875,47.914297716912394,normal
28.326873312877424,-122.14622497558594,47.914297716912394,normal
23.348577757113805,-57.589874267578125,47.914297716912394,normal
17.600708076741462,-36.903076171875,47.914297716912394,normal
23.106653734671195,-13.236923217773438,47.914297716912394,normal
29.325121282658277,-66.81015014648438,47.914297716912394,normal
22.249036383811163,-66.02394104003906,47.914297716912394,normal
24.730082971020185,-156.78749084472656,47.914297716912394,normal
27.077539189879754,14.794921875,47.914297716912394,normal
20.161954728871454,-127.07221984863281,47.914297716912394,normal
13.339804252377123,-59.8040771484375,47.914297716912394,normal
9.772818813526255,-62.404632568359375,47.914297716912394,normal
9.128382178462179,0.2606964111328125,47.914297716912394,normal
12.542144140193189,-48.3306884765625,47.914297716912394,normal
8.94248932149971,-7.9776763916015625,47.914297716912394,normal
24.034516950097835,234.65492248535156,47.914297716912394,normal
20.5655408177828,-132.0124053955078,47.914297716912394,normal
23.740072470017793,-5.5519866943359375,47.914297716912394,normal
26.56883458185797,84.45213317871094,47.914297716912394,normal
36.131537147487634,9.149551391601562,47.914297716912394,normal
25.761434544207493,-46.94252014160156,47.914297716912394,normal
33.128796144555295,-119.53445434570312,47.914297716912394,normal
37.82579510751714,-57.668609619140625,47.914297716912394,normal
39.54216968062631,-24.8675537109375,47.914297716912394,normal
38.61462643559874,-43.410186767578125,47.914297716912394,normal
40.492938153358615,-112.1832275390625,47.914297716912394,normal
35.05303217376144,34.516754150390625,47.914297716912394,normal
42.665511274364924,-39.5709228515625,26.43023432225916,normal
40.47228119094624,-9.714889526367188,26.43023432225916,normal
41.085491498111644,-3.776092529296875,20.434028180906118,normal
39.868585650264,-41.91123962402344,20.434028180906118,normal
44.21268735322373,-1.8354034423828125,15.092027628598125,normal
40.9573582537717,-41.466064453125,15.092027628598125,normal
43.74382603340613,29.886245727539062,15.092027628598125,normal
42.34309839644325,-209.0998077392578,15.092027628598125,normal
52.818600769852125,54.17472839355469,15.092027628598125,normal
72.2001382773148,98.70506286621094,19.38153750746268,normal
79.70731652250043,-151.61636352539062,19.38153750746268,normal
64.48732322465695,115.48141479492188,19.38153750746268,normal
53.856687374409276,-83.64921569824219,19.38153750746268,normal
37.6651282884959,-9.541397094726562,19.38153750746268,normal
37.87297302377351,-101.57867431640625,19.38153750746268,normal
21.272808145166817,-144.52354431152344,19.38153750746268,normal
24.865443735570175,-135.21217346191406,19.38153750746268,normal
23.262166035327176,-103.04718017578125,19.38153750746268,normal
19.15573751556709,-86.56929016113281,19.38153750746268,normal
15.577585248898416,-111.84471130371094,19.38153750746268,normal
13.462976228563306,-86.84165954589844,19.38153750746268,normal
12.947722909697514,-108.93470764160156,19.38153750746268,normal
11.47157904503432,-73.35113525390625,19.38153750746268,normal
8.106196499192444,-91.53511047363281,19.38153750746268,normal
8.763252464431224,-88.83636474609375,19.38153750746268,normal
7.837548057468367,-54.868011474609375,19.38153750746268,normal
6.4191893675109535,-27.950477600097656,19.38153750746268,normal
6.306061937232121,-18.863868713378906,19.38153750746268,normal
4.80388549788455,-12.087020874023438,19.38153750746268,normal
4.829089193222201,-2.6671600341796875,19.38153750746268,normal
4.317944678076067,-36.35536193847656,19.38153750746268,normal
3.5788309397538436,-26.98528289794922,19.38153750746268,normal
2.8292267345570403,-36.145591735839844,19.38153750746268,normal
2.709369647413506,-70.5630111694336,19.38153750746268,normal
2.7975857517860003,-74.43809509277344,19.38153750746268,normal
2.637845198469017,-78.14563751220703,19.38153750746268,normal
1.9798813682055403,-77.82978057861328,19.38153750746268,normal
2.5069299558861586,-50.85582733154297,19.38153750746268,normal
1.5951069290474384,-55.48656463623047,19.38153750746268,normal
1.9789100291929484,-58.65943908691406,16.600164878606694,normal
2.1754908325969406,-23.315048217773438,16.600164878606694,normal
1.389915222962957,-6.468544006347656,16.600164878606694,normal
1.2259136717756742,4.109916687011719,16.600164878606694,normal
1.4887954651959627,6.190452575683594,16.600164878606694,normal
1.485925702114598,20.613784790039062,16.600164878606694,normal
1.747241786129884,-17.022628784179688,4.106428519760087,normal
0.47943205546945106,-0.9900283813476562,4.106428519760087,normal
0.31390148407346,-38.145103454589844,4.106428519760087,normal
0.4832745503774294,-53.61328125,3.578152266668674,normal
0.660497450638506,-28.07361602783203,3.365382545841875,normal
0.29019268589820707,-4.842681884765625,3.365382545841875,normal
0.5402496466405119,10.4022216796875,3.365382545841875,normal
1.2410005432321523,-3.1166839599609375,3.365382545841875,normal
2.0895790472519855,11.7462158203125,1.5021764393475712,normal
2.0469952979575856,16.9537353515625,1.5021764393475712,normal
2.341367894465551,-20.725135803222656,1.5021764393475712,normal
2.6854170648884415,-4.3956756591796875,1.5021764393475712,normal
2.9217983573461592,-22.22900390625,1.5021764393475712,normal
3.6575952540131227,-15.903968811035156,1.2678097306604328,normal
4.315064199982341,0.0,0.0,normal
7.528219288717146,37.9888916015625,3.213155088734805,normal
7.423280982984067,-34.116554260253906,3.213155088734805,normal
5.748564647406068,-33.2080078125,3.213155088734805,normal
7.01881221348836,11.230316162109375,3.213155088734805,normal
8.12013304785597,23.362655639648438,3.213155088734805,normal
7.263287615284651,23.864822387695312,3.213155088734805,normal
3.7537828024198587,-50.4510498046875,3.509504812864792,normal
3.932299278217401,22.56134033203125,3.509504812864792,normal
6.1995108455440135,22.990951538085938,3.509504812864792,normal
5.210437476785054,-17.438735961914062,3.509504812864792,normal
7.074115044973777,11.478996276855469,3.509504812864792,normal
7.82399794862776,11.718521118164062,3.509504812864792,normal
3.659518839355282,-40.079498291015625,4.164479109272477,normal
6.329846978498878,1.2237167358398438,4.164479109272477,normal
5.956162668772815,19.44499969482422,4.164479109272477,normal
4.273429526304379,-19.237060546875,4.164479109272477,normal
3.6493130458841123,-11.666908264160156,4.164479109272477,normal
5.326525715539485,0.9442520141601562,4.164479109272477,normal
2.9058126039754453,-33.44306945800781,4.164479109272477,normal
4.0514442027216955,34.44007873535156,4.164479109272477,normal
4.31683539678289,-11.308822631835938,4.164479109272477,normal
4.724044315907624,2.185821533203125,4.164479109272477,normal
5.606875923389958,-16.20288848876953,4.164479109272477,normal
4.411932773049699,42.321510314941406,4.164479109272477,normal
2.9637322079937762,-9.574012756347656,4.164479109272477,normal
4.9119329923147435,28.12488555908203,4.164479109272477,normal
5.228229535772214,22.14672088623047,4.164479109272477,normal
4.252119802898571,16.19213104248047,4.164479109272477,normal
6.143390573437973,49.70054626464844,4.164479109272477,normal
4.808421657196484,-35.49396514892578,4.164479109272477,normal
5.267952187314395,21.609649658203125,4.164479109272477,normal
4.017137411812864,-0.6676483154296875,4.164479109272477,normal
6.254909769140553,-4.259490966796875,4.164479109272477,normal
6.139049188067091,-0.5432510375976562,4.164479109272477,normal
6.965158351089499,-10.832176208496094,4.164479109272477,normal
5.862901299236202,-4.705924987792969,4.164479109272477,normal
6.277739140806241,-30.90923309326172,4.164479109272477,normal
5.314489810583285,19.60784912109375,4.164479109272477,normal
7.237725638761544,-4.843482971191406,4.164479109272477,normal
6.916358148922807,21.850433349609375,4.164479109272477,normal
6.922761498229567,4.692420959472656,4.164479109272477,normal
5.524090610110741,3.6102676391601562,4.164479109272477,normal
7.300873841236237,18.907241821289062,2.6703281391435962,normal
6.994869885694526,-1.593475341796875,2.4207131115640395,normal
7.270137557446342,30.550003051757812,2.4207131115640395,normal
6.100053213070924,34.42108154296875,2.4207131115640395,normal
5.616276990945508,16.782073974609375,2.4207131115640395,normal
5.2046182430659185,20.191383361816406,2.4207131115640395,normal
5.5276690276112594,18.27129364013672,2.237772357327689,normal
2.6402355628071112,9.403953552246094,2.887433464804148,normal
3.8318672549782438,16.775665283203125,2.887433464804148,normal
2.153083794145324,-14.342308044433594,2.887433464804148,normal
1.9718639864794558,41.79405212402344,2.887433464804148,normal
2.2070056778213254,6.648216247558594,2.887433464804148,normal
2.028541742072575,-22.00092315673828,2.887433464804148,normal
1.5101110921360097,44.88258361816406,2.887433464804148,normal
0.8330534623330422,-17.88299560546875,2.887433464804148,normal
1.0406284273861601,18.485641479492188,2.887433464804148,normal
0.4413942687428342,-18.95336151123047,2.887433464804148,normal
0.9497357264092983,22.197189331054688,2.887433464804148,normal
0.9163692444461449,25.054893493652344,2.887433464804148,normal
1.2265812540191459,14.402847290039062,2.887433464804148,normal
1.953736110070763,26.16748809814453,2.887433464804148,normal
2.3686194539127934,29.619140625,2.887433464804148,normal
2.042196841136372,25.939979553222656,2.887433464804148,normal
2.491046909735261,-21.660003662109375,2.887433464804148,normal
3.276431892020957,59.94770050048828,2.887433464804148,normal
3.9688704057478774,-43.40606689453125,2.887433464804148,normal
4.407580231832544,-6.201896667480469,2.887433464804148,normal
4.2428977884314225,-9.111671447753906,2.887433464804148,normal
4.499570521684203,-26.773223876953125,2.887433464804148,normal
4.6867636460559305,7.569465637207031,2.887433464804148,normal
5.269307416121849,5.5902099609375,2.887433464804148,normal
5.45390033111658,-0.47710418701171875,2.887433464804148,normal
6.007264376432338,-3.6116409301757812,2.887433464804148,normal
6.038898482684936,-3.0472183227539062,2.887433464804148,normal
6.633673378443079,16.41826629638672,2.887433464804148,normal
6.206927974473448,31.05571746826172,2.887433464804148,normal
6.671105079997005,-9.240989685058594,2.887433464804148,normal
6.4503624235664505,52.77843475341797,1.67878346083292,normal
5.45961623859254,9.388389587402344,1.67878346083292,normal
4.743651728367446,32.25494384765625,0.9907461849739105,normal
4.811839134083574,14.074974060058594,0.9907461849739105,normal
4.475122401663625,56.78123474121094,0.9907461849739105,normal
4.24892002450952,10.244064331054688,0.9907461849739105,normal
2.768919188601965,56.190032958984375,1.4800008359075547,normal
2.3159239206790647,34.647789001464844,1.4800008359075547,normal
3.047939593038035,-36.485939025878906,1.4800008359075547,normal
3.3393231399114693,-1.8998336791992188,1.4800008359075547,normal
3.8728441486280905,-30.583534240722656,1.4800008359075547,normal
3.4707534613647377,-20.77251434326172,1.4800008359075547,normal
3.7786993761694387,47.69886016845703,1.4800008359075547,normal
3.616517213226438,2.178497314453125,1.4800008359075547,normal
3.2530418836289834,16.472511291503906,1.4800008359075547,normal
3.467772299450558,-13.821601867675781,1.4800008359075547,normal
3.561087777521606,-3.4049606323242188,1.4800008359075547,normal
3.5086498768326475,0.35373687744140625,1.4800008359075547,normal
2.1380769805077895,3.2773590087890625,1.4800008359075547,normal
2.118348897738614,-23.636398315429688,1.4800008359075547,normal
2.1032154128072067,104.05620574951172,1.4800008359075547,normal
2.4731191020100756,20.772743225097656,1.4800008359075547,normal
2.2529047850175297,4.548797607421875,1.4800008359075547,normal
3.102147911137855,6.656341552734375,1.4800008359075547,normal
3.6297285536834965,33.722991943359375,1.4800008359075547,normal
4.045751808603233,19.28924560546875,1.4800008359075547,normal
4.956683219197991,27.442245483398438,1.4800008359075547,normal
5.54334581457341,4.426918029785156,1.4800008359075547,normal
5.806158062644662,-26.672515869140625,1.4800008359075547,normal
5.88580759206988,23.331298828125,1.4800008359075547,normal
5.898001088683687,16.42913818359375,1.4800008359075547,normal
5.729675530699224,-0.20931243896484375,1.4800008359075547,normal
6.11438496787075,-2.9798126220703125,1.4800008359075547,normal
5.657092631325081,-8.381538391113281,1.4800008359075547,normal
5.573104525528001,-11.942138671875,1.4800008359075547,normal
5.582171364799838,10.447883605957031,1.4800008359075547,normal
5.938006400514333,79.26372528076172,1.370572896324858,normal
5.20882501064043,42.880096435546875,1.370572896324858,normal
3.6641748753671965,50.176963806152344,1.5446501352732334,normal
2.758413296438938,-24.91344451904297,1.5446501352732334,normal
2.772292080481523,-7.414970397949219,1.5446501352732334,normal
1.9868904976186055,50.35285949707031,1.5446501352732334,normal
2.377989872426707,41.16748809814453,1.5446501352732334,normal
2.171198821383498,5.266685485839844,1.5446501352732334,normal
2.8602230762129506,17.1771240234375,1.5446501352732334,normal
1.4694042112690957,30.85247039794922,1.5446501352732334,normal
1.5118268382425495,-80.69446563720703,1.5446501352732334,normal
0.6652845626829083,-8.434524536132812,1.5446501352732334,normal
0.10902834478027831,7.259674072265625,1.5446501352732334,normal
0.5909949778563706,-15.068206787109375,1.5446501352732334,normal
0.6271532980781701,-9.772453308105469,1.5446501352732334,normal
0.4123478783961877,-14.275932312011719,1.5446501352732334,normal
0.22260010251003834,0.5394744873046875,1.5446501352732334,normal
0.09579052348275814,-4.743804931640625,1.5446501352732334,normal
0.051836859373637315,25.973281860351562,1.5446501352732334,normal
0.6640577496576737,18.715438842773438,1.5446501352732334,normal
0.8189346477646146,30.696029663085938,1.5446501352732334,normal
1.2557463220289797,24.27509307861328,1.5446501352732334,normal
1.4250272891681295,48.25950622558594,1.5446501352732334,normal
1.841713726657576,38.465538024902344,1.5446501352732334,normal
1.4594636482205499,-4.6479034423828125,1.5446501352732334,normal
1.999410814909068,-1.837005615234375,1.5446501352732334,normal
2.493767833751114,33.34064483642578,1.5446501352732334,normal
2.0861636603837193,-6.3562774658203125,1.5446501352732334,normal
2.530826925386181,43.81553649902344,1.5446501352732334,normal
2.9758064165067504,14.751777648925781,1.5446501352732334,normal
3.8720441017696086,11.406211853027344,1.5446501352732334,normal
3.1067669541224743,2.9769515991210938,1.5446501352732334,normal
2.771614335034311,8.1280517578125,1.3908188649438549,normal
2.060257917773058,-16.519775390625,1.3908188649438549,normal
1.9192963794769462,9.03076171875,1.3908188649438549,normal
2.139810463075679,11.553382873535156,1.3908188649438549,normal
2.383115424286417,24.154586791992188,1.3908188649438549,normal
1.946997029539082,8.010292053222656,1.3908188649438549,normal
1.9123239495363007,42.03025817871094,1.3908188649438549,normal
2.667996270729321,33.71406555175781,0.8962376852628582,normal
2.7076121643193725,39.54803466796875,0.8962376852628582,normal
3.1791228111337713,64.29691314697266,0.8962376852628582,normal
2.718561848575751,27.784423828125,0.8962376852628582,normal
2.777245435214218,26.959762573242188,0.8962376852628582,normal
3.1644423688912933,40.51277160644531,0.8962376852628582,normal
5.15201766649183,43.39313507080078,1.9875752976005363,normal
5.450396228472093,56.00807189941406,1.9875752976005363,normal
5.360106977436399,15.359687805175781,1.9875752976005363,normal
6.363933471101501,71.1507797241211,1.9875752976005363,normal
6.977863248237471,37.10426330566406,1.9875752976005363,normal
8.091516939501364,38.03009033203125,1.9875752976005363,normal
8.750689534493338,50.27423858642578,1.9875752976005363,normal
9.763041992426913,32.738685607910156,1.9875752976005363,normal
9.250092873273754,32.47650146484375,1.9875752976005363,normal
9.488921816295282,51.415557861328125,1.9875752976005363,normal
9.747635096563185,60.52013397216797,1.9875752976005363,normal
9.930969458458733,45.36334991455078,1.9875752976005363,normal
11.17921058185024,72.93743133544922,1.9875752976005363,normal
10.956972195524255,108.07319641113281,1.9875752976005363,normal
12.16989049282666,93.7173843383789,1.9875752976005363,normal
12.346299303265484,95.009765625,1.9875752976005363,normal
13.882345568614356,25.35015106201172,1.9875752976005363,normal
14.24139297594703,101.28582000732422,1.9875752976005363,normal
15.325788572711168,143.63502502441406,1.9875752976005363,normal
12.981039258982602,118.96167755126953,2.344749313728567,normal
13.369830170299581,123.0758285522461,2.344749313728567,normal
14.559100659524715,56.964683532714844,2.344749313728567,normal
15.49566449203188,76.13605499267578,2.344749313728567,normal
13.210030379493455,97.6156997680664,2.344749313728567,normal
12.346185318678105,128.16959381103516,2.344749313728567,normal
11.062719953864576,98.76113891601562,2.344749313728567,normal
8.059822256426399,82.57667541503906,3.0028976974381774,normal
8.524995566975974,127.21275329589844,3.0028976974381774,normal
4.78880355379248,98.21914672851562,3.7361920131834943,normal
5.743651949091257,77.07595825195312,3.7361920131834943,normal
5.3233655014980865,4.6318817138671875,3.7361920131834943,normal
7.280271173915418,-17.216262817382812,3.7361920131834943,normal
7.604598036390313,-24.673690795898438,3.7361920131834943,normal
5.975540203465528,-28.953781127929688,3.7361920131834943,normal
5.252815302502163,-33.02593231201172,3.7361920131834943,normal
4.393433669362838,32.42328643798828,3.7361920131834943,normal
5.217659455374401,-3.0506515502929688,3.7361920131834943,normal
5.33009197470144,10.27862548828125,3.7361920131834943,normal
6.584484179663221,15.475616455078125,3.7361920131834943,normal
5.9002876620182425,20.586891174316406,3.7361920131834943,normal
7.0721549462655044,31.029281616210938,3.7361920131834943,normal
7.822619685529435,8.784942626953125,3.7361920131834943,normal
7.656915525531504,2.376251220703125,3.7361920131834943,normal
5.352530806106761,-50.5426025390625,3.7361920131834943,normal
7.925469909537357,24.888153076171875,3.7361920131834943,normal
5.941553902830124,5.5359649658203125,3.7361920131834943,normal
6.6607093497998475,71.1895751953125,3.7361920131834943,normal
6.151292312588768,-5.0392913818359375,3.7361920131834943,normal
8.585430989595805,146.98471069335938,3.7361920131834943,normal
9.71142401050064,-36.29493713378906,3.7361920131834943,normal
10.555240316045168,-33.951873779296875,3.7361920131834943,normal
9.62366760331663,44.82078552246094,3.7361920131834943,normal
8.723888459344165,-9.031906127929688,3.7361920131834943,normal
7.894670095317077,87.65419006347656,3.7361920131834943,normal
4.863873016006674,-65.96717834472656,3.7361920131834943,normal
3.808553277167789,20.783615112304688,3.7361920131834943,normal
4.589141924043603,16.708145141601562,3.7361920131834943,normal
4.073092547007303,-12.380447387695312,3.7361920131834943,normal
1.2226550448925193,-62.22633361816406,3.0307970793104033,normal
1.1361209169268658,-48.903350830078125,3.0307970793104033,normal
2.273962559963971,74.96543884277344,3.0307970793104033,normal
1.337146159810124,18.04595947265625,3.0307970793104033,normal
0.11962733172427628,-59.16526794433594,3.0307970793104033,normal
1.6088315883140896,59.54498291015625,3.0307970793104033,normal
1.373953308476967,61.160430908203125,3.0307970793104033,normal
2.910439140402325,50.38352966308594,3.0307970793104033,normal
0.4950307808229012,-102.35755920410156,3.0307970793104033,normal
14.41915547721663,12.668838500976562,13.92412469639373,normal
10.529831687459989,133.68667602539062,13.92412469639373,normal
15.092651775446786,-87.39944458007812,13.92412469639373,normal
5.493972663094927,-68.28231811523438,13.92412469639373,normal
16.26957905381762,-25.154571533203125,13.92412469639373,normal
0.9671469129211198,19.67376708984375,15.3024321408965,normal
10.962712422289265,30.481796264648438,15.3024321408965,normal
10.41677909631892,192.20420837402344,15.3024321408965,normal
17.609565951784262,-188.2550811767578,15.3024321408965,normal
3.1283925908157926,58.79150390625,15.3024321408965,normal
1.4723739221412322,-58.46717834472656,15.3024321408965,normal
3.7678852100020266,100.12138366699219,15.3024321408965,normal
0.2986381222062655,-77.9498291015625,15.3024321408965,normal
7.450599242317104,25.810775756835938,15.3024321408965,normal
6.710831185609967,-4.696197509765625,15.3024321408965,normal
8.87817337105238,61.85142517089844,15.3024321408965,normal
4.061602811988266,-44.57679748535156,15.3024321408965,normal
4.730842423008436,94.23179626464844,15.3024321408965,normal
7.162936670194193,-15.046234130859375,15.3024321408965,normal
1.3974068888062936,18.068618774414062,15.3024321408965,normal
10.90087548804095,-39.98634338378906,15.3024321408965,normal
2.6221702229573616,-6.5313720703125,15.3024321408965,normal
13.910894437123611,27.119064331054688,15.3024321408965,normal
8.807809975829862,49.42497253417969,15.3024321408965,normal
10.384330863611659,-61.835174560546875,15.3024321408965,normal
35.48005120294197,33.35609436035156,25.095720339330313,normal
24.473567030175662,41.23077392578125,25.095720339330313,normal
24.918176248148004,-65.56022644042969,25.095720339330313,normal
11.550890137011262,-1.8798065185546875,25.095720339330313,normal
6.519912465630926,-33.665313720703125,25.095720339330313,normal
10.482023622055141,41.45347595214844,25.095720339330313,normal
7.938167948390498,7.2747802734375,25.095720339330313,normal
5.426159338050835,-14.981002807617188,25.095720339330313,normal
15.9424603775757,27.109909057617188,25.095720339330313,normal
20.84866196204339,27.345428466796875,25.095720339330313,normal
23.332083981133326,-161.47613525390625,25.095720339330313,normal
12.65889035558045,94.74288940429688,25.095720339330313,normal
1.9167997610213274,0.0986480712890625,25.095720339330313,normal
5.63831143517303,-67.88475036621094,25.095720339330313,normal
13.59381831905235,96.76002502441406,25.095720339330313,normal
4.203864738282646,-53.710784912109375,25.095720339330313,normal
3.687534738050176,32.641754150390625,25.095720339330313,normal
3.9550208322581306,-135.0135040283203,25.095720339330313,normal
7.272853525487824,-12.675247192382812,25.095720339330313,normal
0.39802858422369836,-20.54718017578125,25.095720339330313,normal
2.589506556788382,15.9210205078125,25.095720339330313,normal
7.752774672616971,-19.068145751953125,25.095720339330313,normal
1.7770254296539134,66.41372680664062,25.095720339330313,normal
1.4765059988785312,58.195037841796875,25.095720339330313,normal
9.90934408816022,-4.7275543212890625,25.095720339330313,normal
8.509144039231586,-56.906890869140625,25.095720339330313,normal
9.897498688175727,41.462860107421875,25.095720339330313,normal
3.5250163456247834,196.7076873779297,25.095720339330313,normal
1.2314206098483276,0.0,0.0,normal
5.4536251410733145,-40.667724609375,4.222204531224987,normal
4.940266242088935,-14.346427917480469,4.222204531224987,normal
6.1979412322156735,-35.538368225097656,4.222204531224987,normal
6.296902549418969,-60.79719543457031,4.222204531224987,normal
6.1004965730532525,52.17876434326172,4.222204531224987,normal
7.601406024095347,50.730743408203125,4.222204531224987,normal
5.464676609102378,-29.83428955078125,4.222204531224987,normal
4.266236676951704,-9.687881469726562,4.222204531224987,normal
3.236590224013731,47.84477233886719,4.222204531224987,normal
4.909751296127375,-24.32636260986328,4.222204531224987,normal
5.453468973734206,-34.57202911376953,4.222204531224987,normal
4.915213678067896,27.828712463378906,4.222204531224987,normal
7.318459144657947,-13.414649963378906,4.222204531224987,normal
4.958104058654934,47.278404235839844,4.222204531224987,normal
7.22145626979386,-29.184722900390625,4.222204531224987,normal
7.717800640875032,-21.62120819091797,4.222204531224987,normal
3.159795699097177,-28.552207946777344,4.558004941777854,normal
4.753707991700486,15.178871154785156,4.558004941777854,normal
3.1429235312795916,-47.814788818359375,4.558004941777854,normal
4.387524331175428,28.619041442871094,4.558004941777854,normal
4.425665327609304,-27.98046112060547,4.558004941777854,normal
4.275475542609787,42.03266143798828,4.558004941777854,normal
3.9779938269141746,0.33416748046875,4.558004941777854,normal
4.450403763925769,21.275482177734375,4.558004941777854,normal
4.311896544168353,-23.64246368408203,4.558004941777854,normal
3.974882038729493,28.189773559570312,4.558004941777854,normal
4.118688673743667,-7.762184143066406,4.558004941777854,normal
4.61439533121108,26.371192932128906,4.558004941777854,normal
4.490174058939214,43.572235107421875,4.558004941777854,normal
5.236026348245713,-9.503402709960938,4.558004941777854,normal
6.892417630354119,-1.0692214965820312,4.558004941777854,normal
6.379922891317688,-17.87670135498047,4.558004941777854,normal
7.257161385732456,0.136871337890625,4.558004941777854,normal
6.088266590008131,32.76832580566406,4.558004941777854,normal
9.56116831642298,-25.796241760253906,4.558004941777854,normal
7.9559935567414835,45.100250244140625,4.558004941777854,normal
7.714553029759773,-29.419212341308594,4.558004941777854,normal
7.5083931520987806,31.248550415039062,4.558004941777854,normal
9.192662529295102,-10.839157104492188,4.558004941777854,normal
7.8142415383528485,1.98760986328125,4.558004941777854,normal
7.789126119701988,20.96477508544922,4.558004941777854,normal
6.900568699940817,-24.62230682373047,4.558004941777854,normal
7.298567034462441,26.37256622314453,4.558004941777854,normal
6.633976770493323,57.1453857421875,4.558004941777854,normal
6.335895954668623,0.0029754638671875,4.558004941777854,normal
5.1031631548894385,5.635871887207031,4.558004941777854,normal
4.741234617475453,25.00579833984375,3.4729017264148494,normal
3.941254787814791,20.46764373779297,3.4729017264148494,normal
4.608118144986225,15.73150634765625,3.4729017264148494,normal
2.800582070921934,-14.231529235839844,3.4729017264148494,normal
3.126242390735977,-4.372444152832031,3.4729017264148494,normal
1.3734647091929675,10.282974243164062,3.4729017264148494,normal
2.0814253316156157,2.1223068237304688,3.4729017264148494,normal
1.4519389763201198,-14.380645751953125,3.4729017264148494,normal
1.83909351186162,18.416290283203125,3.4729017264148494,normal
1.3466237135657761,9.231605529785156,3.4729017264148494,normal
0.8753035117543977,0.8846282958984375,3.4729017264148494,normal
0.929396937552543,13.634376525878906,3.4729017264148494,normal
1.087290378164617,13.580818176269531,3.4729017264148494,normal
1.0218217041329885,13.11126708984375,3.4729017264148494,normal
1.5379507348531247,18.724937438964844,3.4729017264148494,normal
1.6047833914002216,37.32227325439453,3.4729017264148494,normal
2.556450172297485,41.985740661621094,3.4729017264148494,normal
3.0638219801321753,4.06494140625,3.4729017264148494,normal
3.3807546959118966,37.341957092285156,1.807536074064291,normal
4.605892430671972,9.338722229003906,1.807536074064291,normal
4.893665073801249,12.135887145996094,1.807536074064291,normal
4.535975772741133,-26.453018188476562,1.807536074064291,normal
4.93867011410871,5.5263519287109375,1.807536074064291,normal
4.429081104042633,11.125030517578125,1.807536074064291,normal
4.5494255782489414,0.7961654663085938,1.807536074064291,normal
5.521833484933396,-7.655982971191406,1.807536074064291,normal
5.494492827156724,9.373054504394531,1.807536074064291,normal
4.749768169735267,8.289299011230469,1.807536074064291,normal
5.083804977401164,-14.956855773925781,1.807536074064291,normal
5.526745316438708,19.959869384765625,1.807536074064291,normal
5.3501100319734585,47.47398376464844,1.807536074064291,normal
5.165952534643151,5.47210693359375,1.807536074064291,normal
4.806987328096334,28.503570556640625,1.807536074064291,normal
3.8804509379399827,53.29261779785156,1.7527776815430094,normal
3.1840168979470485,41.87713623046875,1.7527776815430094,normal
3.150542237669534,37.66834259033203,1.2251377347600751,normal
2.9738746786764323,1.8161773681640625,1.2251377347600751,normal
1.880309247234232,8.616485595703125,1.2251377347600751,normal
2.7454256085312614,18.883323669433594,1.2251377347600751,normal
2.046919961820466,4.401397705078125,1.2251377347600751,normal
2.537718003575774,19.22229766845703,1.2251377347600751,normal
2.6771288160120705,28.13518524169922,1.2251377347600751,normal
3.01200780808356,-25.573654174804688,1.2251377347600751,normal
2.5477216502714417,18.953475952148438,1.2251377347600751,normal
1.5853674360310048,-9.940681457519531,1.2251377347600751,normal
1.8812903347036003,-11.674690246582031,1.2251377347600751,normal
1.173754976577196,29.67315673828125,1.2251377347600751,normal
2.6529662181548304,-25.230789184570312,1.4792112415776344,normal
2.116042045889448,60.9539794921875,1.4792112415776344,normal
2.5674593620259563,48.01780700683594,1.4792112415776344,normal
1.8936635300108646,49.33250427246094,1.4792112415776344,normal
2.5115296200851747,25.760879516601562,1.4792112415776344,normal
2.8607084929832305,54.94834899902344,1.4792112415776344,normal
3.0885834676588417,11.932182312011719,1.4792112415776344,normal
3.4220051865285246,25.87474822998047,1.4792112415776344,normal
3.863081484474864,-9.931526184082031,1.4792112415776344,normal
3.4492610068373084,-18.28685760498047,1.4792112415776344,normal
4.206213160234887,-2.6131439208984375,1.4792112415776344,normal
3.725322465732624,12.337989807128906,1.4792112415776344,normal
3.379815589366143,13.053359985351562,1.4792112415776344,normal
4.607338847916981,30.88703155517578,1.4792112415776344,normal
4.981844852173531,-12.307090759277344,1.4792112415776344,normal
5.022760355993786,6.1013031005859375,1.4792112415776344,normal
5.025727144462141,-35.57487487792969,1.4792112415776344,normal
4.493225735160835,-17.471923828125,1.4792112415776344,normal
4.793260998193904,-0.5624771118164062,1.4792112415776344,normal
4.93347980498013,106.87889099121094,1.4792112415776344,normal
4.1004818208034015,55.927162170410156,1.4792112415776344,normal
3.4930172543849105,0.960845947265625,1.4792112415776344,normal
3.7999563274990718,46.04804992675781,1.4792112415776344,normal
3.4624504130391918,4.7298431396484375,1.4792112415776344,normal
2.7202845633051393,67.72235870361328,1.4792112415776344,normal
2.2937327831115275,7.863006591796875,1.4792112415776344,normal
1.7250851846872466,42.58380889892578,1.4792112415776344,normal
2.2795685976889755,17.11658477783203,1.4792112415776344,normal
2.468955900112482,-24.703445434570312,1.4792112415776344,normal
2.588844186432729,1.4123153686523438,1.4792112415776344,normal
1.71049373489822,17.832069396972656,1.2275232585508378,normal
1.4396439102941916,22.57415771484375,1.2275232585508378,normal
1.5141420271633856,30.00732421875,1.2275232585508378,normal
1.646864853354779,-9.539680480957031,1.2275232585508378,normal
2.160532020833542,-13.125457763671875,1.2275232585508378,normal
2.0044940006875764,6.9378662109375,1.2275232585508378,normal
1.741236347904494,36.547508239746094,1.2275232585508378,normal
1.9193882593466534,25.706863403320312,1.2275232585508378,normal
1.8967397936820867,53.015785217285156,1.2275232585508378,normal
1.9322039561201667,57.13897705078125,1.2275232585508378,normal
2.698295272078272,-9.167289733886719,1.2275232585508378,normal
3.233975683185783,99.7829818725586,1.2275232585508378,normal
3.88572303260112,40.293731689453125,1.2275232585508378,normal
4.1196027044679,59.360389709472656,0.8783504515345091,normal
3.9468495155992223,76.12152099609375,0.8783504515345091,normal
4.0225142431328695,-54.40807342529297,0.8783504515345091,normal
4.70022928354185,-16.33838653564453,0.8783504515345091,normal
5.0096705471787635,0.5962371826171875,0.8783504515345091,normal
5.387643608410942,-2.116241455078125,0.8783504515345091,normal
5.938108216028709,-6.862335205078125,0.8783504515345091,normal
6.108691836482204,-49.80857849121094,0.8783504515345091,normal
5.896892757991106,76.5069580078125,0.8783504515345091,normal
5.155615127426504,8.04107666015625,0.8783504515345091,normal
4.746806578241531,-50.645599365234375,0.8783504515345091,normal
4.788940505781623,26.022377014160156,0.8783504515345091,normal
3.7748919242484424,49.080848693847656,1.0140485815331806,normal
3.2774353178500197,-62.064056396484375,1.0140485815331806,normal
4.092905234626494,132.97325134277344,1.0140485815331806,normal
3.640409623091882,-60.47985076904297,1.0140485815331806,normal
4.566704152223621,106.31389617919922,1.0140485815331806,normal
5.316514313840405,-21.3372802734375,1.0140485815331806,normal
4.336229117607522,123.13865661621094,1.0140485815331806,normal
4.8030221412696275,21.74652099609375,1.0140485815331806,normal
4.856655883901124,93.01265716552734,1.0140485815331806,normal
6.117352908239306,-28.795623779296875,1.2606970243381825,normal
7.290347505671059,1.0873031616210938,1.2606970243381825,normal
6.925248635946247,43.638954162597656,1.2606970243381825,normal
7.097618002732108,-16.638107299804688,1.2606970243381825,normal
8.329438920350507,18.17230224609375,1.2606970243381825,normal
8.061388230024454,67.58983612060547,1.2606970243381825,normal
9.538048944511692,-32.752532958984375,1.4766607144872381,normal
11.51150117477391,40.57262420654297,1.9734522302622182,normal
13.465538071944152,0.6891632080078125,1.9734522302622182,normal
13.996617335325274,18.162918090820312,1.9734522302622182,normal
15.7945810803063,4.620780944824219,1.9734522302622182,normal
17.4153398303877,-14.034576416015625,1.9734522302622182,normal
19.341103018987145,-7.349853515625,1.9734522302622182,normal
20.69885091652458,-4.2217254638671875,1.9734522302622182,normal
22.510541441747982,16.441612243652344,1.9734522302622182,normal
23.62322180561059,2.7611160278320312,1.9734522302622182,normal
26.231454760083007,-6.691703796386719,2.6082329544724168,normal
25.43419476767947,53.720054626464844,2.6082329544724168,normal
25.405699571710443,69.35623168945312,2.6082329544724168,normal
26.188015462925897,28.515243530273438,2.6082329544724168,normal
27.753364982722236,51.01604461669922,2.6082329544724168,normal
26.861337900288785,65.19767761230469,2.6082329544724168,normal
26.566534426174332,39.623565673828125,2.6082329544724168,normal
26.751498616830013,59.719390869140625,2.6082329544724168,normal
27.428707962928975,68.45272064208984,2.6082329544724168,normal
28.342064287229885,75.67028045654297,2.6082329544724168,normal
28.60996203723592,62.21385955810547,2.6082329544724168,normal
29.930675523773026,87.99030303955078,2.6082329544724168,normal
29.26552249631468,54.47376251220703,2.6082329544724168,normal
29.197156784613615,102.13577270507812,2.6082329544724168,normal
28.59219664185054,128.38130950927734,2.6082329544724168,normal
22.2028529787074,152.16876983642578,6.389343663143137,normal
24.314639602524714,97.96245574951172,6.389343663143137,normal
23.2877504404574,43.723297119140625,6.389343663143137,normal
19.24189940165166,123.15982818603516,6.389343663143137,normal
17.832754282283453,155.32081604003906,6.389343663143137,normal
16.10433073734832,109.64698791503906,6.389343663143137,normal
14.88373309248683,146.37062072753906,6.389343663143137,normal
11.008220529214851,112.82157897949219,6.389343663143137,normal
9.844938480627958,82.14546203613281,6.389343663143137,normal
6.966641207509272,99.19166564941406,6.389343663143137,normal
5.418302286195792,63.90129089355469,6.389343663143137,normal
6.719216770185913,11.449127197265625,6.389343663143137,normal
3.2422013501285396,-69.25689697265625,6.389343663143137,normal
3.575798074447198,-29.043960571289062,6.389343663143137,normal
3.617112900537158,17.275772094726562,6.389343663143137,normal
3.0829759301683137,-30.85601806640625,6.389343663143137,normal
2.5498513315104416,-47.29957580566406,6.389343663143137,normal
1.1667498171288817,-10.576400756835938,6.389343663143137,normal
1.358453184962094,2.09747314453125,6.389343663143137,normal
1.7542973121871004,-1.0585784912109375,6.389343663143137,normal
2.250457336666363,30.773849487304688,6.389343663143137,normal
2.9674563072832774,-39.51896667480469,6.389343663143137,normal
3.5023987663149936,21.503219604492188,6.389343663143137,normal
3.67349462798414,19.745407104492188,6.389343663143137,normal
3.715858332475315,18.104324340820312,6.389343663143137,normal
4.684112498966023,-8.663406372070312,6.389343663143137,normal
4.472251840169634,-14.095687866210938,6.389343663143137,normal
4.479466557644273,-2.69989013671875,6.389343663143137,normal
5.1002014677762695,-12.867965698242188,6.389343663143137,normal
6.870114458517115,24.58099365234375,6.389343663143137,normal
7.513997282927218,-28.033447265625,4.04585103880574,normal
6.812506197642375,26.099853515625,4.04585103880574,normal
7.7501114003453075,-19.574432373046875,4.04585103880574,normal
9.774505459526672,-59.98283386230469,3.875512563271979,normal
10.329897436024202,-12.292556762695312,3.875512563271979,normal
11.568617613796155,6.1397552490234375,3.875512563271979,normal
12.965543937565641,9.155502319335938,3.875512563271979,normal
15.050081335735578,15.922164916992188,3.477015420057373,normal
16.439585976560245,49.14642333984375,3.477015420057373,normal
17.413484643749143,4.7243499755859375,3.477015420057373,normal
17.716814775498925,35.69664001464844,3.477015420057373,normal
18.162848324525473,134.31106567382812,3.477015420057373,normal
19.055242562265658,-21.118927001953125,2.084537398169937,normal
20.253110286433486,-3.4130859375,2.084537398169937,normal
20.270721948471817,49.01344299316406,2.084537398169937,normal
19.413904359297646,-69.34181213378906,2.084537398169937,normal
24.692968464959563,56.48277282714844,5.2790641056619165,normal
17.522268309932144,154.727783203125,7.1707001550274185,normal
5.255747750889809,30.393447875976562,12.266520559042334,normal
1.2082642506760692,306.0630798339844,12.266520559042334,normal
26.413317734514298,-222.9096221923828,25.205053483838228,normal
88.43324719138599,-605.2745819091797,62.019929456871694,normal
68.4369625354598,280.8302307128906,62.019929456871694,normal
48.45459229539386,-147.11837768554688,62.019929456871694,normal
22.659692000843147,-160.20309448242188,62.019929456871694,normal
49.561274820290905,-189.678955078125,62.019929456871694,normal
31.453733418720685,205.6688690185547,62.019929456871694,normal
39.84336892969833,-63.1842041015625,62.019929456871694,normal
26.93110611033369,190.26535034179688,62.019929456871694,normal
24.392825558936753,50.692291259765625,62.019929456871694,normal
27.2652267990792,-14.837722778320312,62.019929456871694,normal
41.99205492362184,-6.740570068359375,62.019929456871694,normal
32.7055935789697,54.31022644042969,62.019929456871694,normal
27.43394375618525,-43.65211486816406,62.019929456871694,normal
34.39468749558147,68.03787231445312,62.019929456871694,normal
27.19979182709313,-39.85565185546875,62.019929456871694,normal
32.647283702819514,-40.1055908203125,62.019929456871694,normal
28.53114821577415,7.2882843017578125,62.019929456871694,normal
31.015857821901598,45.25199890136719,62.019929456871694,normal
33.701532059855126,69.71443176269531,62.019929456871694,normal
26.421173252375127,-118.8592529296875,62.019929456871694,normal
28.67454852578805,19.162445068359375,62.019929456871694,normal
27.956778308546014,136.9896697998047,62.019929456871694,normal
29.388439310284816,-124.89738464355469,62.019929456871694,normal
27.576625163948766,19.531402587890625,62.019929456871694,normal
24.19368821574056,50.172271728515625,62.019929456871694,normal
28.737507904671595,-42.71736145019531,62.019929456871694,normal
31.158210569944526,-99.78378295898438,62.019929456871694,normal
30.49782620714298,91.11167907714844,62.019929456871694,normal
34.94768962031288,-3.8129425048828125,62.019929456871694,normal
25.18597004470115,66.70829772949219,62.019929456871694,normal
23.450106793530654,-56.85264587402344,26.901582819447757,normal
26.65344524896697,-22.702560424804688,26.901582819447757,normal
28.712374279463965,34.90882873535156,26.901582819447757,normal
32.63850547600429,5.020751953125,26.901582819447757,normal
26.26217548426048,9.282760620117188,18.10754140157022,normal
34.37036926283482,0.8351898193359375,14.726828124542642,normal
28.008580343363572,8.869171142578125,14.726828124542642,normal
25.612855200969044,9.978103637695312,14.726828124542642,normal
26.80070906711946,-102.48619079589844,14.726828124542642,normal
28.256275600022306,17.973175048828125,14.726828124542642,normal
28.7412202693016,150.78872680664062,9.761719575611728,normal
30.002630118365037,-211.01303100585938,9.761719575611728,normal
28.257324928292586,67.72178649902344,9.761719575611728,normal
28.748767747670048,25.835494995117188,9.761719575611728,normal
23.03450470410324,-44.95124816894531,9.761719575611728,normal
26.0870171409131,71.10191345214844,9.761719575611728,normal
27.355985904931124,-96.47048950195312,9.761719575611728,normal
30.1977321671404,-50.44075012207031,9.761719575611728,normal
37.02124403402575,133.07418823242188,9.761719575611728,normal
29.032605179531767,-42.882843017578125,9.761719575611728,normal
33.07938739832856,-2.533721923828125,9.761719575611728,normal
32.06334894784859,26.8780517578125,9.761719575611728,normal
29.54338456877345,-47.68913269042969,9.761719575611728,normal
27.354433782870803,-48.64013671875,9.761719575611728,normal
30.65819245937822,139.69070434570312,9.761719575611728,normal
27.8640331367686,-70.96458435058594,9.761719575611728,normal
23.067128399686563,-5.062408447265625,9.761719575611728,normal
28.454338489778547,-13.73016357421875,9.761719575611728,normal
3.3741424316839175,0.0,0.0,normal
7.6826215888868195,-80.00244140625,4.3084791572029015,normal
7.603358925812565,81.69685363769531,4.3084791572029015,normal
6.590517409227737,-116.67869567871094,4.3084791572029015,normal
5.060584661659304,84.87739562988281,4.3084791572029015,normal
6.091030670716366,4.3597412109375,4.3084791572029015,normal
3.592754332526489,23.881759643554688,4.3084791572029015,normal
3.5638871625508735,-28.030471801757812,4.3084791572029015,normal
2.439896246383941,-10.377845764160156,4.3084791572029015,normal
2.79709524208324,-28.438568115234375,4.3084791572029015,normal
1.746870457669629,-40.855865478515625,4.3084791572029015,normal
1.497983592127091,29.604949951171875,4.3084791572029015,normal
0.7249381645214382,-26.549949645996094,4.3084791572029015,normal
0.03858314085004296,-23.300514221191406,4.3084791572029015,normal
1.838504225368999,-15.715370178222656,4.3084791572029015,normal
0.5537587379268417,-35.948638916015625,4.3084791572029015,normal
0.8534345047796791,54.711341857910156,4.3084791572029015,normal
1.1215017554034696,-15.114898681640625,4.3084791572029015,normal
1.8282092030845196,15.215835571289062,4.3084791572029015,normal
0.6452082341598206,22.513389587402344,4.3084791572029015,normal
0.9579808969831496,26.1895751953125,4.3084791572029015,normal
1.754797806516641,9.35394287109375,4.3084791572029015,normal
2.747528227894748,-21.79058074951172,4.3084791572029015,normal
2.013730936177396,21.753158569335938,4.3084791572029015,normal
3.01954636314063,-5.702476501464844,4.3084791572029015,normal
1.8178847248034309,-18.725852966308594,4.3084791572029015,normal
3.7851267063377056,25.28217315673828,4.3084791572029015,normal
4.833861809388515,-17.06989288330078,4.3084791572029015,normal
4.36583675359735,-11.573066711425781,4.3084791572029015,normal
4.550032602119616,9.494247436523438,4.3084791572029015,normal
5.5581606580814835,19.45220947265625,4.3084791572029015,normal
8.735446343086839,24.495277404785156,3.177285685005355,normal
8.84803824153978,-2.694854736328125,3.177285685005355,normal
8.48119122662001,5.100059509277344,3.177285685005355,normal
8.255711295255505,17.8546142578125,3.177285685005355,normal
7.845616631433692,5.024986267089844,3.177285685005355,normal
6.753829447112798,33.98780822753906,3.177285685005355,normal
5.594689140453147,15.837135314941406,3.177285685005355,normal
6.0918066919206435,9.557304382324219,3.177285685005355,normal
4.999390786511156,4.8314666748046875,3.177285685005355,normal
5.293263201054401,18.02021026611328,3.177285685005355,normal
5.156376572622169,23.113059997558594,3.177285685005355,normal
4.043504914695055,-51.052093505859375,3.177285685005355,normal
3.7530653482822083,15.636062622070312,3.177285685005355,normal
4.500387657168871,4.041252136230469,3.177285685005355,normal
3.217202779150234,16.417579650878906,3.177285685005355,normal
3.1792186378636162,7.100830078125,3.177285685005355,normal
3.376816528237406,-11.791419982910156,3.177285685005355,normal
2.492023420530843,2.6497650146484375,3.177285685005355,normal
2.3519305298332904,-33.54572296142578,3.177285685005355,normal
2.017743398554996,54.880714416503906,3.177285685005355,normal
1.5570396943331737,-23.78276824951172,3.177285685005355,normal
2.2050788242668853,-1.6272354125976562,3.177285685005355,normal
1.8348747224138455,0.8824539184570312,3.177285685005355,normal
0.7180273668832601,30.37914276123047,3.177285685005355,normal
2.0086567552533845,17.71190643310547,3.177285685005355,normal
2.0850010145957008,18.74187469482422,3.177285685005355,normal
1.8496734111693032,9.198074340820312,3.177285685005355,normal
1.638113247530037,18.464126586914062,3.177285685005355,normal
2.8654955842957035,12.650184631347656,3.177285685005355,normal
3.121952792043474,28.35124969482422,3.177285685005355,normal
3.567784179661699,-22.721099853515625,1.2906293883701245,normal
3.704029433985984,-6.760139465332031,1.2906293883701245,normal
4.366458360538625,-34.48860168457031,1.2906293883701245,normal
5.453647094735375,15.128173828125,1.2906293883701245,normal
5.719683894147335,11.441688537597656,1.2906293883701245,normal
5.130072314084088,21.047630310058594,1.2906293883701245,normal
6.611762942063554,-31.61418914794922,1.4816906279794662,normal
6.157153350503012,20.19275665283203,1.4816906279794662,normal
6.21872265892523,-12.378730773925781,1.4816906279794662,normal
6.305443893241374,1.5032958984375,1.4816906279794662,normal
6.816829594007714,20.998077392578125,1.4816906279794662,normal
7.142512215116726,-8.411407470703125,1.4816906279794662,normal
6.094290112914028,36.42803192138672,1.4816906279794662,normal
5.647654396171895,-8.067054748535156,1.4816906279794662,normal
4.964042597121733,21.865081787109375,1.4816906279794662,normal
4.641656039093125,50.250892639160156,1.4816906279794662,normal
5.298619182689545,0.8300399780273438,1.4816906279794662,normal
3.7501693430507603,-8.799591064453125,1.5484498396387845,normal
3.526671130983821,51.932830810546875,1.5484498396387845,normal
3.178455018718671,-28.445205688476562,1.5484498396387845,normal
3.9722950023831363,4.9603271484375,1.5484498396387845,normal
3.172395440008109,-18.71715545654297,1.5484498396387845,normal
3.8188258595687024,-2.1973800659179688,1.5484498396387845,normal
3.478147423016831,9.121284484863281,1.5484498396387845,normal
3.302889770693777,-9.624137878417969,1.5484498396387845,normal
2.5573406776582734,24.170608520507812,1.5484498396387845,normal
2.5727347422227704,3.77197265625,1.5484498396387845,normal
1.4270723295070964,7.489585876464844,1.5484498396387845,normal
2.4239870827007497,28.350677490234375,1.5484498396387845,normal
2.374519481178122,12.364082336425781,1.5484498396387845,normal
2.3925281022886433,10.278739929199219,1.5484498396387845,normal
1.589929606686595,19.068603515625,1.5484498396387845,normal
3.0557688321383187,31.728172302246094,1.5484498396387845,normal
3.2188289264371,27.183380126953125,1.5484498396387845,normal
3.665631531110158,30.22808074951172,1.5484498396387845,normal
3.9212541410022594,74.1262435913086,1.5484498396387845,normal
4.035302376119745,16.153564453125,1.5484498396387845,normal
4.764647874425744,14.036064147949219,1.5484498396387845,normal
5.217057086736562,60.81459045410156,1.5484498396387845,normal
5.695666921188897,15.729217529296875,1.5484498396387845,normal
5.909139707559371,63.865814208984375,1.5484498396387845,normal
6.781311796357248,-0.01007080078125,1.5484498396387845,normal
6.453669954538784,33.07605743408203,1.5484498396387845,normal
7.371950250910828,103.15567016601562,1.5484498396387845,normal
7.389828418092243,54.72015380859375,1.5484498396387845,normal
8.155040281443906,59.752235412597656,1.5484498396387845,normal
9.358813400940754,57.41100311279297,1.5484498396387845,normal
10.519960118836554,89.31632995605469,1.4658392254517236,normal
9.601689206771866,55.48576354980469,1.4658392254517236,normal
10.38259697065551,109.30057525634766,1.4658392254517236,normal
11.467580962280163,120.43292999267578,1.4658392254517236,normal
12.658280112868784,120.194091796875,1.4658392254517236,normal
11.336093412334431,111.17134094238281,1.4658392254517236,normal
9.269133688382464,133.41934204101562,2.0669597239519675,normal
12.507216570502141,142.6102066040039,3.238082882119677,normal
6.930430216276245,121.26365661621094,5.576786354225896,normal
2.320166628198587,132.69630432128906,5.576786354225896,normal
4.593084410840697,109.74506378173828,5.576786354225896,normal
4.294382925247959,164.765625,5.576786354225896,normal
0.06950435101482581,87.12318420410156,5.576786354225896,normal
2.992440920734823,161.44248962402344,5.576786354225896,normal
1.6055288708261064,171.54006958007812,5.576786354225896,normal
2.326639471230175,56.98997497558594,5.576786354225896,normal
1.4590318135686786,146.07078552246094,5.576786354225896,normal
19.78420103249684,116.91947937011719,18.32516921892816,normal
8.019895512110793,61.62803649902344,18.32516921892816,normal
4.150779375447453,220.32142639160156,18.32516921892816,normal
7.516587188539665,10.660858154296875,18.32516921892816,normal
8.60402369409656,21.760940551757812,18.32516921892816,normal
4.989476787217554,-154.62203979492188,18.32516921892816,normal
3.121074288280761,301.9683837890625,18.32516921892816,normal
78.81612809709856,-15.6866455078125,75.69505380881779,normal
64.71984569242991,209.88052368164062,75.69505380881779,normal
81.85414606400798,207.8997802734375,75.69505380881779,normal
63.78101134541842,25.975570678710938,75.69505380881779,normal
46.48822488167629,145.3223419189453,75.69505380881779,normal
72.35447535656536,-172.70736694335938,75.69505380881779,normal
33.549758704469546,420.17120361328125,75.69505380881779,normal
82.81825941322118,-240.2625274658203,75.69505380881779,normal
39.40442665537596,-38.338623046875,75.69505380881779,normal
81.09465930422037,232.04544067382812,75.69505380881779,normal
31.694442289565835,-394.4812774658203,75.69505380881779,normal
53.102804337674065,48.8140869140625,75.69505380881779,normal
33.461154303771636,4.9655914306640625,75.69505380881779,normal
34.29557172646159,-34.1162109375,75.69505380881779,normal
22.95920995134593,-181.69784545898438,75.69505380881779,normal
26.927151695550887,90.52345275878906,75.69505380881779,normal
24.171812307574925,-157.63458251953125,75.69505380881779,normal
20.41301848153584,107.18055725097656,75.69505380881779,normal
26.0525875343833,-64.35928344726562,75.69505380881779,normal
30.382364257458466,12.8759765625,75.69505380881779,normal
17.94170843221354,-12.981033325195312,75.69505380881779,normal
22.461045994668325,96.77078247070312,75.69505380881779,normal
14.916668515953152,45.4449462890625,75.69505380881779,normal
16.21618169562593,103.82720947265625,75.69505380881779,normal
11.449473116759522,-8.212738037109375,75.69505380881779,normal
23.103832064876432,327.2673797607422,75.69505380881779,normal
1.642163231685333,27.101211547851562,75.69505380881779,normal
3.3679483124200247,0.9304046630859375,75.69505380881779,normal
6.175598363902216,159.97467041015625,75.69505380881779,normal
22.609845661260355,17.461624145507812,75.69505380881779,normal
1.0010046702055275,-133.42620849609375,49.40021701465454,normal
2.882741627766353,121.03958129882812,49.40021701465454,normal
7.160005125518314,45.84617614746094,49.40021701465454,normal
3.946414020885104,-136.4751434326172,49.40021701465454,normal
9.898746767179379,29.770431518554688,49.40021701465454,normal
10.637092993367906,42.15087890625,49.40021701465454,normal
0.8385660078069591,-20.363616943359375,49.40021701465454,normal
2.07662355288916,131.7620086669922,49.40021701465454,normal
3.899212403442388,23.531112670898438,49.40021701465454,normal
4.044128896919763,24.054794311523438,49.40021701465454,normal
12.2581544739345,43.97071838378906,21.608840991054826,normal
3.274382699133658,4.8314666748046875,21.608840991054826,normal
7.575805666673044,-18.599853515625,21.608840991054826,normal
29.017414914299657,425.70396423339844,21.608840991054826,normal
6.659959523859773,-90.27534484863281,22.357455390439885,normal
4.303745485685451,160.55007934570312,22.357455390439885,normal
10.80797124739189,-61.85371398925781,22.357455390439885,normal
1.1027395981276218,190.5329132080078,22.357455390439885,normal
9.037997638285304,-113.61968994140625,22.357455390439885,normal
9.948695029608078,272.7268981933594,22.357455390439885,normal
8.676625303811146,96.93557739257812,22.357455390439885,normal
4.746351582546842,101.28181457519531,22.357455390439885,normal
6.026706769431151,359.1142272949219,22.357455390439885,normal
1.5768402257087408,-59.30946350097656,22.357455390439885,normal
57.113661135082666,67.22579956054688,55.53682090937392,normal
47.19388765377095,241.68067932128906,55.53682090937392,normal
59.723353119811456,-181.67930603027344,55.53682090937392,normal
28.97274706150623,334.28993225097656,55.53682090937392,normal
45.91650137917458,180.66970825195312,55.53682090937392,normal
16.13713072234485,239.80178833007812,55.53682090937392,normal
21.70558538676788,47.30461120605469,55.53682090937392,normal
18.317658757416318,27.711410522460938,55.53682090937392,normal
1.0854612015084848,54.00604248046875,55.53682090937392,normal
13.441185405324928,146.656494140625,55.53682090937392,normal
2.977312809255616,147.88787841796875,55.53682090937392,normal
9.288951214782648,362.0452880859375,55.53682090937392,normal
5.282840394700403,-374.2570495605469,55.53682090937392,normal
30.032538090900953,885.1698303222656,55.53682090937392,normal
1.746272898851522,-950.2489471435547,55.53682090937392,normal
4.291617188191151,77.85667419433594,55.53682090937392,normal
4.633087437522505,79.91226196289062,55.53682090937392,normal
2.1383568959346557,-3.7529754638671875,55.53682090937392,normal
4.12462975108662,-3.0919647216796875,55.53682090937392,normal
2.8896534205099242,-160.0041961669922,55.53682090937392,normal
2.489925621694233,131.99501037597656,55.53682090937392,normal
3.5946977605410364,-131.61895751953125,55.53682090937392,normal
6.830430005989206,85.8526611328125,55.53682090937392,normal
4.910198965927336,71.89132690429688,55.53682090937392,normal
2.347016059804074,-73.07670593261719,55.53682090937392,normal
3.093047623953424,-44.061126708984375,55.53682090937392,normal
7.775559321461944,169.27391052246094,55.53682090937392,normal
5.867510462007941,-45.00732421875,55.53682090937392,normal
4.181865888896421,-71.34407043457031,55.53682090937392,normal
5.367264793495156,40.024566650390625,55.53682090937392,normal
1.3456296688738016,-85.15571594238281,30.750606058305227,normal
6.880211299715976,71.93344116210938,30.750606058305227,normal
9.501301718113734,-110.64239501953125,30.750606058305227,normal
10.14427118085559,79.59205627441406,29.779370656829734,normal
0.8293846510287142,-81.42059326171875,29.779370656829734,normal
6.32054426224396,167.56484985351562,28.28626519204943,normal
1.986888176181014,-38.15849304199219,28.28626519204943,normal
4.726811312412834,4.8433685302734375,28.28626519204943,normal
1.615157474793634,-49.43321228027344,28.28626519204943,normal
3.5839100224596248,73.54362487792969,28.28626519204943,normal
8.771118002233113,-26.790390014648438,28.28626519204943,normal
4.294918823355296,-24.144515991210938,28.28626519204943,normal
6.2268612179481435,74.03892517089844,28.28626519204943,normal
5.263213466633245,-2.31170654296875,28.28626519204943,normal
2.6598894517839513,-23.027801513671875,9.314886529826875,normal
3.0817776087485518,-88.49281311035156,9.314886529826875,normal
4.408641442275503,51.49017333984375,9.314886529826875,normal
8.530739860990433,64.87724304199219,9.314886529826875,normal
5.413146495670201,-85.72128295898438,9.314886529826875,normal
5.749495103127484,47.397308349609375,9.314886529826875,normal
1.7263115327011185,-134.7393035888672,9.314886529826875,normal
7.776381618162993,61.294097900390625,9.314886529826875,normal
5.096591387554888,64.04457092285156,9.314886529826875,normal
2.8771139377028936,-85.37384033203125,9.314886529826875,normal
0.21138924183723853,-5.969696044921875,9.314886529826875,normal
4.250393052014637,98.84674072265625,9.314886529826875,normal
9.17437342613708,69.64347839355469,9.314886529826875,normal
2.6351250925832055,-116.39900207519531,9.314886529826875,normal
3.1973100577332816,96.30661010742188,9.314886529826875,normal
7.514693281474398,-49.233856201171875,9.314886529826875,normal
3.4597758676602584,-5.379180908203125,9.314886529826875,normal
8.025575832685087,-27.711410522460938,9.314886529826875,normal
2.7154783905408846,44.32777404785156,9.314886529826875,normal
3.9418484542837118,45.49598693847656,9.314886529826875,normal
5.543170354325121,-209.49371337890625,6.539248333553875,normal
6.1118278539880695,135.8338165283203,6.539248333553875,normal
13.891006208223436,-333.41651916503906,7.779178354235366,normal
15.608947060945676,199.11781311035156,7.779178354235366,normal
1.342125181725618,0.0,0.0,normal
3.917886991850782,110.50025939941406,2.5757618101251643,normal
4.050256370795907,-55.58246612548828,2.5757618101251643,normal
2.9189689953801685,-102.6712417602539,2.5757618101251643,normal
2.885488446236283,-65.6674575805664,2.5757618101251643,normal
2.3672139024145253,54.74498748779297,2.5757618101251643,normal
1.1514632827880498,-15.517501831054688,2.5757618101251643,normal
2.3911205865028617,-41.75193786621094,2.5757618101251643,normal
2.9712946933340376,20.802955627441406,2.5757618101251643,normal
3.4203661957530476,16.067276000976562,2.5757618101251643,normal
2.183039781675408,-69.8214340209961,2.5757618101251643,normal
0.9411850160433888,3.1981658935546875,2.5757618101251643,normal
3.6527960716573586,7.1280670166015625,2.71161105561397,normal
3.326354045817164,-25.237998962402344,2.71161105561397,normal
4.972200195976879,11.699638366699219,2.71161105561397,normal
2.4387827933490174,3.3207321166992188,2.71161105561397,normal
3.279806021548598,38.77510070800781,2.71161105561397,normal
3.133146562101707,19.7113037109375,2.71161105561397,normal
2.391462065070975,21.620407104492188,2.71161105561397,normal
3.9013130946177106,67.14088439941406,2.71161105561397,normal
4.725577462767339,21.313819885253906,2.71161105561397,normal
4.5660067033957255,-19.085540771484375,2.71161105561397,normal
5.589911622274029,-10.946273803710938,2.71161105561397,normal
8.097765336820881,-15.331077575683594,2.71161105561397,normal
6.466919507482031,3.3646774291992188,2.71161105561397,normal
9.023776295121033,-13.586654663085938,2.71161105561397,normal
9.89885442444061,8.287696838378906,2.71161105561397,normal
9.192118007513894,25.128250122070312,2.71161105561397,normal
9.534508305005035,-4.400367736816406,2.71161105561397,normal
10.378578554556391,-6.259803771972656,2.71161105561397,normal
9.486198451605922,-52.90363311767578,2.71161105561397,normal
10.641627106782254,30.483055114746094,2.71161105561397,normal
8.707692329517828,-7.5890350341796875,2.71161105561397,normal
9.171272164725345,32.42809295654297,2.71161105561397,normal
8.489752973585983,16.51691436767578,2.71161105561397,normal
8.22332756753679,2.0876312255859375,2.71161105561397,normal
8.027123417322821,66.500244140625,2.71161105561397,normal
7.825277672614334,7.126350402832031,2.71161105561397,normal
5.804064688936432,3.021240234375,2.71161105561397,normal
7.151474276335599,31.437149047851562,2.71161105561397,normal
7.381768801695919,-17.744407653808594,2.71161105561397,normal
5.895220622491638,-0.554351806640625,2.71161105561397,normal
5.151603995428401,-9.755973815917969,2.556856787639002,normal
6.673206897331235,9.753913879394531,2.556856787639002,normal
5.285223944776158,-3.358154296875,2.556856787639002,normal
3.63064411493362,6.664466857910156,2.556856787639002,normal
3.304641565972594,-18.34339141845703,2.556856787639002,normal
2.099459281734299,3.0846405029296875,2.556856787639002,normal
3.076481962578153,-14.232215881347656,2.556856787639002,normal
3.7154800627195494,-13.423118591308594,2.556856787639002,normal
2.3655712434851583,30.826034545898438,2.556856787639002,normal
1.2398566289067599,15.967483520507812,2.556856787639002,normal
1.8817826852198363,-1.483612060546875,2.556856787639002,normal
1.9703473525676451,-2.4988174438476562,2.556856787639002,normal
1.0094381690995495,42.157745361328125,2.556856787639002,normal
1.7375574864856078,0.0670623779296875,2.021212983677902,normal
1.8493914919024472,16.026649475097656,2.021212983677902,normal
2.8030318354649197,1.4022445678710938,2.021212983677902,normal
3.2731048246684398,50.12134552001953,2.021212983677902,normal
3.1625205456274927,5.768394470214844,2.021212983677902,normal
4.3714870475687855,19.568138122558594,2.021212983677902,normal
4.590240559029314,12.697219848632812,2.021212983677902,normal
6.471373448457186,-10.461959838867188,2.021212983677902,normal
7.559321529235586,-33.06163787841797,2.021212983677902,normal
7.279851890139971,39.572181701660156,2.021212983677902,normal
5.964138840758214,-32.542762756347656,2.021212983677902,normal
6.643697730553167,46.53705596923828,2.021212983677902,normal
8.00748469053858,11.70501708984375,2.021212983677902,normal
7.00362807115665,-21.73381805419922,1.8811328894278718,normal
8.028794300724666,-19.507713317871094,1.8811328894278718,normal
8.918063215079878,-5.169639587402344,1.8811328894278718,normal
7.83393704196096,21.388778686523438,1.8811328894278718,normal
7.42046196685534,6.513404846191406,1.8811328894278718,normal
8.629230519516009,23.47309112548828,1.8811328894278718,normal
7.801681565172626,25.418243408203125,1.8811328894278718,normal
7.545118445226431,27.800216674804688,1.8811328894278718,normal
4.329751191638912,77.32372283935547,3.2153672535875195,normal
5.313348598966502,2.0861434936523438,3.2153672535875195,normal
3.770018533575817,14.7381591796875,3.2153672535875195,normal
3.7052081163715624,54.551353454589844,3.2153672535875195,normal
4.073459773539624,-8.069572448730469,3.2153672535875195,normal
3.5168936122029932,-34.64252471923828,3.2153672535875195,normal
3.569528313720666,3.5687255859375,3.2153672535875195,normal
3.9916590044562965,29.831199645996094,3.2153672535875195,normal
3.7662830420347175,-28.004837036132812,3.2153672535875195,normal
4.023108662709424,10.528793334960938,3.2153672535875195,normal
3.546538158128009,-5.140800476074219,3.2153672535875195,normal
3.529632234454695,1.6899490356445312,3.2153672535875195,normal
3.5196985333243447,15.214805603027344,3.2153672535875195,normal
3.3336637812556846,-21.222610473632812,3.2153672535875195,normal
3.033798916996928,41.905517578125,3.2153672535875195,normal
3.8402735897940534,51.600608825683594,3.2153672535875195,normal
4.312984156262282,35.02647399902344,3.2153672535875195,normal
6.128783710762558,-5.528755187988281,3.2153672535875195,normal
7.199186864234833,49.30492401123047,3.2153672535875195,normal
8.193906485984538,50.22663116455078,3.2153672535875195,normal
10.666363391126184,-40.75103759765625,3.2153672535875195,normal
9.560349765463187,69.6207046508789,3.2153672535875195,normal
10.206461868165446,-11.493988037109375,3.2153672535875195,normal
9.088563978843737,29.222946166992188,3.2153672535875195,normal
9.667257967814525,58.63311767578125,3.2153672535875195,normal
10.548144325070265,30.49541473388672,3.2153672535875195,normal
10.06452012402289,51.920814514160156,3.2153672535875195,normal
8.90042009878761,21.23554229736328,3.2153672535875195,normal
8.957703386015096,26.663589477539062,3.2153672535875195,normal
10.994511287490628,61.962890625,3.2153672535875195,normal
10.55919090705732,59.4708251953125,2.4724569051416463,normal
9.455790166153609,54.096107482910156,2.4724569051416463,normal
8.096386561549672,52.10735321044922,2.4724569051416463,normal
8.803746332272842,18.821182250976562,2.4724569051416463,normal
8.492867393651997,51.748008728027344,2.4724569051416463,normal
9.152622153392134,47.7337646484375,2.4724569051416463,normal
9.385201229937833,57.94303894042969,2.4724569051416463,normal
7.4078061684517165,52.42206573486328,2.4724569051416463,normal
8.274263167515302,76.7794418334961,2.4724569051416463,normal
7.171709973129667,64.2264175415039,2.4724569051416463,normal
6.141434680654283,58.986854553222656,2.4724569051416463,normal
10.039946957730997,22.320899963378906,3.8985122770767138,normal
10.784770208939236,134.93911743164062,3.8985122770767138,normal
7.316116957493458,84.31869506835938,3.8985122770767138,normal
8.961834116921509,98.58421325683594,3.8985122770767138,normal
5.9769206373663,80.76541900634766,3.8985122770767138,normal
7.411671799352468,84.86698150634766,3.8985122770767138,normal
9.195678595172806,87.22984313964844,3.8985122770767138,normal
6.924793125772643,91.85428619384766,3.8985122770767138,normal
4.08269022755224,124.35894012451172,3.8985122770767138,normal
5.506765245637669,74.07600402832031,3.8985122770767138,normal
1.501478462181059,146.37508392333984,4.00528678345661,normal
1.8431211015854216,82.21813201904297,4.00528678345661,normal
2.9938263873042206,73.2528305053711,4.00528678345661,normal
3.502957710173569,210.01190185546875,4.00528678345661,normal
11.034432462497886,-107.12860107421875,7.531474752324317,normal
13.091291699446494,202.22110748291016,7.531474752324317,normal
20.41464013979787,192.110595703125,7.531474752324317,normal
10.204710572530901,84.09324645996094,10.20992956726697,normal
17.862541184742234,162.71438598632812,10.20992956726697,normal
15.173679748146329,2.108917236328125,10.20992956726697,normal
33.796959829619446,48.54240417480469,18.62328008147312,normal
49.66535001648751,243.9653778076172,18.62328008147312,normal
71.41740831168146,-32.040252685546875,21.752058295193947,normal
0.6196174730252273,-119.21150207519531,70.79779083865623,normal
16.375623719865356,183.4430694580078,70.79779083865623,normal
1.3330346983838517,-77.71270751953125,70.79779083865623,normal
9.807709503596588,308.07220458984375,70.79779083865623,normal
16.750757178516196,-40.83274841308594,70.79779083865623,normal
9.72909170639503,133.03665161132812,70.79779083865623,normal
7.978892288908771,-117.62580871582031,70.79779083865623,normal
2.7332535555782314,-13.729248046875,70.79779083865623,normal
7.913759205716817,217.9126739501953,70.79779083865623,normal
9.914726306336048,-49.52178955078125,70.79779083865623,normal
8.568257930370455,390.97206115722656,70.79779083865623,normal
6.172445074005597,-136.2641143798828,70.79779083865623,normal
3.706269087401103,117.53311157226562,70.79779083865623,normal
4.620705750620721,-67.42584228515625,70.79779083865623,normal
3.4704591456245115,-18.26934814453125,70.79779083865623,normal
7.2068463491809105,-169.28993225097656,70.79779083865623,normal
5.806399355253914,311.6798400878906,70.79779083865623,normal
1.1518119917872114,-456.8286895751953,70.79779083865623,normal
2.2442360498819225,287.16087341308594,70.79779083865623,normal
12.589952025101555,214.65980529785156,70.79779083865623,normal
10.102967433881162,-99.38873291015625,70.79779083865623,normal
5.397692741352768,-36.340484619140625,70.79779083865623,normal
15.562978795971155,63.37211608886719,70.79779083865623,normal
12.282730592905684,88.19091796875,70.79779083865623,normal
4.748309861600745,71.08840942382812,70.79779083865623,normal
10.33330730037912,63.77311706542969,70.79779083865623,normal
13.070608119812597,-53.43132019042969,70.79779083865623,normal
18.260872198459424,105.46852111816406,70.79779083865623,normal
67.32478047812408,748.7926483154297,70.79779083865623,normal
20.994178872274112,-93.51631164550781,70.79779083865623,normal
28.691162465519405,248.64898681640625,49.06390827966466,normal
11.977715885220151,91.11373901367188,49.06390827966466,normal
7.07681680550877,-46.55067443847656,49.06390827966466,normal
18.4320947753459,321.0054016113281,49.06390827966466,normal
19.283103719861256,-58.67729187011719,49.06390827966466,normal
10.24016657614147,-61.84318542480469,49.06390827966466,normal
14.835452959402465,120.0054931640625,49.06390827966466,normal
16.13380668197975,-30.052642822265625,49.06390827966466,normal
10.779201750389182,277.30796813964844,49.06390827966466,normal
16.78367697007622,78.76785278320312,49.06390827966466,normal
16.262400808736395,-34.34715270996094,49.06390827966466,normal
12.640866024767007,276.9367218017578,49.06390827966466,normal
64.09509748335921,437.5147247314453,51.454231458592204,normal
51.09306361318989,-464.8260498046875,51.454231458592204,normal
23.218233137289392,1367.109375,51.454231458592204,normal
7.100460262351969,-722.9296875,51.454231458592204,normal
5.1522621627118,41.624908447265625,51.454231458592204,normal
19.73555311694954,-428.66729736328125,51.454231458592204,normal
6.922357556173135,316.13250732421875,51.454231458592204,normal
47.01726171554444,101.18270874023438,51.454231458592204,normal
19.978520020227815,145.25230407714844,51.454231458592204,normal
2.8295065779619155,-203.1566619873047,51.454231458592204,normal
62.86302818183039,-229.7856903076172,60.03352160386847,normal
88.77862383890609,302.95188903808594,60.03352160386847,normal
1.7756977058561425,86.87164306640625,87.00292613304994,normal
44.48323096501451,-45.881195068359375,87.00292613304994,normal
64.78380536043674,30.699234008789062,87.00292613304994,normal
36.07856450946161,-377.80540466308594,87.00292613304994,normal
12.454824599502578,155.7685089111328,87.00292613304994,normal
24.73061643598329,266.7382049560547,87.00292613304994,normal
80.26201390931473,-64.40391540527344,87.00292613304994,normal
13.428173856587133,-31.790084838867188,87.00292613304994,normal
73.41932878298776,-193.14308166503906,87.00292613304994,normal
51.041032947143776,601.6099548339844,87.00292613304994,normal
45.316664752043486,-113.85154724121094,87.00292613304994,normal
45.5785009510825,-389.52735900878906,87.00292613304994,normal
21.588511219117063,180.94757080078125,87.00292613304994,normal
61.59465405850708,391.0185241699219,87.00292613304994,normal
12.94247681647376,-413.53065490722656,87.00292613304994,normal
30.5481784431405,97.38029479980469,87.00292613304994,normal
44.871873600491675,277.50160217285156,87.00292613304994,normal
18.409179337930556,-327.4122619628906,87.00292613304994,normal
52.72709133989169,532.0230102539062,87.00292613304994,normal
11.886606436599367,-314.43878173828125,87.00292613304994,normal
57.048035708493764,404.3426513671875,87.00292613304994,normal
51.89157871167496,-164.72305297851562,87.00292613304994,normal
16.141881964990265,-256.6896057128906,87.00292613304994,normal
9.295244472070888,249.99298095703125,87.00292613304994,normal
3.845265659681247,-245.848388671875,87.00292613304994,normal
26.084970644608628,-108.69461059570312,87.00292613304994,normal
87.88660202992288,18.53759765625,87.00292613304994,normal
59.25971349072329,206.37451171875,87.00292613304994,normal
32.96114805950739,-137.97454833984375,87.00292613304994,normal
79.13684642304874,-236.9171905517578,87.00292613304994,normal
42.76360704577778,127.07382202148438,66.8338400527276,normal
25.058065209231557,-377.1620178222656,66.8338400527276,normal
8.865162291634835,737.7413177490234,66.8338400527276,normal
37.66773909369945,-35.76141357421875,66.8338400527276,normal
43.59106112934049,-758.1903076171875,66.8338400527276,normal
0.3714572980086245,0.0,0.0,normal
1.0296640753512196,2.8746414184570312,0.6582067773425951,normal
5.787085258401222,-80.30250549316406,4.757421183050002,normal
0.19587523878660418,17.708587646484375,5.591210019614618,normal
0.9150545676626605,-59.134483337402344,5.591210019614618,normal
1.2296989409103887,9.7430419921875,5.591210019614618,normal
0.32072268440454615,-21.064910888671875,5.591210019614618,normal
0.2114411024933828,-15.813560485839844,5.591210019614618,normal
0.6854331955612913,33.548011779785156,5.591210019614618,normal
1.4973800426887969,-39.957275390625,5.591210019614618,normal
1.1497596744725065,22.86724090576172,5.591210019614618,normal
1.759094742045984,-20.853309631347656,5.591210019614618,normal
2.2240084876679123,10.906105041503906,5.591210019614618,normal
3.783496422661938,-81.51569366455078,5.591210019614618,normal
2.2335923062922327,46.47056579589844,5.591210019614618,normal
2.7900177025616575,7.22900390625,5.591210019614618,normal
1.3677899936981248,-25.634422302246094,5.591210019614618,normal
1.1935603650934874,24.261016845703125,5.591210019614618,normal
1.0049774489195678,47.986106872558594,5.591210019614618,normal
4.769349715645165,-51.62006378173828,5.591210019614618,normal
1.1127905402925589,70.21247863769531,5.591210019614618,normal
2.784446024666308,-34.87781524658203,5.591210019614618,normal
4.5766130204778666,47.88928985595703,5.591210019614618,normal
3.7642619717906123,2.7977371215820312,5.591210019614618,normal
5.475817642491415,7.717552185058594,5.591210019614618,normal
5.529397412476002,-34.992713928222656,5.591210019614618,normal
4.770316071510902,-34.674110412597656,5.591210019614618,normal
5.795716113894499,14.212875366210938,5.591210019614618,normal
5.889476911007469,-23.227272033691406,5.591210019614618,normal
8.492385303189764,13.036651611328125,5.591210019614618,normal
6.82490535714153,-29.60174560546875,5.591210019614618,normal
10.676716014932815,67.32295989990234,5.591210019614618,normal
8.968440973277318,-23.4210205078125,5.591210019614618,normal
9.065881504574683,-1.124725341796875,3.851810657791285,normal
8.742242621480557,13.005523681640625,3.851810657791285,normal
8.749043312679198,-3.5416030883789062,3.851810657791285,normal
8.472772924430565,16.323394775390625,3.851810657791285,normal
9.202382547715898,19.992599487304688,3.851810657791285,normal
8.406949744278059,-11.699409484863281,3.851810657791285,normal
9.319186922731735,39.045753479003906,3.851810657791285,normal
8.138924372025958,-25.826683044433594,3.851810657791285,normal
6.866681130648199,-5.064239501953125,3.851810657791285,normal
5.473731328867295,18.033714294433594,3.851810657791285,normal
4.235447999877551,-39.564857482910156,3.851810657791285,normal
4.641392486355936,45.28450012207031,3.851810657791285,normal
4.9433259742505875,10.433578491210938,3.851810657791285,normal
3.3879151108290384,-4.891319274902344,3.851810657791285,normal
3.51299441172133,-2.6848983764648438,3.851810657791285,normal
2.892083828011741,28.07098388671875,3.851810657791285,normal
2.7314325995598026,-17.89398193359375,3.851810657791285,normal
1.810879311762378,13.260841369628906,3.851810657791285,normal
2.8469337232677168,-38.71410369873047,3.851810657791285,normal
2.8776729779801666,13.656692504882812,3.851810657791285,normal
1.439487400841397,10.421905517578125,3.851810657791285,normal
1.8579811649026738,19.09595489501953,3.851810657791285,normal
1.1099666076106025,10.114288330078125,3.851810657791285,normal
2.0810771123389493,2.7984237670898438,3.851810657791285,normal
2.241298567820031,27.601089477539062,3.851810657791285,normal
2.70340813619272,10.767745971679688,3.851810657791285,normal
2.977098241604109,12.425308227539062,3.851810657791285,normal
5.312747471940123,-9.069557189941406,3.851810657791285,normal
4.468598290390105,5.872650146484375,2.3356492303360143,normal
4.622161451114675,5.649261474609375,2.3356492303360143,normal
5.70786828249714,-10.261573791503906,2.3356492303360143,normal
5.779402870275454,20.720443725585938,2.3356492303360143,normal
5.214217039567226,4.130287170410156,2.3356492303360143,normal
5.2328565371015054,-11.557044982910156,2.3356492303360143,normal
6.2596833235049925,20.781898498535156,2.3356492303360143,normal
6.201837284282273,3.5790252685546875,2.3356492303360143,normal
5.717228363557058,13.206253051757812,2.3356492303360143,normal
6.13056923494222,22.931671142578125,2.3356492303360143,normal
5.373715784036123,-20.240020751953125,2.3356492303360143,normal
6.059546840431769,7.567291259765625,2.3356492303360143,normal
5.762488574142559,23.16387176513672,2.3356492303360143,normal
5.636035847517396,23.96015167236328,2.3356492303360143,normal
4.624623432054711,-7.774772644042969,2.3356492303360143,normal
4.49844581795583,25.265579223632812,2.3356492303360143,normal
4.6653981783462815,-10.502128601074219,2.3356492303360143,normal
3.539806495484464,-17.163619995117188,2.3356492303360143,normal
4.723487088678217,-0.24616241455078125,2.3356492303360143,normal
4.2783727636651525,28.629684448242188,2.3356492303360143,normal
3.4170861000847577,-2.2713088989257812,2.3356492303360143,normal
3.6594484612823828,-9.723243713378906,2.3356492303360143,normal
2.1010353718265438,5.337066650390625,2.3356492303360143,normal
2.5854191509538076,9.935302734375,2.3356492303360143,normal
1.9345612756505604,-4.891777038574219,2.3356492303360143,normal
1.612221004175147,-5.1418304443359375,2.3356492303360143,normal
1.9152683972850237,16.02619171142578,2.3356492303360143,normal
2.2617725174293706,17.64678955078125,2.3356492303360143,normal
1.7073015235290572,27.943038940429688,2.3356492303360143,normal
1.5964015640984166,7.98980712890625,1.558413089455839,normal
1.4677613247433734,-8.559608459472656,1.558413089455839,normal
1.4880123855590774,19.792098999023438,1.558413089455839,normal
2.3079771856218283,0.6348037719726562,1.558413089455839,normal
2.838436041280722,46.194305419921875,1.558413089455839,normal
4.246448697828616,34.78660583496094,1.558413089455839,normal
3.8401006089971568,2.44720458984375,1.558413089455839,normal
4.432415074653264,22.430191040039062,1.558413089455839,normal
5.621060548280022,-27.41992950439453,1.558413089455839,normal
6.969500839013159,3.089447021484375,1.558413089455839,normal
6.360734582439781,-15.850410461425781,1.558413089455839,normal
6.71037906029584,-2.7297592163085938,1.558413089455839,normal
7.54871640158022,32.61646270751953,1.558413089455839,normal
7.193800256441446,26.555557250976562,1.558413089455839,normal
7.713347894026403,-11.859512329101562,1.558413089455839,normal
7.776262199738876,8.660659790039062,1.558413089455839,normal
7.700597629163639,-11.457481384277344,1.558413089455839,normal
8.81864567938943,-0.68572998046875,1.558413089455839,normal
9.199027858432572,-13.255462646484375,1.558413089455839,normal
8.421065458767169,40.83148956298828,1.558413089455839,normal
8.779456385115644,14.584579467773438,1.558413089455839,normal
8.414230202756855,17.247390747070312,1.558413089455839,normal
8.524296616875086,-2.1261978149414062,1.558413089455839,normal
6.742515821517721,-7.472190856933594,1.7817807953573643,normal
7.955346467226549,16.213531494140625,1.7817807953573643,normal
6.986170554645251,3.8956832885742188,1.7817807953573643,normal
7.172341335249911,-3.9025497436523438,1.7817807953573643,normal
5.480215710642564,25.773468017578125,1.7817807953573643,normal
5.249956041270302,15.270767211914062,1.7817807953573643,normal
5.587195859561495,24.870986938476562,1.7817807953573643,normal
4.850750526445196,38.13102722167969,1.7817807953573643,normal
4.617309836080148,15.243759155273438,1.7817807953573643,normal
3.2037574488057072,25.413665771484375,1.7817807953573643,normal
3.9922581570165225,44.93614196777344,1.7817807953573643,normal
3.829410735581563,54.130096435546875,1.7817807953573643,normal
3.639628758138862,8.72955322265625,1.7817807953573643,normal
2.9519369745086697,45.209312438964844,1.7817807953573643,normal
3.39343654247828,72.52315521240234,1.7817807953573643,normal
3.3246987407470314,31.580543518066406,1.7817807953573643,normal
2.6119296978597664,43.303070068359375,1.7817807953573643,normal
3.9732945029651017,-5.432281494140625,1.7817807953573643,normal
3.8839969252021844,38.171653747558594,1.7817807953573643,normal
4.291941615407141,44.94403839111328,1.7817807953573643,normal
3.586565978572861,-26.43951416015625,1.7817807953573643,normal
4.572455570564679,60.53924560546875,1.7817807953573643,normal
3.4122469695227724,21.7584228515625,1.7817807953573643,normal
3.9714230623835327,57.73933410644531,1.7817807953573643,normal
4.100563452964385,37.838172912597656,1.7817807953573643,normal
2.8303106382692627,47.592201232910156,1.7817807953573643,normal
3.196797190643051,7.652320861816406,1.7817807953573643,normal
0.9929188615935136,155.94554901123047,2.2038783290495374,normal
0.13097920298108656,101.37290954589844,2.2038783290495374,normal
2.172182584587118,176.65809631347656,2.2038783290495374,normal
0.13162602797454082,133.2162094116211,2.2038783290495374,normal
3.3752191329192076,77.07023620605469,3.243593104944667,normal
4.596665823211233,86.67240142822266,3.243593104944667,normal
5.191077690255454,98.99105072021484,3.243593104944667,normal
3.139401382339168,109.33971405029297,3.243593104944667,normal
1.8156150721335576,53.629417419433594,3.243593104944667,normal
5.286544154273809,97.29171752929688,3.4709290821402514,normal
1.8448777762463549,83.1936264038086,3.4709290821402514,normal
5.289363819463449,100.18455505371094,3.4709290821402514,normal
5.958748751499589,118.01742553710938,3.4709290821402514,normal
13.257251470766969,113.64154815673828,7.29850271926738,normal
11.419384663592163,172.056884765625,7.29850271926738,normal
13.535034327842007,0.693511962890625,7.29850271926738,normal
20.77415383512793,86.37840270996094,7.29850271926738,normal
29.293311541985744,-95.30319213867188,8.519157706857815,normal
35.68022003994168,205.61302185058594,8.519157706857815,normal
43.595796484258926,-26.25732421875,8.519157706857815,normal
45.64175009041203,203.2196044921875,8.519157706857815,normal
42.81464984526601,-8.90167236328125,8.519157706857815,normal
25.447327796234386,465.95787048339844,17.367322049031625,normal
77.09558845045339,-332.23045349121094,51.648260654219,normal
13.453119108220497,325.92315673828125,63.64246934223289,normal
28.026699962100924,21.081161499023438,63.64246934223289,normal
64.82986945933412,-154.46273803710938,63.64246934223289,normal
68.3966210690981,79.64859008789062,63.64246934223289,normal
67.52834124126016,-35.5682373046875,63.64246934223289,normal
76.93941568795259,372.8404998779297,63.64246934223289,normal
50.06493020464316,-288.5975646972656,63.64246934223289,normal
22.150923407850488,-163.19732666015625,63.64246934223289,normal
29.86215104617002,116.47750854492188,63.64246934223289,normal
18.15361439006951,170.4924774169922,63.64246934223289,normal
17.488059040371333,108.80195617675781,63.64246934223289,normal
12.5206124967479,85.22346496582031,63.64246934223289,normal
10.728702184100042,-40.54527282714844,63.64246934223289,normal
15.189216389089843,163.4227752685547,63.64246934223289,normal
15.586821247168404,-119.39460754394531,63.64246934223289,normal
12.978339120857967,-183.28399658203125,63.64246934223289,normal
19.60082691301506,193.95355224609375,63.64246934223289,normal
12.567417814470495,-140.1610565185547,63.64246934223289,normal
14.288987800355272,224.68093872070312,63.64246934223289,normal
17.10867947852451,-1.4604949951171875,63.64246934223289,normal
14.25528991281368,-35.59455871582031,63.64246934223289,normal
15.593343176624197,1.9081878662109375,63.64246934223289,normal
17.759965503917538,158.50730895996094,63.64246934223289,normal
18.22404481231107,-134.18838500976562,63.64246934223289,normal
15.962807324869095,125.51353454589844,63.64246934223289,normal
19.68883585936831,26.301498413085938,63.64246934223289,normal
23.367330757048077,321.3706970214844,63.64246934223289,normal
26.16131123017256,0.955352783203125,63.64246934223289,normal
22.754111515040204,100.95291137695312,63.64246934223289,normal
25.11439993318789,-103.33351135253906,63.64246934223289,normal
18.44486751555281,338.58558654785156,36.8031694972332,normal
25.068608502841872,-71.48300170898438,36.8031694972332,normal
41.033471432224886,69.26193237304688,27.914006796792673,normal
27.668304096247383,-169.49546813964844,27.914006796792673,normal
34.08609182284583,182.69142150878906,27.914006796792673,normal
34.64273746329777,94.92324829101562,27.914006796792673,normal
40.984003352730234,12.1124267578125,27.914006796792673,normal
27.306710084769822,-154.47967529296875,15.964862929383013,normal
40.80125913311383,271.36985778808594,15.964862929383013,normal
35.7607437549122,-208.88763427734375,15.964862929383013,normal
60.89528387517021,301.9640350341797,25.13454012025801,normal
43.45637246304135,-200.174560546875,25.13454012025801,normal
53.91443251444152,105.9356689453125,25.13454012025801,normal
61.709908743205766,98.03924560546875,25.13454012025801,normal
55.385311321257824,82.15553283691406,25.13454012025801,normal
71.6241576902126,90.32363891601562,25.13454012025801,normal
83.6626783257235,451.22406005859375,25.13454012025801,normal
76.34135665178339,157.17544555664062,25.13454012025801,normal
60.30087613587198,-289.64698791503906,25.13454012025801,normal
64.64870367304376,43.32527160644531,25.13454012025801,normal
74.7598020944644,161.44317626953125,25.13454012025801,normal
62.11881697855014,128.26560974121094,25.13454012025801,normal
87.39151855133912,63.747711181640625,25.272701572788975,normal
62.1856920357338,-174.8558807373047,25.272701572788975,normal
57.94695194230864,119.70977783203125,25.272701572788975,normal
55.174342336869216,-24.656524658203125,25.272701572788975,normal
49.805148788895195,13.228683471679688,25.272701572788975,normal
78.75789136355488,97.19512939453125,28.95274257465968,normal
68.79965201615087,154.39453125,28.95274257465968,normal
56.77984908050916,-125.57167053222656,28.95274257465968,normal
48.453421945158105,167.8227996826172,28.95274257465968,normal
47.737015684398635,168.255615234375,28.95274257465968,normal
49.911601398703624,179.8853302001953,28.95274257465968,normal
84.6040280865444,120.65071105957031,34.69242668784078,normal
7.082484909804685,-154.12857055664062,77.52154317673971,normal
25.113373110545535,110.18714904785156,77.52154317673971,normal
7.485404572792208,-97.70828247070312,77.52154317673971,normal
4.949768617563613,298.6280822753906,77.52154317673971,normal
14.762345255850843,-249.60479736328125,77.52154317673971,normal
15.347457265574944,266.3953399658203,77.52154317673971,normal
28.003896612075287,17.981185913085938,77.52154317673971,normal
80.22032775083126,-583.9361572265625,77.52154317673971,normal
42.284066772062424,581.400146484375,77.52154317673971,normal
0.42081629887479627,43.98490905761719,77.52154317673971,normal
67.61203393868385,-143.88404846191406,77.52154317673971,normal
8.477776860230227,350.58563232421875,77.52154317673971,normal
88.42017682003313,0.0,0.0,normal
87.87749068616884,-6.6848915996004425,0.5426861338642937,normal
87.5853134080967,-1.6044838800602748,0.5426861338642937,normal
87.61833183756008,-4.452625927427543,0.5426861338642937,normal
87.20678494131043,-13.344140762761565,0.5426861338642937,normal
87.54571724369339,60.60635642498224,0.5426861338642937,normal
87.17252113476347,-53.274909106590385,0.5426861338642937,normal
87.37025488516113,5.1381032015286365,0.5426861338642937,normal
87.53056003378178,-1.2638057959378877,0.5426861338642937,normal
87.24417483721601,-1.1813836788115035,0.5426861338642937,normal
87.35134761575178,8.371339696136399,0.5426861338642937,normal
87.3049729778473,-8.050351339994203,0.5426861338642937,normal
87.60168033649282,-4.970969464022358,0.5426861338642937,normal
87.32197950130725,-12.957214712918262,0.5426861338642937,normal
87.55026179734836,6.498068134113972,0.5426861338642937,normal
87.03747733979785,-31.624450540092127,0.5426861338642937,normal
86.54862065783257,-40.50772316371351,0.5426861338642937,normal
88.44612194847987,-117.3297153320104,1.8975012906472983,normal
85.98228802492211,-130.4014052076042,2.4638339235577575,normal
89.18618488210143,136.31427631012085,3.2038968571793163,normal
87.66332208514483,-215.9235097392416,3.2038968571793163,normal
82.48525049662449,-28.01481971060721,5.178071588520339,normal
81.49345805374526,-45.18700991323861,5.178071588520339,normal
79.86433761920034,5.572193018394259,5.178071588520339,normal
77.75771384164159,-88.81624181278856,5.178071588520339,normal
74.66764718492482,-3.567961870271022,5.178071588520339,normal
72.4689946086623,-26.600822501239023,5.178071588520339,normal
70.66836042421666,-12.04645031867172,5.178071588520339,normal
67.34169719441033,-102.757027123415,5.178071588520339,normal
61.98501604417007,-60.29269447925128,5.356681150240263,normal
56.44301783307717,-41.93133628674644,5.541998211092896,normal
54.3636681545297,-47.15827221451129,5.541998211092896,normal
53.1296913406145,-165.79254650037205,5.541998211092896,normal
50.669273917116826,-10.18142096836193,5.541998211092896,normal
47.85107287655136,-40.272362229252614,5.541998211092896,normal
45.56496293102412,-46.079916182107766,5.541998211092896,normal
45.09519310214671,-13.062531862579753,5.541998211092896,normal
42.85140688903709,-48.37354054147475,5.541998211092896,normal
40.65948731946553,71.59459833988133,5.541998211092896,normal
37.09029014737543,-5.490228801918577,5.541998211092896,normal
35.635904213803926,-78.16547267745695,5.541998211092896,normal
34.688411001154115,30.338665512920535,5.541998211092896,normal
29.94962543074221,-11.19429720771505,5.541998211092896,normal
26.619137199832412,-1.0600400063754383,5.541998211092896,normal
26.30777384240832,-52.548220773926104,5.541998211092896,normal
23.430527538397005,-32.24627962374562,5.541998211092896,normal
21.731356361133564,-17.214317062495994,5.541998211092896,normal
20.75142169759552,76.39293925858898,5.541998211092896,normal
21.325999838992875,-20.487848814365545,5.541998211092896,normal
19.7602058816495,-15.150100929130778,5.541998211092896,normal
16.87253002782135,0.7106618098897107,5.541998211092896,normal
16.751499138536147,10.616426586528958,5.541998211092896,normal
13.726833094381668,24.478224034909285,5.541998211092896,normal
12.661016417424422,-33.52359348887922,5.541998211092896,normal
10.0896877807505,-25.677465839098172,5.541998211092896,normal
6.074007605546204,-10.825229283249131,5.541998211092896,normal
3.845798523195554,-8.669433019743487,5.541998211092896,normal
2.8672465918104293,31.014297923031535,5.541998211092896,normal
3.4439695211149752,32.086243346325226,5.541998211092896,normal
2.127957121172566,17.51401303838054,5.541998211092896,normal
1.242558756201943,-23.79480731373635,4.738785570411906,normal
0.31090218636521433,-48.00538841831024,4.738785570411906,normal
1.7580895278113517,7.89077296322451,4.738785570411906,normal
2.470868181249776,-36.22795473192602,4.738785570411906,normal
2.3121262977619894,-24.843857704494937,4.738785570411906,normal
3.444262009861592,-12.44161858022766,4.738785570411906,normal
3.398319617773071,-26.064620839266826,4.738785570411906,normal
4.054612130080956,15.742395420813988,4.738785570411906,normal
4.640564494144744,23.96056734929052,4.738785570411906,normal
5.296248249282313,4.968451010443496,4.738785570411906,normal
4.749486536320048,39.46874658727037,4.738785570411906,normal
5.207963767134471,-28.48073362269663,4.738785570411906,normal
5.404088610853652,-11.20505787300655,4.015680175204296,normal
4.952438256851118,-21.670835145454507,4.015680175204296,normal
3.455162372085485,-17.348024052501017,4.015680175204296,normal
3.86994607403541,6.050699198377988,4.015680175204296,normal
4.5199308118067165,2.504258658689966,4.015680175204296,normal
5.270888557823091,4.2541259953481685,4.015680175204296,normal
5.023712182039518,-30.323554791447364,4.015680175204296,normal
4.910852421900342,10.20912395772941,4.015680175204296,normal
4.581030422083415,-21.445090124658353,4.015680175204296,normal
3.2595375374451305,25.000459727035068,4.015680175204296,normal
3.466786585278095,-16.430391148493943,4.015680175204296,normal
3.224812623228515,-0.1712548433625978,4.015680175204296,normal
3.4495128708563363,2.7322931827396286,4.015680175204296,normal
3.568005233686423,-2.880881943892471,2.2282090823506504,normal
3.4409932139706383,17.34413189697005,1.497275884765633,normal
4.073714994259567,6.728621111742496,1.497275884765633,normal
5.470795063408912,-2.9889464974581745,1.497275884765633,normal
5.954875286766038,5.930729227894029,1.497275884765633,normal
6.828115702073124,-15.791390790439117,1.497275884765633,normal
6.929889209260373,23.322940693187803,1.497275884765633,normal
7.012634462982949,15.630438711717316,1.497275884765633,normal
5.977531776928138,-0.2795483472536523,1.497275884765633,normal
7.3390183546835885,-12.170312444686648,1.497275884765633,normal
6.0196764269453125,-15.77513531733919,1.497275884765633,normal
6.451372832819078,-15.054857593784735,1.497275884765633,normal
6.9205840092668405,25.36769604889818,1.497275884765633,normal
6.097669966510418,4.601443638905736,1.497275884765633,normal
5.914088044390974,11.783157444517993,1.497275884765633,normal
5.6775747004346915,39.809653621718105,1.497275884765633,normal
5.722344741309618,-33.382331138137616,1.497275884765633,normal
5.244901485427351,7.2252143674289595,1.497275884765633,normal
5.536988659779032,7.669149048284678,1.497275884765633,normal
4.899029569133133,53.070227515726536,1.3970800691493448,normal
5.063982656337883,-0.1343938409810761,1.3970800691493448,normal
4.425309337439068,20.713593835161696,1.3970800691493448,normal
4.353941275051457,-13.832720757060741,1.3970800691493448,normal
4.653190054119595,-49.9828323783674,1.3970800691493448,normal
3.4003135796826607,44.89899040394697,1.3970800691493448,normal
3.2286506019099264,-9.332931062610879,1.3970800691493448,normal
2.6901280980571594,25.075326483424867,1.3970800691493448,normal
2.633054344319694,23.28379018755277,1.3970800691493448,normal
2.807876877611749,7.248567300614768,1.3970800691493448,normal
0.5734291663513194,-44.22747909969229,2.2344477112604295,normal
0.7299732837138202,0.5485649795411556,2.2344477112604295,normal
0.23004803568812904,57.727077133367224,2.2344477112604295,normal
0.34140629144027845,-22.687603540338593,2.2344477112604295,normal
0.13667712621786146,8.780931828189457,2.2344477112604295,normal
0.1095297664898041,-15.078439477295895,2.2344477112604295,normal
0.251768262841632,25.884894833866237,2.2344477112604295,normal
0.29595464556181145,-8.42949307877557,2.2344477112604295,normal
1.0512374467861325,3.5645276153907557,2.2344477112604295,normal
1.4565815269538245,-5.485649795411556,2.2344477112604295,normal
0.7182479964102957,-10.705946163741224,2.2344477112604295,normal
2.2460889414969927,-28.098157629034997,2.2344477112604295,normal
2.1327863087520162,-0.21818966005956647,2.2344477112604295,normal
2.117137638190318,-8.614942842309933,2.2344477112604295,normal
1.9016175115155753,5.484962944435503,2.2344477112604295,normal
2.3492688631397076,16.180148442885226,2.2344477112604295,normal
2.1610102865066336,-3.317948114987657,2.2344477112604295,normal
0.5037623834811673,-23.420244581462004,2.2344477112604295,normal
0.8598116379640253,12.700790348525068,2.2344477112604295,normal
0.8466373319357916,-1.3334066948446117,2.2344477112604295,normal
0.40033693563708805,-12.577157172835491,2.2344477112604295,normal
0.8497181130698147,-9.82883746732129,2.2344477112604295,normal
1.3847352588265862,4.343874522885787,2.2344477112604295,normal
1.1560127126247985,5.453367799537055,2.2344477112604295,normal
1.2572130941023416,2.554169829616499,2.2344477112604295,normal
1.7977088630094382,-2.6320129402358616,2.2344477112604295,normal
0.7930144270250701,20.575994689625706,2.2344477112604295,normal
0.7883855930612852,-3.5430062848077553,2.2344477112604295,normal
1.0721315591829466,1.4252157753103896,2.2344477112604295,normal
1.0287137152100778,22.021129143241637,2.2344477112604295,normal
1.0277482539754312,-11.113248792540773,1.6572479030254663,normal
1.6986728776552116,-22.363867780292185,1.6572479030254663,normal
1.9597775721758854,-11.569317840640096,1.6572479030254663,normal
1.3982802703007904,-2.7865544098478314,1.6572479030254663,normal
1.6326590740026403,5.811675058711474,1.6572479030254663,normal
1.2217135166053867,-2.368720066082135,1.6572479030254663,normal
2.0043496938995107,-11.437900353888585,1.6572479030254663,normal
2.0399089981547993,-4.094547618578475,1.6572479030254663,normal
2.6655868796511366,-1.6958350598753502,1.6572479030254663,normal
3.13765624311114,5.9781219452417,1.6572479030254663,normal
2.7958638116610506,-1.963020089560045,1.6572479030254663,normal
2.4072213917632936,4.625254472742247,1.6572479030254663,normal
2.376346588750056,2.522803635043403,1.6572479030254663,normal
2.107774672974157,11.061963919662134,1.6572479030254663,normal
1.794931649113075,7.849332954335967,1.6572479030254663,normal
1.7946284751204522,10.332986083744338,1.6572479030254663,normal
1.7571777418563068,-8.615171792635286,1.6572479030254663,normal
1.7089440524086945,2.667271290339926,1.0046944359843681,normal
1.7001612568597815,-13.826768048601613,1.0046944359843681,normal
1.73139018618256,-12.824652474539995,1.0046944359843681,normal
1.568041018907329,2.4983059502308387,1.0046944359843681,normal
1.8578351364972434,8.263504092896046,1.0046944359843681,normal
2.246406228344282,-20.26736965105247,1.0046944359843681,normal
3.2230793476353625,-11.88114818376825,1.0046944359843681,normal
2.7513496212666784,3.063813253847973,1.0046944359843681,normal
2.679816834287459,2.0408632001794076,1.0046944359843681,normal
1.5995112136341412,40.594953237672264,1.0803056206533177,normal
1.218228879348981,28.04069109737188,1.0803056206533177,normal
1.182512845071529,-5.946755750668603,1.0803056206533177,normal
0.5343549389534394,10.476537937739456,1.0803056206533177,normal
0.7935434316421598,-25.50941630029049,1.0803056206533177,normal
0.6232801284546539,3.7250217934618535,1.0803056206533177,normal
0.25502272540388443,-13.400462542797927,1.0803056206533177,normal
3.441618079266666,-81.50700267595576,3.186595353862782,normal
6.706082057476177,-52.98963700120296,3.264463978209511,normal
9.198092199549253,-1.2404528627520788,3.264463978209511,normal
10.996125199489985,53.79462634513731,3.264463978209511,normal
8.017849758158786,74.32872312522377,3.264463978209511,normal
11.265118120390621,-81.67344956248598,3.264463978209511,normal
12.515838120885714,-136.1114263218598,3.264463978209511,normal
12.637826917737078,101.24091806894025,3.264463978209511,normal
12.42287241325175,53.85049022452297,3.264463978209511,normal
11.675609368112788,95.71428616529084,3.264463978209511,normal
9.546766515931116,-11.497885339130564,3.264463978209511,normal
13.021569306203872,-15.411104300030994,3.474802790272756,normal
11.75627660269445,38.52570019714933,3.474802790272756,normal
12.79005059639066,-120.38849167870065,3.474802790272756,normal
9.138246419202336,-139.21736643557236,3.6518041771883247,normal
11.232421968981312,44.29845370055112,3.6518041771883247,normal
11.98222642349168,34.453360760129904,3.6518041771883247,normal
11.374771883655264,3.655420894555129,3.6518041771883247,normal
87.40324782927316,0.0,0.0,normal
86.54131704751852,-69.27529939944782,0.8619307817546371,normal
86.4274644723918,13.705234361337265,0.8619307817546371,normal
86.0500218576099,-23.40039238183789,0.8619307817546371,normal
86.74597825136004,13.11705930455112,0.8619307817546371,normal
86.80943452096236,-15.440453806795494,0.8619307817546371,normal
86.82367528681033,-13.367073770105993,0.8619307817546371,normal
87.46731054468549,-42.79093737381492,0.8619307817546371,normal
87.34272443031513,11.167083843808575,0.8619307817546371,normal
87.40102615017355,20.78302482668833,0.8619307817546371,normal
87.28666184957927,-7.058329632409524,0.8619307817546371,normal
86.39908492170626,-5.294491314978438,0.8875769278730132,normal
86.80357595369331,-16.15546770416534,0.8875769278730132,normal
86.21844679921482,39.822359021814464,0.8875769278730132,normal
86.62802434434981,-32.144945950888115,0.8875769278730132,normal
87.01594796249968,-40.108776692518816,0.8875769278730132,normal
87.69858187275791,7.057871730457959,0.8875769278730132,normal
87.36529803641535,31.535478453354163,0.8875769278730132,normal
87.89649132038001,-39.59134748724957,0.8875769278730132,normal
87.46040591327503,-13.782619791151868,0.8875769278730132,normal
86.90804795191369,-11.796699027211416,0.8875769278730132,normal
87.29521645744924,-24.223013237825672,0.8875769278730132,normal
86.55018518172061,2.0443032627650797,0.8875769278730132,normal
87.38300671974217,64.86387199806383,0.8875769278730132,normal
88.26932293120757,-1.5472506943405093,0.8875769278730132,normal
88.53354582469716,-24.860641705380914,0.8875769278730132,normal
87.9307261747078,-67.75002799878246,0.8875769278730132,normal
87.33585829208086,7.695729148988982,0.8875769278730132,normal
88.34557906985968,21.02136279247828,1.0097207777788242,normal
88.19611593193979,-17.54794753887664,1.0097207777788242,normal
87.57626772391549,-1.5999094187705651,1.0097207777788242,normal
87.24067338066025,17.577253263776846,1.0097207777788242,normal
87.71567946195171,-48.36291727144217,1.0097207777788242,normal
86.74901781211301,0.4585888044930512,1.0097207777788242,normal
87.0627348250687,-46.96883477990039,1.0097207777788242,normal
86.60898694358109,17.834365209580987,1.0097207777788242,normal
86.09638034179297,54.1741509387625,1.0097207777788242,normal
86.50664785749927,-74.6025307039632,1.0097207777788242,normal
86.00539939213532,20.17653369183956,1.0097207777788242,normal
84.946513685057,-14.341947024989373,1.0588857070783178,normal
84.9393902733919,-29.175680745960314,1.0588857070783178,normal
84.82035479913617,-3.7314430033089114,1.0588857070783178,normal
84.18309049653216,-29.43325059371602,1.0588857070783178,normal
84.14524906592554,-20.62069858485829,1.0588857070783178,normal
83.56703221396585,-53.427770757710405,1.0588857070783178,normal
82.77026085183807,-10.234108617493455,1.0588857070783178,normal
83.36681097085413,17.049063362645807,1.0588857070783178,normal
84.94368395543306,39.4493978822642,1.5768729845789267,normal
84.39462847068474,-2.421385519879436,1.5768729845789267,normal
84.07038504610027,-7.5366082208199,1.5768729845789267,normal
84.62657951316876,-5.678671052342062,1.5768729845789267,normal
84.76825678547551,-91.3887583464103,1.5768729845789267,normal
83.73226666691399,-37.55620226351581,1.5768729845789267,normal
82.5075457557367,-36.36519928749341,1.5768729845789267,normal
82.88931571989815,-13.537184345112651,1.5768729845789267,normal
84.68520910346233,30.034933758073354,1.7958933835641773,normal
85.68256472437523,50.57412579555295,1.7958933835641773,normal
85.46985847720102,-2.3110311495521016,1.7958933835641773,normal
83.70543968545077,47.01210651432335,1.7958933835641773,normal
80.47796802089402,-54.99677179475029,3.227471664556745,normal
80.87007779949678,-70.83147918184385,3.227471664556745,normal
80.10737682049366,86.07297459068405,3.227471664556745,normal
80.535934954974,-66.63366304086527,3.227471664556745,normal
82.11602952966116,12.486528317245147,3.227471664556745,normal
80.89438868220103,-75.85603729637431,3.227471664556745,normal
80.14289604774704,-19.627967153863846,3.227471664556745,normal
80.0211896756102,48.78670552761623,3.227471664556745,normal
79.69648652724972,23.782511560419465,3.227471664556745,normal
80.3843380151519,-9.190550069875218,3.227471664556745,normal
80.72932959247274,-24.429298067006023,3.227471664556745,normal
81.7988078553467,-78.27582015942326,3.227471664556745,normal
81.52048200654542,42.44499244940703,3.227471664556745,normal
82.33492200285995,14.875402798563417,3.227471664556745,normal
81.842309428959,58.87657503036649,3.227471664556745,normal
80.79447340267711,-20.255750729460424,3.227471664556745,normal
82.9177768698405,-82.2712436378098,3.227471664556745,normal
81.81663482184868,20.8301887276996,3.227471664556745,normal
82.58324249038239,-47.87548064400048,3.227471664556745,normal
80.77327007574459,13.791548879207399,3.227471664556745,normal
78.86771631489974,12.611764500998367,3.227471664556745,normal
77.55614552105386,-24.12799858287579,3.227471664556745,normal
77.08463437712987,-61.979089703199904,3.227471664556745,normal
75.78037507822688,14.274406487133433,3.227471664556745,normal
77.20210508394395,20.839346766730912,3.227471664556745,normal
76.87214791267806,-16.0945667446071,3.227471664556745,normal
76.47496282574562,-55.62982124278987,3.227471664556745,normal
75.1215866799052,-29.203154863054255,3.227471664556745,normal
75.90531550916623,-90.88094508212393,3.227471664556745,normal
76.30782149880308,-98.83172561813501,3.227471664556745,normal
76.1668778172564,-117.62676912210084,2.1233034671633817,normal
75.66189046561261,-130.93729200118847,2.1233034671633817,normal
76.56904858922906,-96.61937233914531,2.1233034671633817,normal
76.31386910576137,-49.79386087008499,2.1233034671633817,normal
75.42028756621536,-47.041412239223554,2.1233034671633817,normal
75.01689430674286,-104.15323314825582,2.1233034671633817,normal
72.53724532821788,86.0388608952924,2.4796489785249776,normal
73.76355462079825,-98.64535952384777,2.4796489785249776,normal
75.10369117045664,-93.0216367056936,2.4796489785249776,normal
75.10998968071269,-95.52407087100015,2.4796489785249776,normal
77.55498132075233,-51.10025513790194,2.4796489785249776,normal
77.76975542240777,-132.41654425572148,2.4796489785249776,normal
79.20614590772877,27.924921565258597,2.4796489785249776,normal
76.58090926315569,-141.19246410845395,2.6252366445730786,normal
76.72076784618494,-45.19995954100208,2.6252366445730786,normal
76.90873227684122,-31.64400121587523,2.6252366445730786,normal
73.58439696610556,0.30290214096071233,3.3243353107356626,normal
77.62663032125755,-60.97216331170693,4.042233355151993,normal
76.40818786475202,8.972817691905727,4.042233355151993,normal
74.19187810887612,-86.21309258786316,4.042233355151993,normal
73.32655936465747,-26.17894142393857,4.042233355151993,normal
71.99542235862984,4.8020177660695245,4.042233355151993,normal
74.29470572144984,5.806883598780459,4.042233355151993,normal
73.00816409094315,-167.21365831007813,4.042233355151993,normal
77.08779464467446,26.39713170385963,4.079630553731306,normal
75.70998028278376,-17.27664063257396,4.079630553731306,normal
76.86646268958073,-21.325180737342123,4.079630553731306,normal
78.10415486876049,-80.83320255891772,4.079630553731306,normal
75.23200454925617,-42.182156729208316,4.079630553731306,normal
72.70358727031262,-25.004193967196763,4.079630553731306,normal
72.29759484208877,-85.97383881817008,4.079630553731306,normal
71.03920128151115,-49.56971786479358,4.079630553731306,normal
70.80467408141008,-93.31835717030816,4.079630553731306,normal
69.63438660564101,13.423166759172792,4.079630553731306,normal
69.07328842250568,-95.05952934113675,4.079630553731306,normal
63.64137095134245,49.103802629075474,5.431917471163231,normal
60.91416591112236,-25.917250458618774,5.431917471163231,normal
58.031209639804004,-18.054616048284092,5.431917471163231,normal
55.195487981622954,26.321577881851287,5.431917471163231,normal
54.5057059246617,-44.98382981986307,5.431917471163231,normal
52.07094546825165,14.138867509469986,5.431917471163231,normal
49.56243879672847,-79.16895791595216,5.431917471163231,normal
51.89598129178032,-122.60050012000751,5.431917471163231,normal
53.008856870255485,-53.15486119457725,5.431917471163231,normal
51.279996892624965,-50.683564361977155,5.431917471163231,normal
51.8215904105658,12.117917246234756,5.431917471163231,normal
51.531678733105856,23.289809060534772,5.431917471163231,normal
50.160363878013186,-12.961143690042997,5.431917471163231,normal
48.70896271709506,11.679934029562162,5.431917471163231,normal
49.87840095060554,-48.119427908697105,5.431917471163231,normal
48.513623104937274,22.173558578105478,5.431917471163231,normal
48.17179640451795,-11.970930719782165,5.431917471163231,normal
47.0205951884492,-48.43011438283444,5.431917471163231,normal
44.20041562574317,41.89516668106451,5.431917471163231,normal
44.56491759059655,-65.84458350282968,5.431917471163231,normal
42.34728156187458,-63.18966798765173,5.431917471163231,normal
44.6738739479203,-101.59596522424927,5.431917471163231,normal
44.248864535783376,-24.060343569531955,5.431917471163231,normal
40.831365322795584,45.976332299881726,5.431917471163231,normal
39.213131725927624,-3.20863345010877,5.431917471163231,normal
39.16583128041194,-26.021995530039426,5.431917471163231,normal
38.57426538612493,-11.633685932454025,5.431917471163231,normal
37.956572347341165,-31.74096195411927,5.431917471163231,normal
34.698289522316564,83.78953203371378,5.431917471163231,normal
32.76404612199393,42.06035481009184,5.431917471163231,normal
31.041919565533792,-47.202250299711004,3.417499212987792,normal
30.497536859930744,-4.47725080692155,3.417499212987792,normal
28.768174433386143,65.43888237374246,3.417499212987792,normal
28.60320833193984,17.31109775442928,3.417499212987792,normal
27.787689834489814,70.04480362905397,3.417499212987792,normal
27.16411148384671,56.65048469282982,3.417499212987792,normal
27.002217698548527,-5.094846064095791,3.417499212987792,normal
27.313615980912015,24.262392805660323,3.417499212987792,normal
26.653736332620884,80.43070674349146,3.417499212987792,normal
26.08084118605582,104.2508807394272,3.417499212987792,normal
26.11906487912289,26.421514982780504,3.417499212987792,normal
26.13607252883513,70.91962530752025,3.417499212987792,normal
25.480562720901478,-6.2114399729887575,3.417499212987792,normal
25.09382641396088,-21.718060611785496,3.417499212987792,normal
25.3182091813136,-15.623843538397558,3.417499212987792,normal
23.19730762677308,32.334517358836315,3.417499212987792,normal
25.396664646278946,87.11286992268977,3.417499212987792,normal
24.078218227641887,49.58024960967959,3.417499212987792,normal
24.24306200794139,-3.178755347769108,3.417499212987792,normal
23.461814553359993,-17.647770164317965,3.417499212987792,normal
21.902176138629223,-21.05112641933005,3.417499212987792,normal
22.812193428402693,0.537576891138135,3.417499212987792,normal
21.628236579811666,7.878203076687915,3.417499212987792,normal
20.56932864479739,35.32003808304469,3.258282825024601,normal
19.624808194287596,13.929148415652893,3.258282825024601,normal
18.13456841101024,20.107161546177355,3.258282825024601,normal
16.594813776317352,-86.85781853566766,3.258282825024601,normal
16.45582148457267,-39.95080051922864,3.258282825024601,normal
16.418246094447657,9.805970292779524,2.199357019505868,normal
15.113493360487311,-3.942764753956483,2.199357019505868,normal
14.702422061949857,85.20570829441861,2.199357019505868,normal
14.074683255379394,-79.10073052516888,2.199357019505868,normal
12.99073922308054,0.8502094485696184,2.199357019505868,normal
13.790775782259944,-67.38176035423574,2.199357019505868,normal
14.024134191803977,0.7369931910449985,2.199357019505868,normal
15.531370399068742,3.2312995967112723,2.199357019505868,normal
15.798000197452923,-6.7476431582721945,2.199357019505868,normal
14.693021538428956,-43.89986142501916,2.199357019505868,normal
15.829843936022415,-35.543150808945086,2.199357019505868,normal
17.040899219415376,57.9591684704046,2.199357019505868,normal
18.830737618419814,-1.4636835881797687,2.199357019505868,normal
17.853219935457588,-63.59697177356942,2.199357019505868,normal
18.684795356343866,36.9073551981472,2.199357019505868,normal
20.541621967828632,-17.27549587769505,2.199357019505868,normal
20.841689139624354,-4.927139474334853,2.199357019505868,normal
20.466994443250222,-18.901162281241184,2.199357019505868,normal
19.56167002636162,14.540447520993107,1.8568266114847667,normal
19.17966719942432,-14.155809881677916,1.8568266114847667,normal
18.51849944548091,-26.614635130853337,1.8568266114847667,normal
20.59799472152224,13.049060864743613,2.0794952760413317,normal
22.0440303024257,62.473623810890864,2.0794952760413317,normal
23.095620786575804,52.266989310491354,2.0794952760413317,normal
23.478378189206563,-16.95519346257484,2.0794952760413317,normal
23.387125642801422,1.8419106001730392,2.0794952760413317,normal
22.368812646724002,13.480404503118505,2.0794952760413317,normal
26.809226111282857,-55.917727094836806,4.440413464558855,normal
29.51727668181168,-33.49403957568856,4.440413464558855,normal
27.246415584965334,-33.255587134410725,4.440413464558855,normal
25.72971603260508,-2.009159287982412,4.440413464558855,normal
22.195589451805574,52.758776006472914,4.440413464558855,normal
22.027286874275024,-1.6529115696642953,4.440413464558855,normal
19.93398046422344,121.91731040827148,4.440413464558855,normal
19.376638313881987,-22.8635023436271,4.440413464558855,normal
17.801332665152902,-8.999147054120755,4.440413464558855,normal
16.040804506749595,6.930117085971127,4.440413464558855,normal
14.644942456871155,-15.898355758361198,4.440413464558855,normal
13.910791179857458,31.710854900803827,4.440413464558855,normal
13.798068743848242,-34.233665702955065,4.440413464558855,normal
13.524612368246038,-68.53143767912933,4.440413464558855,normal
12.618197708299505,-39.52724121403037,4.440413464558855,normal
11.864044074067692,50.64086500499365,4.440413464558855,normal
12.72813481334897,12.254257552313444,4.440413464558855,normal
12.230139851854533,7.2760620103790155,4.440413464558855,normal
10.9473699830801,6.3907085870267295,4.440413464558855,normal
10.834885373996409,-51.057899207382114,4.440413464558855,normal
10.83247802952695,-24.36885500939935,4.440413464558855,normal
10.090483861633489,-68.29401551724251,4.440413464558855,normal
10.151639961040896,-47.91096804524682,4.440413464558855,normal
11.064956266378408,-41.66541437686642,4.440413464558855,normal
11.59185090892149,-114.19570979901903,4.440413464558855,normal
11.55193119131052,59.35370886389795,4.440413464558855,normal
12.043515635619954,-19.270803631642597,4.440413464558855,normal
12.681055670583794,21.392835750685954,4.440413464558855,normal
13.017195817375796,-63.65169105678152,4.440413464558855,normal
15.894960144899123,99.48366352167668,4.440413464558855,normal
16.74741264426887,-45.316724538651336,3.534126580799505,normal
19.538384020128298,-149.97971703448766,3.534126580799505,normal
17.004084823210565,-50.631478014986556,3.534126580799505,normal
18.45270794825482,-76.77802287585185,3.534126580799505,normal
18.31713583240484,3.2851030760202424,2.8777643275233267,normal
17.319899027575957,-72.12150345489233,2.8777643275233267,normal
15.146197236030286,-22.443606254041352,2.8777643275233267,normal
15.391357913515973,-85.434086892762,2.8777643275233267,normal
14.74419840024912,-242.15263247295422,2.8777643275233267,normal
11.419146169748066,-182.6623543520018,3.325052230501054,normal
14.750209337779069,-183.5542328781639,3.3310631680310028,normal
16.791805409862185,-81.95323073244742,3.3310631680310028,normal
13.530994475219773,-282.5157736995678,3.3310631680310028,normal
12.41552384464299,-241.10563966069924,3.3310631680310028,normal
12.74725016737153,20.970077773902922,3.3310631680310028,normal
15.708446427844468,-271.8547859877272,3.3310631680310028,normal
18.537026397353593,-75.98882886232836,3.3310631680310028,normal
12.597348663884778,57.5399592337462,5.939677733468814,normal
12.967771843040396,74.28921129360437,5.939677733468814,normal
9.622791074249555,29.411958152968214,5.939677733468814,normal
10.316295275792882,67.74567793024258,5.939677733468814,normal
10.986110111334884,111.92440164376525,5.939677733468814,normal
12.01297032081055,115.85480304502946,5.939677733468814,normal
11.400968790012774,39.24700521967216,5.939677733468814,normal
7.99772786027094,40.9327712543613,5.939677733468814,normal
6.299048127507247,39.999338126094614,5.939677733468814,normal
4.247554430261853,23.475946203846227,5.939677733468814,normal
2.5764153733934885,16.059308294336542,5.939677733468814,normal
1.5737192105280917,112.27011761719736,5.939677733468814,normal
0.5532664574523396,1.0228384843098883,5.939677733468814,normal
3.1052900787871436,-57.31776231174894,5.939677733468814,normal
4.86659953059787,1.8691557662911984,5.939677733468814,normal
7.030870822331975,-126.30195054548886,5.939677733468814,normal
10.715396595741586,-160.28125171434917,5.939677733468814,normal
12.388093735404254,-189.73751188113138,5.939677733468814,normal
15.353531398557294,-295.68274431683955,5.939677733468814,normal
22.084309575971314,-328.0288236999529,6.73077817741402,normal
23.304780323991135,-346.951163946454,6.73077817741402,normal
29.778366582842988,-264.9940410474183,6.73077817741402,normal
33.89437589322633,-241.9769125990409,6.73077817741402,normal
36.49466700526109,-376.8560535502827,6.73077817741402,normal
39.50542301732557,-334.9180157990029,6.73077817741402,normal
40.837071407125194,-268.1683318511596,6.73077817741402,normal
40.59870026496908,-349.5677874109323,6.73077817741402,normal
41.778594913054434,-340.7005161188624,6.73077817741402,normal
42.049849229825206,-358.69205617331835,6.73077817741402,normal
43.16046631462243,-397.3820809066548,6.73077817741402,normal
43.27187938663222,-346.996496239659,6.73077817741402,normal
40.76086001993342,-306.07917917616305,6.73077817741402,normal
42.76687506617594,-310.57073941907106,6.73077817741402,normal
41.43944376439633,-273.54215467924683,6.73077817741402,normal
16.69511741041482,180.12660781971883,24.74432635398151,normal
78.39235506994842,0.0,0.0,normal
78.63094191455852,-23.98381004598598,0.23858684461009716,normal
78.66056488052949,-6.41728043319117,0.23858684461009716,normal
78.71207633017059,4.3521382765896375,0.23858684461009716,normal
78.60414859190178,7.132982692785005,0.23858684461009716,normal
78.47720514854156,6.096290488229379,0.23858684461009716,normal
78.42842878053456,-1.4611682088060953,0.23858684461009716,normal
78.64829256581692,-11.19046044215223,0.23858684461009716,normal
78.80298028077458,-17.08138147201447,0.23858684461009716,normal
78.6623465755323,-9.490037959105711,0.23858684461009716,normal
78.88224310551492,10.697299000320776,0.23858684461009716,normal
78.60284424232057,7.784578543969923,0.2793988631943449,normal
77.58761123075072,-44.76321547736053,1.0152330115698476,normal
77.67425387183785,-11.884870216095958,1.0152330115698476,normal
78.1870981760414,-33.01754774809537,1.0152330115698476,normal
78.93864461963686,69.05588104100234,1.0152330115698476,normal
78.77865252146184,14.683572846062383,1.0152330115698476,normal
79.17891641305873,-39.29883101487619,1.0152330115698476,normal
79.27875796373469,6.462612821994618,1.0152330115698476,normal
80.18733739661035,-57.032724143909995,1.0152330115698476,normal
80.22078067648667,-5.26977572267156,1.0152330115698476,normal
80.51213583563643,-23.189348484632617,1.0152330115698476,normal
79.77551019961066,-125.97138203810745,1.0152330115698476,normal
79.97907768398059,86.66568247947316,1.0152330115698476,normal
78.68280475731102,-3.9704761950979797,1.2962729266695732,normal
78.60885889554072,-47.308468842653134,1.2962729266695732,normal
77.60022863576584,-51.288332047553844,1.2962729266695732,normal
77.03826775176525,-14.414096979286327,1.2962729266695732,normal
76.20964254269589,-78.79570504144421,1.2962729266695732,normal
74.89029855258873,-61.30816368186753,1.319343990107157,normal
75.2642884457793,-142.49480880550573,1.319343990107157,normal
74.7668723487069,-39.55685930872208,1.319343990107157,normal
73.92717528620005,-41.5862850377815,1.319343990107157,normal
73.31590389018504,-54.42863025375635,1.319343990107157,normal
72.69737594344684,-106.85599580786149,1.319343990107157,normal
73.25108051585335,-106.00223581872989,1.319343990107157,normal
73.5810362373149,-87.32781009775383,1.319343990107157,normal
72.86492874116932,-4.560484103918617,1.319343990107157,normal
73.81315406131813,-8.41865960857169,1.319343990107157,normal
73.0718418302768,32.67515084175417,1.319343990107157,normal
73.20149595412911,-49.410586659819096,1.319343990107157,normal
74.40383103640592,-75.1862852965636,1.319343990107157,normal
74.38868383811803,-42.059069799797264,1.319343990107157,normal
72.48587581384605,-16.404600960383192,1.9028080242719767,normal
72.41394329953614,-24.4188178173322,1.9028080242719767,normal
72.56611819307012,-124.8212443858139,1.9028080242719767,normal
73.26448904276172,-29.268467613466754,1.9028080242719767,normal
73.96303766929879,-78.23294235619737,1.9028080242719767,normal
72.14275249256833,7.474120366103883,1.9028080242719767,normal
71.81486987129107,-37.95397014704056,1.9028080242719767,normal
73.00800187962827,-22.27056628125768,1.9028080242719767,normal
75.22686389509369,-49.257990512660015,2.218862015465419,normal
75.5779679531785,-12.31220811357897,2.218862015465419,normal
72.54752835941758,58.404257856672906,3.030439593760917,normal
72.83944052935772,-37.045490759302766,3.030439593760917,normal
72.76020831957379,-88.47645956556646,3.030439593760917,normal
74.17487298949581,-59.04417718346906,3.030439593760917,normal
75.01123819909834,-37.19648424625163,3.030439593760917,normal
74.30829762564122,-20.676606226461686,3.030439593760917,normal
75.65782616689287,-55.35817317568565,3.030439593760917,normal
77.72449977948654,-73.51368041573738,3.030439593760917,normal
76.52626863001366,107.55143586336894,3.030439593760917,normal
77.74359312352395,-126.53597633502312,3.030439593760917,normal
77.02599364842241,96.68001927878036,3.030439593760917,normal
77.58429451173843,-66.95261846654336,3.030439593760917,normal
77.16910532574293,31.13957340890201,3.030439593760917,normal
77.40852044512803,-28.077118698624616,3.030439593760917,normal
75.9484285584253,62.8999486978068,3.030439593760917,normal
75.06689391655651,70.81491509745129,3.030439593760917,normal
74.53102202850295,17.522341981284377,3.030439593760917,normal
74.5422092985069,35.002671369915056,3.030439593760917,normal
73.69303111407534,-32.44276511127185,3.030439593760917,normal
76.48305306214247,-6.602731114659822,3.030439593760917,normal
76.93408085423454,18.40586566003441,3.030439593760917,normal
77.93877955639547,-36.00856960328854,3.030439593760917,normal
76.81244780246374,50.358216746978044,3.030439593760917,normal
77.38520373478623,-19.429851058637556,3.030439593760917,normal
80.33761094816428,-146.80722400402772,3.030439593760917,normal
80.3869359518893,2.156493788584239,3.030439593760917,normal
80.16229412669945,16.643053904518503,3.030439593760917,normal
80.56257835692107,-11.007184799540308,3.030439593760917,normal
82.82675277014805,-165.510955511705,3.030439593760917,normal
81.27150049163644,45.66562765144534,3.030439593760917,normal
81.00395970955296,28.79076039509102,2.952407213378052,normal
82.66047535637797,-15.448385193526619,2.952407213378052,normal
83.8993322316323,-126.74397873516419,2.952407213378052,normal
81.38443859775803,180.38558834997178,2.952407213378052,normal
81.02950183418011,-64.30193295456395,2.952407213378052,normal
81.12781330058071,-44.29363603576522,2.952407213378052,normal
80.44078938786065,-13.464520804729249,2.952407213378052,normal
81.90910631525068,-127.41469203314249,2.952407213378052,normal
82.06225048467935,-24.876377307350843,2.952407213378052,normal
77.96832691040711,45.7256129335994,4.093923574272239,normal
75.64326658491261,-22.36569561230734,4.093923574272239,normal
72.0761396685865,42.392766550711535,4.093923574272239,normal
68.95762292481132,60.55582918889718,4.093923574272239,normal
65.52855191968277,-244.49268361326435,4.093923574272239,normal
61.0649728972273,-88.8575492684116,4.46357902245547,normal
57.986441843889324,46.50027019378358,4.46357902245547,normal
54.16718586880919,-37.17061273142946,4.46357902245547,normal
52.02744312496973,16.82186499368766,4.46357902245547,normal
49.661656747252394,-47.884167285311065,4.46357902245547,normal
46.47958400784511,-90.34069681724361,4.46357902245547,normal
43.56839975988195,-104.29849353953361,4.46357902245547,normal
44.02876702176147,-147.33220969860503,4.46357902245547,normal
39.28126186850557,16.957404257180798,4.747505153255901,normal
38.610858034700996,-92.74125286069894,4.747505153255901,normal
36.22141785178182,-30.32404831335715,4.747505153255901,normal
35.37033997847314,-6.303377082536041,4.747505153255901,normal
33.59031171869301,-13.161618024997118,4.747505153255901,normal
31.825128996474948,-24.08031308578726,4.747505153255901,normal
28.248603936326884,-17.418970397724998,4.747505153255901,normal
26.103360689356546,-8.773534369406766,4.747505153255901,normal
26.25633667083214,-21.151337075875574,4.747505153255901,normal
24.64166589432679,-132.20126570243184,4.747505153255901,normal
26.30593627564172,49.396964048032196,4.747505153255901,normal
26.31658995660974,-10.190514946702429,4.747505153255901,normal
21.848093000339396,2.3840715384358933,4.747505153255901,normal
20.700017884125074,3.7985336496869206,4.747505153255901,normal
18.10139239778224,59.87607230830405,4.747505153255901,normal
19.964063580138024,-75.7106986124944,4.747505153255901,normal
21.386720817824663,-93.16790390380615,4.747505153255901,normal
21.28784538148304,26.92514943466224,4.747505153255901,normal
19.821121280210203,-171.41870447377457,4.747505153255901,normal
18.85979601426084,-15.68763946776704,4.747505153255901,normal
20.0761684658676,-31.17597669081993,4.747505153255901,normal
19.364010132020667,-76.0813710239731,4.747505153255901,normal
19.310058175607587,-34.7471615421138,4.747505153255901,normal
17.925787274618724,-5.230167120333194,4.747505153255901,normal
16.605274559793852,-2.3717081596713165,4.747505153255901,normal
17.326956308770626,-2.3963204414711683,4.747505153255901,normal
16.458450680719576,-0.2073155457652647,4.747505153255901,normal
16.37452002509891,-14.38204377508187,4.747505153255901,normal
16.008977959618846,7.380593695264446,4.747505153255901,normal
15.997073720583572,6.670042843489185,4.747505153255901,normal
15.180164075296016,26.806896006293652,4.468496956270343,normal
15.57813037665376,10.238938180197021,4.468496956270343,normal
15.23328443118885,30.594325510238313,4.468496956270343,normal
15.72328576723432,9.296345025127343,4.468496956270343,normal
17.343819148520247,42.28195404474755,4.468496956270343,normal
17.320793657841634,-2.721088085499913,4.468496956270343,normal
17.402810970725962,11.451465104959961,4.468496956270343,normal
18.502380562840585,3.4051950438064957,4.468496956270343,normal
19.087831492943938,4.992973409220202,4.468496956270343,normal
20.83794781021185,29.108087116715158,4.468496956270343,normal
22.12826251543268,23.72784231526752,4.468496956270343,normal
22.865528200999176,-5.722069329142328,4.468496956270343,normal
24.61849956733406,14.741726516547613,2.598625486342833,normal
26.612906026008826,80.12728672468086,2.598625486342833,normal
27.16229661152988,87.20486316448387,1.9944064586747672,normal
27.13352357262662,70.8715805834556,1.9944064586747672,normal
28.862116976241374,75.25874843321154,1.9944064586747672,normal
29.396657635207593,74.00054569245724,1.9944064586747672,normal
30.39260879669575,29.650587597875617,1.9944064586747672,normal
31.55473369889795,-19.975671335947762,1.9944064586747672,normal
31.45480045014057,8.34310562723261,1.9944064586747672,normal
31.46255215990054,-94.37596627512632,1.9944064586747672,normal
30.506574739708306,-5.102068779244662,1.9944064586747672,normal
31.64067547747061,33.17426502150931,1.9944064586747672,normal
33.147561121829305,32.06110302978019,1.9944064586747672,normal
31.469956321877426,48.585674554471495,1.9944064586747672,normal
31.916532188719575,-20.815121858916665,1.9944064586747672,normal
30.991366177884224,58.93794370667714,1.9944064586747672,normal
31.19441590948477,80.3967625914569,1.9944064586747672,normal
30.402168734444473,67.73517455204934,1.9944064586747672,normal
30.15085076961677,3.6737551047481363,1.9944064586747672,normal
27.267000352977576,20.053400356143573,2.883850416639195,normal
24.338891014921796,-21.956444880053986,2.92810933805578,normal
24.00634180993047,-46.82515231354162,2.92810933805578,normal
27.225063395452107,-106.38904930804011,3.2187215855216387,normal
24.165625107294932,-89.28580297172903,3.2187215855216387,normal
20.796335843134734,12.55833093157749,3.369289264160198,normal
21.245934148846928,-140.06861019868686,3.369289264160198,normal
21.869502504332605,-217.1241696790169,3.369289264160198,normal
27.22188700086838,-248.11893129035232,5.352384496535777,normal
34.092729084112335,-320.3187737608948,6.870842083243954,normal
40.372957594641235,-198.96877691469444,6.870842083243954,normal
49.12895852276117,-144.72685657542905,8.756000928119931,normal
51.09846408825186,-55.051149269698655,8.756000928119931,normal
55.60243731188817,-194.02376883605163,8.756000928119931,normal
59.09737604943474,-50.629295273964324,8.756000928119931,normal
60.62731008545669,-53.8025624902057,8.756000928119931,normal
61.0397634461094,15.611742059240054,8.756000928119931,normal
63.846773593041476,-161.98224115598202,8.756000928119931,normal
64.0473670133544,45.642846981314314,8.756000928119931,normal
65.98019601781876,61.99639176642898,8.756000928119931,normal
64.51129974654263,73.96402793481002,8.756000928119931,normal
67.4119663641563,89.50502399334167,8.756000928119931,normal
70.09441791092367,-38.54294777429748,8.756000928119931,normal
72.90777797871006,105.49636757094595,8.756000928119931,normal
69.29906941875282,155.04512643603212,8.756000928119931,normal
68.71896836500092,-21.024040064892155,8.756000928119931,normal
62.87154858513354,-20.826111528929623,8.756000928119931,normal
62.57740596255421,-242.20671777483997,8.756000928119931,normal
61.43525691866943,-344.11804893124656,8.756000928119931,normal
58.58182017054544,-110.56878713630148,8.756000928119931,normal
59.067361914328025,-455.69559619415406,8.756000928119931,normal
55.94717166820665,-365.6219140155065,8.756000928119931,normal
54.37596872197387,-398.85919792599634,8.756000928119931,normal
52.658181954582034,-287.41690373725874,8.756000928119931,normal
49.07705255003346,-364.34018651238074,8.756000928119931,normal
43.250764859827925,-298.34761874962555,8.756000928119931,normal
85.78593490517942,0.0,0.0,normal
86.47963070285118,-31.874959131578425,0.693695797671765,normal
88.01316012804176,-44.51025336647839,1.5335294251905793,normal
88.9795884396326,-68.38511053905601,1.5335294251905793,normal
89.89703300537364,-13.262079915036864,1.5335294251905793,normal
88.8336449833691,70.00976282975418,1.5335294251905793,normal
88.31207344597324,-83.7853125331574,1.5335294251905793,normal
85.51589027061108,-47.79526962285695,2.7961831753621595,normal
83.3860937975307,-47.58168633594397,2.7961831753621595,normal
81.52514286856395,-108.47375491654822,2.7961831753621595,normal
82.08481716023579,-173.45915978149426,2.7961831753621595,normal
81.90366546239574,-111.56762214337442,2.7961831753621595,normal
79.63281854727937,-32.792703394423135,2.7961831753621595,normal
77.10087773846615,-67.91834063335874,2.7961831753621595,normal
75.33182236093032,-124.76720662719238,2.7961831753621595,normal
74.5825078594643,-109.35029340056727,2.7961831753621595,normal
70.63841293993688,21.409606993836114,3.9440949195274158,normal
68.8168425713819,-37.594092311585776,3.9440949195274158,normal
64.45941809203643,-147.34614205570318,4.357424479345468,normal
63.99778689506367,-118.63372644899373,4.357424479345468,normal
63.017118317405824,-108.94876597801061,4.357424479345468,normal
63.113223619642575,-112.44576307434782,4.357424479345468,normal
62.55651028247732,-97.19115483209708,4.357424479345468,normal
59.30308795691483,-84.9031337443,4.357424479345468,normal
57.130708294788036,3.681736338072219,4.357424479345468,normal
53.82912142102319,-35.975391966717986,4.357424479345468,normal
50.31840162235911,-159.53641387928607,4.357424479345468,normal
48.79478841048999,58.82033358964773,4.357424479345468,normal
48.94100266778262,-1.3991651121244422,4.357424479345468,normal
46.620161940682614,158.5140527224229,4.357424479345468,normal
42.643585692083285,21.641732881220634,4.357424479345468,normal
39.66276175642036,-125.39032957143367,4.357424479345468,normal
37.87437387207221,-16.92298444270278,4.357424479345468,normal
36.90159703020617,19.17213320360308,4.357424479345468,normal
36.80037880813632,25.41915819456576,4.357424479345468,normal
33.99685875226833,-1.4199969225307452,4.357424479345468,normal
31.68499186809252,-48.570396106766204,4.357424479345468,normal
27.973341980226543,-33.07381837441149,4.357424479345468,normal
25.38655481685341,10.169815135164978,4.357424479345468,normal
25.808138722146264,-52.200396300312875,4.357424479345468,normal
25.178126496422212,-6.426956891834704,4.357424479345468,normal
24.014053261900933,-35.87489565058208,4.357424479345468,normal
23.15656512781986,-9.868784028744225,4.357424479345468,normal
22.371979483077137,-28.54759249140683,4.357424479345468,normal
20.96900240998193,-22.97451090523708,4.357424479345468,normal
19.73503162113963,-20.06080450027636,4.357424479345468,normal
19.739728338973876,44.528795966949936,4.357424479345468,normal
18.371978639044475,-9.801939098649274,4.357424479345468,normal
18.812626879465537,15.230342616942288,3.9765762485993292,normal
19.389880609973755,-20.485452943174078,3.9765762485993292,normal
18.618866973408984,-28.058159407355447,3.9765762485993292,normal
17.342040345833922,-47.49950369928614,3.9765762485993292,normal
17.09509702704872,31.99788970507496,3.9765762485993292,normal
19.863425064832366,46.19923245634327,3.9765762485993292,normal
19.682886262882658,-55.87183119367868,3.9765762485993292,normal
19.701911596622324,97.23968608271397,3.9765762485993292,normal
18.37615047281466,-13.927782164064658,3.9765762485993292,normal
17.492575584787126,-51.364376832139044,3.9765762485993292,normal
16.62747979240726,-17.069036036540375,3.9765762485993292,normal
16.599631778409783,16.403333787512583,3.9765762485993292,normal
10.628215311898062,-77.28784797533211,5.971416466511721,normal
8.27049182522375,-4.740953774885012,5.971416466511721,normal
7.508873212218515,11.232237465886433,5.971416466511721,normal
6.756056196103135,18.432489473682583,5.971416466511721,normal
6.137660719500856,-19.27400304569984,5.971416466511721,normal
4.026389812458399,-50.702337319006865,5.971416466511721,normal
2.472459370892416,-15.9812034755431,5.971416466511721,normal
1.4966997133107285,-54.18262318282033,5.971416466511721,normal
2.0771157701805874,23.488667456583855,5.971416466511721,normal
0.6150895980662128,125.25847107919158,5.971416466511721,normal
2.441024787800545,-44.64978071200193,5.971416466511721,normal
6.053489056385078,19.197772354872377,5.971416466511721,normal
9.874253049590909,-60.8578448920796,5.971416466511721,normal
12.918065629532121,-28.636413836875466,5.971416466511721,normal
12.743267416529495,51.273724118722605,5.971416466511721,normal
15.7039759222644,-28.243470951574157,5.971416466511721,normal
17.84126066597332,67.77125889505051,5.971416466511721,normal
21.184617260299962,1.1094655948807444,5.971416466511721,normal
19.951257449873353,16.793529620892183,5.971416466511721,normal
24.382469005192505,-19.18769983115944,5.971416466511721,normal
28.836292891504893,-158.46048520994955,5.971416466511721,normal
29.545147221800157,70.97329129129406,5.971416466511721,normal
33.496720337542186,-44.033639858061655,5.971416466511721,normal
36.726848719464805,-101.37857764475748,5.971416466511721,normal
41.02012635926591,-120.40328572856211,5.971416466511721,normal
39.34649253914816,-1.5390358391381913,5.971416466511721,normal
40.9080879361439,-60.22819769952425,5.971416466511721,normal
42.35066438514941,-92.14527829390224,5.971416466511721,normal
43.64990797439863,-169.67784281126004,5.971416466511721,normal
43.98367371754039,-167.52941928748913,5.971416466511721,normal
46.271305461747986,-301.7693766247125,4.453823886312389,normal
47.45838068090834,-325.93164410459906,4.453823886312389,normal
49.414904389099874,-326.138703143198,4.453823886312389,normal
52.26208372019113,-311.0969914248798,4.453823886312389,normal
52.963480402969275,-474.3212080485652,4.453823886312389,normal
54.36142625303343,-481.08811261571157,4.453823886312389,normal
55.03251684120636,-418.52560754571397,4.453823886312389,normal
53.941068265811325,-491.111418315052,4.453823886312389,normal
52.23443167115869,-463.49358843864735,4.453823886312389,normal
49.596890130161725,-459.15994234140425,4.453823886312389,normal
46.99484790212382,-406.6927386231953,4.453823886312389,normal
46.94353050033383,-442.1847066819406,4.453823886312389,normal
48.252862659512175,-543.1672510079849,4.453823886312389,normal
45.31568861363163,-436.24363459875843,4.453823886312389,normal
43.14428722107151,-299.6117962612025,4.453823886312389,normal
25.541029669045482,-124.12359525403501,17.603257552026026,normal
22.65663327608134,-116.9750793907644,17.603257552026026,normal
21.257789995203545,-159.44129720649687,17.603257552026026,normal
7.748032699799256,148.86285809797747,17.603257552026026,normal
6.515517678582294,-130.52502745509716,17.603257552026026,normal
3.0010791496507507,170.9880721174191,17.603257552026026,normal
1.7913851717297218,22.571152114732616,17.603257552026026,normal
1.6438105239870473,-122.00161210501055,17.603257552026026,normal
72.29976445995423,0.0,0.0,normal
71.76274809466157,-12.855206309163396,0.5370163652926578,normal
71.23133564129424,-0.28573230522611526,0.5370163652926578,normal
71.32926238104511,-31.773066017675777,0.5370163652926578,normal
71.61420496241918,53.001511002103186,0.5370163652926578,normal
71.20048979242753,-6.80629003987336,0.5370163652926578,normal
70.58097838003981,-19.333636844963202,0.6195114123877232,normal
70.61398812437803,25.219997075222356,0.6195114123877232,normal
70.70111040138838,12.684865896432443,0.6195114123877232,normal
71.20599510695283,22.88193753918943,0.6195114123877232,normal
71.42586438764113,-16.732740220469076,0.6195114123877232,normal
71.58744419840922,3.2818003710826407,0.6195114123877232,normal
71.47593151321213,12.779652093839182,0.6195114123877232,normal
72.19591573496731,-24.915032787913713,0.7199842217551833,normal
71.80024352381352,-74.10357438998827,0.7199842217551833,normal
71.7436808184157,-31.77489763501697,0.7199842217551833,normal
71.48476625488752,17.941607665656488,0.7199842217551833,normal
72.08653785839853,-23.415396089811907,0.7199842217551833,normal
69.02649850612602,146.23174947749985,3.0600393522725113,normal
68.97464884964705,-17.46676086995219,3.0600393522725113,normal
69.21167358966677,2.7977954886723784,3.0600393522725113,normal
68.56286787666691,25.563883231031348,3.0600393522725113,normal
68.15414203016954,-48.17886254274189,3.0600393522725113,normal
68.90401974309809,23.096694672444315,3.0600393522725113,normal
73.6185099460465,-157.02867579949756,4.7144902029484115,normal
73.37760786452137,-58.847575650856086,4.7144902029484115,normal
73.66715957789175,63.58322228651071,4.7144902029484115,normal
74.35613631190003,-52.95984170759104,4.7144902029484115,normal
74.53173412694004,-20.560362559227244,4.7144902029484115,normal
76.74562313799214,-78.9958243083149,4.7144902029484115,normal
77.00006542231118,11.29237881279043,4.7144902029484115,normal
80.63903234290484,-132.32061577113865,4.7144902029484115,normal
83.5807265365623,-81.53353013453787,4.7144902029484115,normal
86.32896850716207,62.47280427341243,4.7144902029484115,normal
89.20957093065833,-99.6985951158199,4.7144902029484115,normal
87.95398779113363,-247.4473816561629,4.7144902029484115,normal
84.53124213502971,-23.35861595223492,4.7144902029484115,normal
82.30848439323987,-70.67478672727489,4.7144902029484115,normal
87.37066200578556,-192.88350106202202,5.062177612545696,normal
80.1478232658419,20.53243039477405,7.222838739943668,normal
80.99727470625328,-90.23989421373136,7.222838739943668,normal
81.8479763048508,-37.07651402910024,7.222838739943668,normal
80.33163758352673,-105.69164705620355,7.222838739943668,normal
70.86006179403118,50.617889984708086,9.471575789495546,normal
67.79425005086348,34.09120671512323,9.471575789495546,normal
64.5019519032679,-31.071785528166487,9.471575789495546,normal
61.75109948111829,0.7768347048335008,9.471575789495546,normal
55.82688252139309,-26.017208522976627,9.471575789495546,normal
49.184546069160135,-31.121926052881648,9.471575789495546,normal
46.59389835402773,-55.21639427194088,9.471575789495546,normal
40.82392812948653,-94.29486605496511,9.471575789495546,normal
40.741061952463674,-61.92492173622806,9.471575789495546,normal
38.17341537956831,-34.84720677270065,9.471575789495546,normal
37.12757092648559,-175.1351290258614,9.471575789495546,normal
34.483765356811865,-199.61790012125357,9.471575789495546,normal
33.51004941467477,81.16674876196396,9.471575789495546,normal
30.33070487835207,-250.6247798387975,9.471575789495546,normal
30.221427481414974,-71.20916108656796,9.471575789495546,normal
28.95657379509168,-49.83899471036574,9.471575789495546,normal
30.782018261940625,45.04038622860761,9.471575789495546,normal
30.282473737659984,-70.17979214081747,9.471575789495546,normal
29.868978692931563,-16.440368302381135,9.471575789495546,normal
27.97819582232582,19.701562978375353,9.471575789495546,normal
24.415823343102208,-53.62494775461177,9.471575789495546,normal
20.56832988576651,23.013127131252382,9.471575789495546,normal
21.292469161851976,-54.0757545727129,9.471575789495546,normal
19.595604263231472,-91.50096275314277,9.471575789495546,normal
18.770896799282724,-54.1959544607287,9.471575789495546,normal
19.289223850129424,-52.16034073816028,9.471575789495546,normal
16.860375613334902,68.19592160813775,9.471575789495546,normal
17.0649662708484,-4.526613306590965,9.471575789495546,normal
14.614433809350137,50.16273307542161,9.471575789495546,normal
13.064475377297878,-20.338736860942884,9.471575789495546,normal
12.770660094410701,-32.65659243263377,6.6423364522329535,normal
15.3875498985466,-77.69743656557668,6.6423364522329535,normal
10.782246434258905,-0.39952153254773326,6.6423364522329535,normal
8.839463974186152,63.632447002555274,6.6423364522329535,normal
11.41720999729241,-82.24328185425017,6.6423364522329535,normal
7.201410696486077,82.9060983795944,5.769970224541197,normal
7.759499610320236,-66.93805839907343,5.769970224541197,normal
6.991844617662069,112.22914725125683,4.6053034642876955,normal
6.706334030380725,-95.38422046863968,4.6053034642876955,normal
5.895455807757148,233.09116493589178,4.6053034642876955,normal
0.1345019818023338,-69.18087383336432,5.7609538259548145,normal
0.13423744873323978,-19.916549063797888,5.7609538259548145,normal
1.0163533517746783,47.57236825063934,5.7609538259548145,normal
2.728600587294688,18.930681029900732,5.7609538259548145,normal
3.5547891056865826,-11.814847659365746,5.7609538259548145,normal
3.5231346171274085,-68.87636745039097,5.7609538259548145,normal
4.496332742166355,19.756511498611147,5.7609538259548145,normal
6.482924103542334,-37.14428387072439,5.7609538259548145,normal
3.970024864578151,-40.4725615318398,5.7609538259548145,normal
6.05799531764095,23.04792786073505,5.7609538259548145,normal
8.01778633113793,-9.550739673483491,5.7609538259548145,normal
8.12631334748469,-34.70548538092584,5.7609538259548145,normal
8.921174195848335,11.09204566609744,5.7609538259548145,normal
9.40475868525539,24.17528833423937,5.7609538259548145,normal
11.25819350419451,21.969334198939993,5.7609538259548145,normal
9.257982736703603,-59.64707662028685,5.7609538259548145,normal
11.848913657169026,44.219363755417824,5.7609538259548145,normal
11.224858551602225,-17.826215773161323,5.7609538259548145,normal
11.942955116608193,25.21862336221646,5.7609538259548145,normal
12.378675800326564,-4.714125131895603,5.7609538259548145,normal
11.941360438662631,35.40081311407625,5.7609538259548145,normal
13.071930594458415,29.07990166961905,5.7609538259548145,normal
13.616497047926957,8.012410059048982,5.7609538259548145,normal
13.633086858294702,16.533551834614332,5.7609538259548145,normal
12.860421312886075,-23.837583886956903,5.7609538259548145,normal
13.394074439591675,-17.47981114350819,5.7609538259548145,normal
12.607457980553995,-12.192160831651513,5.7609538259548145,normal
11.418551330678651,-0.6463319692734962,5.7609538259548145,normal
11.956824479505324,16.800967966428516,5.7609538259548145,normal
11.565323026284432,-8.65851307615483,5.7609538259548145,normal
12.038220566198964,-5.482259654358437,2.590930920465423,normal
11.580029448770567,-1.5291715277285447,2.590930920465423,normal
11.811431695556228,-27.197456947207897,2.590930920465423,normal
12.474814759812617,20.9930821560841,2.590930920465423,normal
12.216176299388133,19.99965870065452,2.590930920465423,normal
12.612468930484601,33.55065064730363,2.590930920465423,normal
12.473887389151804,9.989183074531576,2.590930920465423,normal
13.308854981083837,9.979338131322665,2.590930920465423,normal
13.44589321476658,-3.301719209668115,2.590930920465423,normal
13.536287484216793,12.71714815207097,2.590930920465423,normal
14.011558412698342,7.3853100718580125,2.590930920465423,normal
14.14607541490303,-10.947576848310838,2.590930920465423,normal
13.986433038444256,16.414267755269133,2.590930920465423,normal
14.101183604598335,-0.619544565658548,2.590930920465423,normal
14.323572053414338,7.399505106252258,2.590930920465423,normal
14.288180346360436,-0.8784894672697149,2.590930920465423,normal
14.604721655127715,0.9531278739233315,1.188906649875344,normal
14.962508419319331,-8.818321689173922,1.188906649875344,normal
14.979925907931467,25.60028662568756,1.188906649875344,normal
15.519675307854918,-6.907028993638978,1.188906649875344,normal
15.323003569825453,12.43027108600661,1.188906649875344,normal
15.752586617580407,-6.7295910637109015,1.188906649875344,normal
15.741085300774367,0.9034452535434702,1.188906649875344,normal
15.481361209186948,7.413929092814153,1.188906649875344,normal
15.295750513038149,-7.259157427483341,1.188906649875344,normal
15.35629877716485,9.236846251636534,1.188906649875344,normal
15.32812526248199,-8.862051553194906,1.188906649875344,normal
14.98013641290388,-11.115169835030002,0.834967591932033,normal
14.528412653868417,24.30716478280527,0.834967591932033,normal
15.713910026986726,6.7192882161666905,1.1854973731183094,normal
14.970046167518534,-35.639152320598996,1.1854973731183094,normal
14.819200496198382,15.69100785766553,1.1854973731183094,normal
14.17929113642284,27.451364901130784,1.1854973731183094,normal
14.018555699974634,-66.23357257921705,1.1854973731183094,normal
13.22240797456966,-11.146536281997934,1.1854973731183094,normal
13.511117796025559,-97.40518125247856,1.1854973731183094,normal
13.46696311249424,4.065045736610317,1.1854973731183094,normal
12.348551989327635,-14.277915078935095,1.1854973731183094,normal
11.453586601183778,-95.05315563421904,1.1854973731183094,normal
3.899285461691773,20.53494886861819,7.554301139492004,normal
2.89779793472832,-14.896772788090695,7.554301139492004,normal
1.7526286534129778,-54.655690413368156,7.554301139492004,normal
1.3193614229729993,115.82438313985114,7.554301139492004,normal
0.9437138103223501,63.669308301546785,7.554301139492004,normal
0.9206018913477063,-230.40784553104396,7.554301139492004,normal
4.397590040426906,18.616787608053773,7.554301139492004,normal
5.472030612483055,76.06111542338834,7.554301139492004,normal
3.0482472524355204,47.88214053346862,7.554301139492004,normal
0.36091191639836867,43.74886705089886,7.554301139492004,normal
0.8570368394166873,-10.914378784001714,7.554301139492004,normal
2.1915629037765627,26.50922673125461,7.554301139492004,normal
4.0578859369209415,-34.3730468334993,7.554301139492004,normal
6.361116518844152,-30.92136395402101,7.554301139492004,normal
4.216632125742916,18.814831233070272,7.554301139492004,normal
3.454956388725283,94.14650505032849,7.554301139492004,normal
2.808869291008971,2.335083157853485,7.554301139492004,normal
3.266351879513961,-38.642317903652646,7.554301139492004,normal
0.5788962500359935,57.2916167195126,7.554301139492004,normal
0.9065421933565663,-42.128343608278314,7.554301139492004,normal
0.21738501286995118,14.677436611482829,7.554301139492004,normal
2.63497832949928,116.57557520190792,7.554301139492004,normal
2.625316720931572,-18.245198239959233,7.554301139492004,normal
3.543697922957225,3.757562975457535,7.554301139492004,normal
4.075591031256092,-71.39552815103436,7.554301139492004,normal
5.152756383128109,-55.127331878725364,7.554301139492004,normal
3.4558564203779807,-121.69540357487779,7.554301139492004,normal
3.8756399321038106,-83.04827767570451,7.554301139492004,normal
4.2937703973352095,-134.95242093826542,7.554301139492004,normal
4.770071025659937,-136.594465884645,7.554301139492004,normal
9.382544099184049,-192.91097532213993,4.612473073524112,normal
12.24652948708597,-97.32504799380136,4.612473073524112,normal
14.50217545172533,-12.479953706386471,4.612473073524112,normal
19.149598345909983,-112.82808612182696,4.647422894184652,normal
22.1081106748738,28.305356486462042,4.647422894184652,normal
23.550023744715844,5.618715146277319,4.647422894184652,normal
27.686663560078298,7.879159897477187,4.647422894184652,normal
27.160829874419132,3.4111583458043997,4.647422894184652,normal
27.69695681093147,74.49737211834477,4.647422894184652,normal
30.696837456233773,-11.58223225703423,4.647422894184652,normal
33.08518527455549,103.38243549329442,4.647422894184652,normal
34.143360440416835,-19.724687147307918,4.647422894184652,normal
35.054408249031376,108.7335055555899,4.647422894184652,normal
38.20403527028104,-186.89548606932667,4.647422894184652,normal
41.00089289165789,-97.48829088933519,4.647422894184652,normal
41.57999934505218,-89.96583846905536,4.647422894184652,normal
43.82289607065397,-120.62757066496225,4.647422894184652,normal
47.978646709405986,-196.82491262810183,4.647422894184652,normal
53.732475866646446,-257.6961964888086,5.75382915724046,normal
52.58014952963442,-100.68950009740534,5.75382915724046,normal
54.090215136504035,-167.815986130454,5.75382915724046,normal
57.68782949490318,-300.302134318803,5.75382915724046,normal
62.5267182411535,-348.11696291498276,5.75382915724046,normal
61.882140182100805,-112.7662690365617,5.75382915724046,normal
65.06567517618366,-390.8904937316963,5.75382915724046,normal
69.45603543378981,-196.62709795525296,5.75382915724046,normal
73.53122068314663,-248.78606498040736,5.75382915724046,normal
75.74454418993021,-178.92382949611923,5.75382915724046,normal
77.62477143299448,-129.056444716965,5.75382915724046,normal
78.40475272729694,-127.89817570082805,5.75382915724046,normal
75.6781925785649,58.984031142774974,5.75382915724046,normal
79.50361822511093,-100.45345041255909,5.75382915724046,normal
81.72190220187521,-59.07309353599048,5.75382915724046,normal
81.94144359099175,-54.576701915529206,5.75382915724046,normal
80.51306051249567,-49.098105495853154,5.75382915724046,normal
79.12954270639976,-12.678455235738268,5.75382915724046,normal
75.18632384748499,13.781088875136481,5.75382915724046,normal
72.29090481010147,-181.9318030746935,5.75382915724046,normal
71.45366140715291,-248.73958769037458,5.75382915724046,normal
70.28917913701709,-320.9508724147428,5.75382915724046,normal
68.79453451764567,-242.42714747612038,5.75382915724046,normal
64.33226615440583,-197.43896234173678,5.75382915724046,normal
62.11903646611012,-255.95730477551342,5.75382915724046,normal
59.562414968836165,-220.46765822038932,5.75382915724046,normal
57.41564148431599,-222.29309385305584,5.75382915724046,normal
53.47489196810513,-214.64792307091605,5.75382915724046,normal
51.37945848980811,-236.8346473530389,5.75382915724046,normal
47.59864283681781,-204.99449835024194,5.75382915724046,normal
44.43984913920966,-243.86885927580698,4.838888746250326,normal
37.047403839835674,-99.91186405998506,7.392445299373989,normal
36.4204907307863,-119.81410361330488,7.392445299373989,normal
32.93331763096395,-151.9602471881649,7.392445299373989,normal
29.988087421121755,-48.01630650371101,7.392445299373989,normal
29.836000493902255,-145.34089659317706,7.392445299373989,normal
27.8772052047313,-35.610189871391384,7.392445299373989,normal
25.4928814964444,-54.06007134922894,7.392445299373989,normal
23.798505418884805,-81.43485175028108,7.392445299373989,normal
21.616330950159742,-17.256010399631165,7.392445299373989,normal
19.394729685377428,36.30139646552411,7.392445299373989,normal
16.27731811943328,-5.2096920987721465,7.392445299373989,normal
14.55897995144329,34.099448993158596,7.392445299373989,normal
12.873923438671465,4.2737356374225,7.392445299373989,normal
11.59821110051578,-53.960591632385395,7.392445299373989,normal
10.73646335524288,-52.98182111568536,7.392445299373989,normal
10.267427843717398,33.60765973704826,7.392445299373989,normal
8.845397676323863,-5.6107018204095995,7.392445299373989,normal
7.496314849934784,-19.379312802409203,7.392445299373989,normal
6.845560406177715,11.073042636182562,7.392445299373989,normal
7.241039586114572,-33.493641557558995,7.392445299373989,normal
6.547256234609513,-40.32179652944285,7.392445299373989,normal
6.190859109816778,4.240423097029551,7.392445299373989,normal
5.916648017341301,14.76775824162041,7.392445299373989,normal
6.075287678531825,9.732642170680725,7.392445299373989,normal
78.51031248473022,0.0,0.0,normal
77.77954992591998,-3.2121701738690156,0.7307625588102411,normal
78.18214523660782,-4.939140923797311,0.7307625588102411,normal
77.77476553058332,-13.845300564816892,0.7307625588102411,normal
77.38954008826336,19.61553042169649,0.7307625588102411,normal
78.84461588049044,18.733156661889566,1.4550757922270776,normal
79.53285151480391,30.699921497797312,1.4550757922270776,normal
79.8159008865421,-9.174260230727393,1.4550757922270776,normal
80.4266713013426,4.590220941974334,1.4550757922270776,normal
80.69896017269821,-6.174555767574732,1.4550757922270776,normal
81.2266948657691,-2.875384548369278,1.4550757922270776,normal
81.23295751524303,34.6461057541627,1.4550757922270776,normal
82.04646647087148,14.904423816728372,1.4550757922270776,normal
82.74145993998266,14.07150328269163,1.4550757922270776,normal
83.21451101855259,-2.565615036947697,1.4550757922270776,normal
83.2155453931887,-48.571767810856144,1.4550757922270776,normal
82.18453318705494,-66.7907025047835,1.4550757922270776,normal
82.8910397223267,6.755860120493722,1.4550757922270776,normal
83.07838051928908,-33.82600642680712,1.4550757922270776,normal
83.1692899654398,-33.76647939578745,1.4550757922270776,normal
82.41335718787185,-22.230598684414375,1.4550757922270776,normal
80.94468711261752,51.95519267396636,1.4686700752543373,normal
79.69123489969117,-76.65456049486181,1.4686700752543373,normal
80.18305430337098,-31.78606086378695,1.4686700752543373,normal
78.933032005786,-16.86744213966158,1.4686700752543373,normal
81.88595408006863,177.7417619216271,2.9529220742826254,normal
82.87803253475167,-9.262406026660363,2.9529220742826254,normal
82.84050737321277,-15.37789266345404,2.9529220742826254,normal
84.14707151394217,38.82375858114687,2.9529220742826254,normal
85.92365186683853,7.77102494949837,2.9529220742826254,normal
84.93099966461783,9.239968914968335,2.9529220742826254,normal
83.03122719329518,-47.281404938445185,2.9529220742826254,normal
82.08915377237817,1.2074829292220377,2.9529220742826254,normal
80.76619459862215,-36.35682104562024,2.9529220742826254,normal
78.94885446130925,-73.28464368879068,2.9529220742826254,normal
79.4361208868217,-15.380869015005024,2.9529220742826254,normal
79.8061089196486,-1.4318540461423253,2.9529220742826254,normal
80.1525886861034,-18.316009544513275,2.9529220742826254,normal
79.30079147424436,9.090922387299857,2.9529220742826254,normal
78.61010034574853,4.953335831194309,2.9529220742826254,normal
78.71857928672873,6.300249383073954,2.9529220742826254,normal
80.10989748717823,33.57805344759827,2.9529220742826254,normal
79.99648104923244,10.770500462531725,2.9529220742826254,normal
79.07191779129917,-9.25370592212672,2.9529220742826254,normal
79.62636355802252,6.609560994256922,2.9529220742826254,normal
78.64420288586767,-6.621466400460855,2.9529220742826254,normal
77.44328215331211,-23.683287191413584,2.9529220742826254,normal
77.85151605661594,8.864490719305813,2.9529220742826254,normal
79.61755414096652,44.988240543472116,2.9529220742826254,normal
80.71276231968773,21.080582235138248,2.9529220742826254,normal
81.26476969025647,17.564137352711004,2.9529220742826254,normal
80.71657940030593,10.67892041480916,2.9529220742826254,normal
80.73815000745267,20.608029188889805,2.9529220742826254,normal
80.56891787791025,-36.541125891661906,2.9529220742826254,normal
80.49744058778921,0.723253426888968,2.9529220742826254,normal
81.56728549027845,-6.2443855539631885,1.899772471322649,normal
81.93544616537099,2.0236901045494107,1.899772471322649,normal
81.83335538994513,5.076739945500467,1.899772471322649,normal
81.9406154975363,-10.809421982813816,1.899772471322649,normal
81.89416411566381,0.08494049426268031,1.899772471322649,normal
81.63183883122899,1.5035154334852334,1.899772471322649,normal
82.21951399442314,46.844797060927846,1.8173401373128968,normal
82.41108712522147,-16.22821340655807,1.8173401373128968,normal
82.55935415975058,-23.215542097670575,1.8173401373128968,normal
82.30776067825954,-9.557980630684947,1.7660380843505834,normal
82.42601438462064,-11.518251552186479,1.7660380843505834,normal
82.30757871637239,-6.390913630319295,1.7660380843505834,normal
82.13617768584237,6.7634154744308335,1.7660380843505834,normal
82.09927226951919,-11.504514545028094,1.7660380843505834,normal
81.2379427360786,5.631715034699219,1.7660380843505834,normal
80.24161796580348,-19.383375000719788,1.7660380843505834,normal
80.19570643736554,24.888251669323253,1.7660380843505834,normal
80.87522634893375,13.104189028622024,1.7660380843505834,normal
80.3878424222076,1.4181170389839404,1.7660380843505834,normal
79.6033757454471,-20.779283878131004,1.7660380843505834,normal
79.94447646478147,-3.7872928735667326,1.7660380843505834,normal
82.10546664178372,25.99408074557324,2.1609901770022475,normal
81.86614844313286,-45.387758501661814,2.1609901770022475,normal
79.27219847633094,-27.848118811716596,2.5939499668019153,normal
79.86614710882901,-12.547611288588126,2.5939499668019153,normal
80.64631976710946,27.1988162733636,2.5939499668019153,normal
79.40111982088978,-10.363198200285611,2.5939499668019153,normal
78.51849802816126,-15.565173861046688,2.5939499668019153,normal
78.64268991890539,-90.96531665222865,2.5939499668019153,normal
77.15657819877185,67.63781794621724,2.5939499668019153,normal
76.06778222912298,24.4047090173481,2.5939499668019153,normal
74.76742480264112,-8.0968209692714,2.5939499668019153,normal
73.04951328610957,-55.80407312962652,2.5939499668019153,normal
73.62533528139303,35.69767365213707,2.5939499668019153,normal
73.06928220375858,-15.14985834462485,2.5939499668019153,normal
73.57895865644575,64.16052353419138,2.5939499668019153,normal
73.29598268729406,8.068431154477404,2.5939499668019153,normal
74.95550303883118,10.958926410720906,2.5939499668019153,normal
77.65078217057881,-91.67506202207854,2.6952791317476255,normal
76.17452792247938,-20.47043016718665,2.6952791317476255,normal
76.38354942888348,-46.7076559394633,2.6952791317476255,normal
74.18304642762205,107.62922213582682,2.6952791317476255,normal
75.61051747397761,-32.11895433725848,2.6952791317476255,normal
76.38838553103604,-79.24902324684211,2.6952791317476255,normal
74.67040703130775,-135.27197269052556,2.6952791317476255,normal
73.67031557104173,-11.234811304485136,2.6952791317476255,normal
68.76254821748529,-82.3883872827717,4.907767353556437,normal
66.17065255184349,37.101824733843316,4.907767353556437,normal
66.09102116386148,2.666124139323214,4.907767353556437,normal
62.97865008178953,18.694464091726783,4.907767353556437,normal
59.58304311464092,43.51540442597395,4.907767353556437,normal
58.82958551882617,-96.8156790508655,4.907767353556437,normal
55.41456413657266,-30.924063664598297,4.907767353556437,normal
53.19081693141804,47.57377424079947,4.907767353556437,normal
51.092905201947694,-20.33901279870477,4.907767353556437,normal
48.14224178670763,27.722883096455988,4.907767353556437,normal
45.71559425568852,-1.9833948835514814,4.907767353556437,normal
46.91507158751668,-128.01585655934733,4.907767353556437,normal
45.4662615045943,-108.46534797153386,4.907767353556437,normal
43.22207384386309,-112.66291945889769,4.907767353556437,normal
42.75540024954007,-70.94660507043356,4.907767353556437,normal
40.89429412779973,-28.73850582569925,4.907767353556437,normal
37.5909222943975,-127.09112702746872,4.907767353556437,normal
36.12869489528506,-6.220803691674628,4.907767353556437,normal
36.6028029397726,48.112951771766085,4.907767353556437,normal
33.76670080278326,-41.90039028438649,4.907767353556437,normal
32.803189078512126,21.718895167764536,4.907767353556437,normal
32.127429326987304,33.601177409648216,4.907767353556437,normal
25.590615927617907,-119.55271539918566,6.536813399369397,normal
25.043880071396714,-1.9348574582585212,6.536813399369397,normal
26.343441411545463,-9.646813276975836,6.536813399369397,normal
24.420008708551144,70.16909046526897,6.536813399369397,normal
24.52379402184567,-43.136491978521825,6.536813399369397,normal
24.33800865921169,-49.439259812908155,6.536813399369397,normal
23.597105774550773,-44.51912174901327,6.536813399369397,normal
21.992513608634873,-64.1323626695167,6.536813399369397,normal
20.813184091031168,-35.27388698130089,6.536813399369397,normal
19.45965041009386,-40.4234330647408,6.536813399369397,normal
18.136239327395103,-12.82074878092068,6.536813399369397,normal
17.61947256708403,-45.65517224101171,6.536813399369397,normal
15.657006334727969,-22.17404800494569,6.536813399369397,normal
14.746803417323823,0.766753949557187,6.536813399369397,normal
15.855587998990593,10.72608413938628,6.536813399369397,normal
14.692442918174095,-0.8638288001431074,6.536813399369397,normal
15.149586663449053,30.116098693565952,6.536813399369397,normal
15.117025303193829,18.90166394969909,6.536813399369397,normal
15.61251378050337,4.989967850283335,6.536813399369397,normal
15.687900132853153,28.84634133189257,6.536813399369397,normal
14.98356170447063,30.664892129543432,6.536813399369397,normal
15.975800483223365,30.922003113524536,6.536813399369397,normal
14.892511863819026,31.86550655518628,6.536813399369397,normal
13.716456149626811,34.555212556798054,6.536813399369397,normal
14.855637133451015,24.64190134094955,6.536813399369397,normal
14.600598530924783,20.461043212295085,6.536813399369397,normal
14.166144601744843,29.642629846840286,6.536813399369397,normal
15.49373685567477,42.25182871752184,6.536813399369397,normal
15.4884839726501,21.513297960627373,6.536813399369397,normal
13.939927853108118,13.59368438369914,6.536813399369397,normal
15.33666707706868,-27.0596146008253,1.9624662323560624,normal
14.54566624915016,10.831172244147925,1.9624662323560624,normal
13.809228141871937,-5.592335614178515,1.9624662323560624,normal
14.798198365059296,5.445578587703103,1.9624662323560624,normal
15.79418424916381,-3.7442502511371263,1.9624662323560624,normal
16.59900497985706,-36.452751145609625,1.9624662323560624,normal
17.32834206041724,-0.8457417407179005,1.9624662323560624,normal
17.167900221482935,-33.189067194896666,1.9624662323560624,normal
17.401829774933894,-11.505201395386013,1.9624662323560624,normal
18.976769010419417,-8.26738880815468,1.9624662323560624,normal
19.016895347253488,3.4189121316027093,1.9624662323560624,normal
17.9224569478273,35.73751097289638,1.9624662323560624,normal
17.84999811101616,18.906929802443134,1.5749392354855232,normal
17.571134853298464,-42.63119906521257,1.5749392354855232,normal
15.96235347865876,11.011127037922769,1.6087813746397028,normal
13.030986789933433,59.935478032510794,2.931366688725328,normal
9.738802394371305,50.09153870281213,3.2921843955621277,normal
9.51385959568301,-38.01579361011453,3.2921843955621277,normal
9.631212306271417,-103.75538611716227,3.2921843955621277,normal
10.306303585119773,-45.27694664391751,3.2921843955621277,normal
9.879402423868257,52.23107756773059,3.2921843955621277,normal
10.665105699758694,-24.3976115636496,3.2921843955621277,normal
11.516624743597356,13.669924773428177,3.2921843955621277,normal
13.196023518133115,-1.7574211157960489,3.2921843955621277,normal
14.812453415250317,25.765817476624743,3.2921843955621277,normal
15.976249234642738,15.746960255775981,3.2921843955621277,normal
17.945398375850115,-11.099043883736432,3.2921843955621277,normal
17.821398955724863,14.749653536077235,3.2921843955621277,normal
18.209805784618737,-50.13916032762786,3.2921843955621277,normal
18.088401125689092,-46.29623257506967,3.2921843955621277,normal
19.24285071136847,43.7349675903888,3.2921843955621277,normal
21.780783687751683,109.44319393109156,3.2921843955621277,normal
22.300061451969203,56.590058889205444,3.2921843955621277,normal
22.423191336770742,30.57628843337185,3.2921843955621277,normal
23.166153947192463,5.615001675989851,3.2921843955621277,normal
20.894845659159703,-44.56216437144288,3.2921843955621277,normal
21.240081982873207,-10.42776213393002,3.2921843955621277,normal
22.389725185607237,52.790402709196165,3.2921843955621277,normal
23.058455766711422,-23.608878402639,3.2921843955621277,normal
22.78204350202076,-20.1830977674571,3.2921843955621277,normal
23.033113954829908,12.63163598237358,3.2921843955621277,normal
22.005502871541573,7.6160257187279266,3.2921843955621277,normal
21.05983536588666,4.999125855055592,3.2921843955621277,normal
20.758864771182242,3.3335137371014163,3.2921843955621277,normal
20.51164359442128,11.37447087726205,3.2921843955621277,normal
21.242660498980452,16.612620656873542,3.2921843955621277,normal
21.678914026458084,7.370362240712142,2.537932976383214,normal
21.638348782174408,16.803336106255784,2.537932976383214,normal
21.2402700401658,-8.302418176408562,2.537932976383214,normal
21.54171577806511,13.006198377558876,2.537932976383214,normal
23.27742235193495,12.499531763533778,2.537932976383214,normal
23.22348200788624,-34.76355716536689,2.537932976383214,normal
22.368323331949068,73.8455714810914,2.537932976383214,normal
23.463719677871,-67.24883169351564,2.537932976383214,normal
23.49463281509862,38.96181550308864,2.537932976383214,normal
23.756822024502814,37.13044349875662,2.537932976383214,normal
25.201193736609984,-17.399751167048997,2.537932976383214,normal
25.129628090648836,55.776141215071135,2.537932976383214,normal
27.426671131906758,-2.3075882524893663,2.537932976383214,normal
29.50556965175858,19.603167115253946,2.537932976383214,normal
27.57743361038784,-62.177357600759215,2.537932976383214,normal
26.749246547917018,-20.064501605656375,2.297043041257922,normal
27.969834862841914,-45.245122577333916,2.297043041257922,normal
27.51169945182259,-10.583219264939077,2.297043041257922,normal
27.373323603016296,3.8859703749877976,2.297043041257922,normal
26.67801884533732,-8.027220133002249,2.297043041257922,normal
28.104080467889325,-29.724365039432676,2.297043041257922,normal
29.996130920583347,-53.99880143889543,2.297043041257922,normal
33.138483255073304,-37.59521224094864,3.1423523344899564,normal
33.02343149249639,23.860723533876058,3.1423523344899564,normal
33.898073815026706,-46.22273958677231,3.1423523344899564,normal
33.61020299263594,-81.3823804585393,3.1423523344899564,normal
35.607286223220804,68.96733128902959,3.1423523344899564,normal
39.423070986703046,-45.54138403171642,3.8157847634822417,normal
43.116395031453735,-30.30017458948831,3.8157847634822417,normal
49.74274991564592,25.559533419129664,6.626354884192189,normal
52.186226125425044,-124.735459249925,6.626354884192189,normal
49.05230750408358,-183.5287051372161,6.626354884192189,normal
54.965818225067565,-153.78533723788098,6.626354884192189,normal
58.5244744816352,91.79686348554955,6.626354884192189,normal
61.82789693521411,-92.2233975578174,6.626354884192189,normal
64.74317441946006,25.429718701482926,6.626354884192189,normal
62.87878240016991,-84.96659457628125,6.626354884192189,normal
63.4453397621715,231.51596329348294,6.626354884192189,normal
56.94194932842353,28.980964002044743,6.626354884192189,normal
52.307646241355506,103.58001032577356,6.626354884192189,normal
53.82721023105813,110.00892967589772,6.626354884192189,normal
57.020299567836624,169.79146902871182,6.626354884192189,normal
54.9486173388406,64.30773846090541,6.626354884192189,normal
49.15855466968963,57.075891042373655,6.626354884192189,normal
51.87445158318785,73.31532300477774,6.626354884192189,normal
50.30626870305825,-18.486119483157943,6.626354884192189,normal
49.530566918265144,116.34054522531665,6.626354884192189,normal
47.30199952389375,125.74032132356086,6.626354884192189,normal
39.70327719748449,-183.36454790167338,7.598722326409259,normal
29.760428623663365,-117.62335274379049,9.942848573821124,normal
25.6476673263756,-147.2913960538738,9.942848573821124,normal
20.106917864567194,-132.12734280185194,9.942848573821124,normal
10.629571170786718,-151.77172093858104,9.942848573821124,normal
0.6507440137864438,-171.34810088987615,9.978827157000275,normal
5.981132521189379,-214.48413496815937,9.978827157000275,normal
7.069218948487012,-152.70698217594776,9.978827157000275,normal
10.74181931815387,-383.4710732776284,9.978827157000275,normal
12.765444885525994,-312.25499391677124,9.978827157000275,normal
15.754339420121724,-278.9922047834579,9.978827157000275,normal
14.793349940325989,-225.84326618742787,9.978827157000275,normal
15.611102809224105,-312.089691930632,9.978827157000275,normal
17.562042955454793,-220.6158770634238,9.978827157000275,normal
15.611668944954998,-329.60643660864656,9.978827157000275,normal
17.818216654164896,-298.95665518697734,9.978827157000275,normal
17.479968821957907,-246.3702470340832,9.978827157000275,normal
14.735221803219396,-203.1453803095091,9.978827157000275,normal
14.953888976830115,-281.6077309464144,9.978827157000275,normal
15.714842250600398,-258.4943006019545,9.978827157000275,normal
13.842249683067473,-249.60004636713882,9.978827157000275,normal
12.50455799465361,-208.365900929934,9.978827157000275,normal
12.384208717414847,-231.89487574093508,9.978827157000275,normal
11.32505184726045,-176.4671966074483,9.978827157000275,normal
9.553265561819378,-144.40822720144808,9.978827157000275,normal
7.228062056285487,-127.22632207291916,9.978827157000275,normal
6.688388863124983,-97.22504186418537,9.978827157000275,normal
5.712861966193464,-38.866114353218556,9.978827157000275,normal
5.185723122799938,-23.165402021542473,9.978827157000275,normal
4.229948033801335,-30.866597184652385,9.978827157000275,normal
2.5749338969367965,36.49029896517588,9.978827157000275,normal
2.1282168301062128,-96.68105638071333,9.978827157000275,normal
0.13639452623278497,-77.32114876722244,9.978827157000275,normal
0.4706602302735715,-85.85572236460771,9.978827157000275,normal
0.09492720117423445,-43.89477477366468,9.978827157000275,normal
0.3163161701927689,31.984102716987,5.330388507402936,normal
0.7759447000514714,46.98537243418198,3.672600369666859,normal
0.3433240654960356,18.599907692453232,3.672600369666859,normal
52.58342462506625,0.0,0.0,normal
51.88752232133116,14.074486471460064,0.6959023037350889,normal
51.94024753113725,21.340222037256744,0.6959023037350889,normal
53.11026961797108,-19.62240845760738,1.170022086833825,normal
52.964990709655574,-9.669026135645987,1.170022086833825,normal
52.268390083416975,11.205053232256352,1.170022086833825,normal
52.5276598849251,-24.40540772356164,1.170022086833825,normal
52.8645558225005,-27.700459441316355,1.170022086833825,normal
52.8711396042033,-26.01195149117454,1.170022086833825,normal
52.53908425179326,-15.511378118251933,1.170022086833825,normal
53.3792961097201,-2.5910297588820237,1.170022086833825,normal
53.05630787695804,19.658124693569704,1.170022086833825,normal
53.34980897431379,-20.3225382625611,1.170022086833825,normal
53.7927624358941,-24.38983910788576,1.170022086833825,normal
52.80892942077233,47.13123655597205,1.170022086833825,normal
51.68454565999214,42.93480778062977,1.170022086833825,normal
53.355866783241225,-56.778970320178956,1.6713211232490863,normal
52.587673697551665,24.40449192263953,1.6713211232490863,normal
51.64592239043216,10.389303560886143,1.6713211232490863,normal
51.777937340315525,-8.231447638162535,1.6713211232490863,normal
52.26396546486857,-36.483906085281184,1.6713211232490863,normal
52.38944226099323,-12.932940622048932,1.6713211232490863,normal
51.965074434156826,-19.41910065289878,1.6713211232490863,normal
51.527859098694606,20.145101833902128,1.6713211232490863,normal
51.03853088839586,9.582482948506515,1.6713211232490863,normal
49.72956481669337,6.620324865939083,1.6713211232490863,normal
50.62622754058202,-34.69946798854826,1.6713211232490863,normal
51.15425840576189,-63.17263445789562,1.6713211232490863,normal
50.177969936111104,23.62583218861481,1.6713211232490863,normal
49.582345332625394,-19.054382935668148,1.6713211232490863,normal
48.45669574661244,40.01157123725204,1.6713211232490863,normal
48.456865515666664,-9.794490861975168,1.6713211232490863,normal
49.20294259496202,59.03252743926315,1.6713211232490863,normal
48.27411673237348,-12.155196688946322,1.6713211232490863,normal
47.82553589597557,26.17633775669343,1.6713211232490863,normal
45.51071887514787,-61.96492199186198,2.3148170208276966,normal
40.94915284191192,24.507748476607524,4.561566033235955,normal
42.95462580017313,29.393775346299254,4.561566033235955,normal
47.3444406518346,-150.1343426187723,4.561566033235955,normal
45.878960447837564,-49.56474855625101,4.561566033235955,normal
39.59073348842475,80.3496255032366,6.28822695941281,normal
42.69010513162597,-34.94627633705713,6.28822695941281,normal
46.93983992605411,-37.08947944502696,6.28822695941281,normal
45.15547017765046,-85.83229667368352,6.28822695941281,normal
45.79501095588406,-2.093749858175851,6.28822695941281,normal
47.11834298991112,-115.33940238409399,6.28822695941281,normal
45.8054507340338,33.055605333359345,6.28822695941281,normal
45.243978670199816,62.72022880237287,6.28822695941281,normal
45.4073763161867,46.300376169387015,6.28822695941281,normal
43.7169812213213,245.60017814237,6.28822695941281,normal
46.54520269126067,-187.81703211109652,6.28822695941281,normal
47.820564191236855,-95.13820774371257,6.28822695941281,normal
46.20577305019877,-53.88961841091934,6.28822695941281,normal
43.981824822415284,-114.93667892859575,6.28822695941281,normal
37.48227551200949,293.04278701185973,6.499549310405797,normal
34.42752081271962,61.44016806349248,6.499549310405797,normal
36.419943392195286,-64.70568520150913,6.499549310405797,normal
34.78538930055626,24.40059976872056,6.499549310405797,normal
38.19353726221316,-131.23037998456084,6.499549310405797,normal
37.901892735277336,11.908388340437458,6.499549310405797,normal
37.07644165992012,44.7945705032063,6.499549310405797,normal
36.16974696315506,-13.411446603851832,6.499549310405797,normal
36.888868163994445,24.87429779568238,6.499549310405797,normal
35.06355870207032,61.317908640390684,6.499549310405797,normal
34.61731285910076,80.03344523487783,6.499549310405797,normal
33.88142241790121,-19.090557072091524,6.499549310405797,normal
32.88875369942931,25.905718584209684,6.499549310405797,normal
33.393211305637365,5.29058192703418,6.499549310405797,normal
33.92698058156878,-71.81550566031643,6.499549310405797,normal
31.859939759107615,31.45707482381492,6.499549310405797,normal
29.722842194769147,80.45402680835723,6.499549310405797,normal
29.63203326048884,10.731584155525061,6.499549310405797,normal
28.092101940241122,56.2553611429621,6.499549310405797,normal
28.357693879437942,8.258463765364803,6.499549310405797,normal
27.369917367254637,-19.150084132028727,6.499549310405797,normal
28.956131796696976,-22.642261998267795,6.499549310405797,normal
29.513865548058646,-47.177713452769176,6.499549310405797,normal
29.30656648502411,-213.38436225458628,6.499549310405797,normal
30.440792257917927,50.768568868365676,6.499549310405797,normal
30.859824491316704,-2.340329256454188,6.499549310405797,normal
33.562410611018386,-186.30252633615578,6.499549310405797,normal
35.59181344224726,-34.416943404077074,6.499549310405797,normal
36.35126508807315,-34.21157504729372,6.499549310405797,normal
35.21215884387419,-106.97539256245591,6.499549310405797,normal
35.28054477786993,-37.141909047817805,3.4081479616569013,normal
36.1567106922036,-56.09326437974848,3.4081479616569013,normal
36.091545804239395,15.671414329390798,3.4081479616569013,normal
36.717805113185186,-61.484813358445386,3.4081479616569013,normal
37.48018136129249,-1.5758644367221852,2.7025861197016816,normal
36.00193436328704,43.61250046299177,2.7025861197016816,normal
34.26730364258355,74.13225304302627,2.7025861197016816,normal
34.21512151368545,-56.038087374191306,2.7025861197016816,normal
33.05920797530502,-28.408373554108014,2.7025861197016816,normal
33.26313397315088,-58.86035686590631,2.7025861197016816,normal
35.06597684331022,-114.34804788590903,2.7025861197016816,normal
34.787317780435295,-51.137636639976336,2.7025861197016816,normal
36.0726073423656,-39.01655353537864,2.7025861197016816,normal
39.981669803567904,-56.18324182034588,3.9090624612023035,normal
39.79141742802626,-15.378358034315337,3.9090624612023035,normal
38.97074686949817,2.508378725661523,3.9090624612023035,normal
39.28870931316441,-38.392206256729594,3.9090624612023035,normal
38.754803728094764,5.283026569426765,3.9090624612023035,normal
37.41641811573372,-15.453224759697896,3.9090624612023035,normal
36.258063122927666,-36.63524218766,3.9090624612023035,normal
34.388271803278435,-37.80815421865342,3.9090624612023035,normal
33.200828909230516,-8.249305756143695,3.9090624612023035,normal
32.013152446949206,-14.604048354670642,3.9090624612023035,normal
30.429184144687525,18.57954015755369,3.9090624612023035,normal
30.301575833096418,61.42643104966082,3.9090624612023035,normal
29.60900277876071,-23.074062133043043,3.9090624612023035,normal
28.105117983756312,30.08199973926553,3.9090624612023035,normal
27.301166073656443,-46.06089422825503,3.9090624612023035,normal
25.35640081696147,-0.2516163033499465,3.9090624612023035,normal
24.649027407551884,-86.4403884859651,3.9090624612023035,normal
24.345789986342282,-88.9874598005858,3.9090624612023035,normal
24.315634245338913,-46.81780369037962,3.9090624612023035,normal
24.477554054981017,-18.108360583127677,3.9090624612023035,normal
24.21043049143237,-53.795290915941926,3.9090624612023035,normal
23.448725652771063,-54.56341893936237,3.9090624612023035,normal
23.832303272734727,25.94624277501309,3.9090624612023035,normal
23.778367325768247,36.2377845874639,3.9090624612023035,normal
24.2458622318811,-29.804741010096482,3.9090624612023035,normal
24.620594473638103,-20.682448024950652,3.9090624612023035,normal
24.70059099474,-2.349258315444769,3.9090624612023035,normal
24.60689512569393,24.17210743865391,3.9090624612023035,normal
24.28123400404371,-4.424692155178404,3.9090624612023035,normal
22.783454318649152,7.24375634366602,3.9090624612023035,normal
22.097598152947953,64.48474822904988,1.9447652566949714,normal
21.22786889108406,-32.569315043718504,1.9447652566949714,normal
20.187070856878396,31.473559240412914,1.9447652566949714,normal
18.89694128097766,13.42174936422558,1.9447652566949714,normal
19.59958417337962,-62.3584874381391,1.9447652566949714,normal
17.958415948486113,47.88013276002817,1.9447652566949714,normal
16.963093767440235,-29.300592602474477,1.9447652566949714,normal
16.22552283102879,38.56941373515804,1.9447652566949714,normal
14.883473220121573,-0.3443411467136665,1.9447652566949714,normal
14.860583076876663,-2.708481227142736,1.9447652566949714,normal
14.578534487021692,32.820244496376866,1.9447652566949714,normal
15.107997968830553,-11.953262585620887,1.9447652566949714,normal
14.160649916951366,21.96777461913318,1.9447652566949714,normal
14.002881105933238,-4.028379306134949,1.9447652566949714,normal
13.37041724862782,-29.14902754986514,1.9447652566949714,normal
13.439836859279355,-14.514070914073255,1.6411682248935051,normal
10.530454390110833,-33.780461763210056,2.9093824691685217,normal
9.801058377378085,-44.55554646253538,2.9093824691685217,normal
11.111536259859983,-33.80221203511019,2.9093824691685217,normal
9.778718606477758,-25.797425125170083,2.9093824691685217,normal
9.974697639361903,31.656032574143495,2.9093824691685217,normal
8.096311493810278,-2.800519219814873,2.9093824691685217,normal
6.548523335507241,-1.2280890365506032,2.9093824691685217,normal
6.235084151418237,32.34105166388238,2.9093824691685217,normal
5.841262662272155,-2.995355865993949,2.9093824691685217,normal
5.385625688142594,12.992467681986135,2.9093824691685217,normal
5.2269606018895,5.120700855982623,2.9093824691685217,normal
4.975210267823184,-16.88439265072657,2.9093824691685217,normal
4.485550320750882,34.261257247318234,2.9093824691685217,normal
4.556970730174115,-1.811912124396248,2.9093824691685217,normal
4.935311628218575,-27.06306199952723,2.9093824691685217,normal
5.249687781376659,-15.788636847420982,2.9093824691685217,normal
4.384424397452068,13.520884814044075,2.9093824691685217,normal
4.337431255930465,-21.89176314259798,2.9093824691685217,normal
3.078074373746238,-81.24779725759677,2.9093824691685217,normal
4.673042650565238,63.40158468842332,2.9093824691685217,normal
5.41306290576569,-68.37094944202713,2.9093824691685217,normal
4.681676339014881,-7.825976779897971,2.9093824691685217,normal
4.753908452190139,-12.562728099285636,2.9093824691685217,normal
5.430423524924314,7.487359388947497,2.9093824691685217,normal
5.994673010173377,23.40558206684716,2.9093824691685217,normal
5.166381374849463,-33.323019202615704,2.9093824691685217,normal
5.181212254466235,-9.513568929117676,2.9093824691685217,normal
5.587465783520122,-14.193082690873414,2.9093824691685217,normal
5.258338127989938,-16.907058723548815,2.9093824691685217,normal
4.689472473832951,44.07910103280723,2.9093824691685217,normal
5.291410947287673,22.17337192614706,1.8783861455516249,normal
4.69375266889648,-1.1328457406510783,1.8783861455516249,normal
5.360943737622895,22.951573759710723,1.8783861455516249,normal
6.339644680846349,9.977193145936276,1.8783861455516249,normal
8.355912262308012,29.981719538294396,2.016267581461663,normal
8.377229884753781,5.5128926008765795,2.016267581461663,normal
7.9025189046354605,6.331160724782593,2.016267581461663,normal
10.034207077707494,12.67582951316632,2.1316881730720336,normal
11.792727039597786,16.273324485448132,2.1316881730720336,normal
13.563450246987925,15.349281355038318,2.1316881730720336,normal
14.10873548653495,-5.272723809053018,2.1316881730720336,normal
14.37040969411748,11.889385471303658,2.1316881730720336,normal
15.381723548544837,20.590410032278513,2.1316881730720336,normal
15.724256335480336,35.23269307544728,2.1316881730720336,normal
17.528097674654994,3.582613207297509,2.1316881730720336,normal
19.12359780563883,25.589309365620398,2.1316881730720336,normal
18.458130288049105,36.954169858785086,2.1316881730720336,normal
19.38738175774095,41.35596699091072,2.1316881730720336,normal
19.71013654039319,44.38703909286699,2.1316881730720336,normal
20.531440301454662,6.974510872565441,2.1316881730720336,normal
21.40417395752319,2.17662984162688,2.1316881730720336,normal
20.942260676062066,-41.42739946283536,2.1316881730720336,normal
20.979452867765872,78.97752677168407,2.1316881730720336,normal
21.826618873101317,-55.170137050260784,2.1316881730720336,normal
23.003101398035415,-83.3561999305264,2.1316881730720336,normal
22.517532873601095,-68.07079568980531,2.1316881730720336,normal
21.78464545686055,33.74680607932248,2.1316881730720336,normal
22.564807880537845,-48.62078675578529,2.1316881730720336,normal
23.001452726756046,-2.536081703555375,2.1316881730720336,normal
24.52195566147887,-2.2830916988222625,2.1316881730720336,normal
26.62592931128226,12.124059457594555,2.1316881730720336,normal
28.1279440922998,-33.13299051127771,2.1316881730720336,normal
28.623269654158968,-10.05961522892625,2.1316881730720336,normal
29.42836781843161,-57.67828682569178,2.1316881730720336,normal
30.210265243715092,-108.90933515972343,2.1316881730720336,normal
29.822519802896107,-4.945782879859458,2.1316881730720336,normal
29.024873175558948,-62.538671269564404,2.1316881730720336,normal
31.011789410788197,-87.80745031244602,2.1039736498033896,normal
31.626761093579496,-71.38278972461907,2.1039736498033896,normal
37.182036562156554,-152.83984749291818,5.555275468577058,normal
37.65581755787355,-86.47976792561586,5.555275468577058,normal
39.468162215064936,-31.145473560066716,5.555275468577058,normal
40.176399899351175,-16.101611812552353,5.555275468577058,normal
42.791063812888495,86.63110402799468,5.555275468577058,normal
43.50249167512965,39.117062686580304,5.555275468577058,normal
45.900423677869505,-202.28393927768107,5.555275468577058,normal
48.51520755256734,-35.056859298402,5.555275468577058,normal
49.873026555152514,-85.49619773526885,5.555275468577058,normal
49.27366514686531,-64.99736779520141,5.555275468577058,normal
53.225539544412406,102.93464994387246,5.555275468577058,normal
51.0690101362712,116.62358422712387,5.555275468577058,normal
51.54789287430005,77.04541577626077,5.555275468577058,normal
52.450881511282795,9.53211389779042,5.555275468577058,normal
52.530305129780224,77.76180104758195,5.555275468577058,normal
51.3936044976978,131.63722454420858,5.555275468577058,normal
49.823439989790494,26.243649124468575,5.555275468577058,normal
50.473322979413055,104.1183226357007,5.555275468577058,normal
47.635537798751855,98.34373992133095,5.555275468577058,normal
48.88807367340103,-11.30281498069168,5.555275468577058,normal
50.98270103861683,-79.94117829197516,5.555275468577058,normal
46.47658674298423,3.52171244597714,5.555275468577058,normal
42.880605545169985,-21.797435647620567,5.555275468577058,normal
40.078027952129254,-53.087147852919735,5.555275468577058,normal
34.61001761880842,-40.592417972100826,5.555275468577058,normal
32.934658604374995,-49.209646748702546,5.555275468577058,normal
28.45024476029999,15.315625671150746,5.555275468577058,normal
26.215793369936147,-77.11455874588013,5.555275468577058,normal
24.599767448613335,-17.99938027339649,5.555275468577058,normal
22.652106718422907,-110.37392978440914,5.555275468577058,normal
19.80480773624062,-7.682196035126573,5.468010333320834,normal
17.60397000372663,-177.55777228115014,5.468010333320834,normal
15.967805732063194,-89.18962285414176,5.468010333320834,normal
13.127662540760637,-85.78879612988325,5.468010333320834,normal
12.954653888308245,-309.93725347272954,5.468010333320834,normal
9.473367664385114,-100.71383270775374,5.468010333320834,normal
6.230974113388267,-200.9354224198729,5.468010333320834,normal
0.3470435480146016,-229.43400236480883,5.883930565373665,normal
1.3496356489970804,-169.91999259074592,5.883930565373665,normal
3.9916033282984724,-111.16174752765497,5.883930565373665,normal
10.017894108529497,-256.7106749294184,6.026290780231024,normal
10.449586079411578,-215.79131602812402,6.026290780231024,normal
10.189858373897525,-180.7971890928866,6.026290780231024,normal
11.08664633421623,-184.18771305677137,6.026290780231024,normal
10.416207015999555,-232.1218780712041,6.026290780231024,normal
10.155906229486,-194.415835655366,6.026290780231024,normal
10.448437029262049,-172.0428191281988,6.026290780231024,normal
10.459572023689244,-152.02421229666322,6.026290780231024,normal
11.087532673190985,-170.46088751036763,6.026290780231024,normal
12.355831958165318,-185.2557658821831,6.026290780231024,normal
9.974288033216704,-69.88785919438843,6.026290780231024,normal
8.036806980749628,-145.84095342080153,6.026290780231024,normal
6.088363643106602,-138.84629492794966,6.026290780231024,normal
5.1050355095286815,-145.3416129680206,6.026290780231024,normal
4.283520597383008,-91.70258058441384,6.026290780231024,normal
2.8803125113983237,-79.97952745558857,6.026290780231024,normal
2.0366950889070177,-30.140153097819567,6.026290780231024,normal
1.3669281824543644,-51.15103022846221,6.026290780231024,normal
1.7754154033165181,-0.48835084171559223,6.026290780231024,normal
0.545348452097404,-18.001669775701767,6.026290780231024,normal
0.3851906208819598,52.95263959248471,6.026290780231024,normal
1.2166188326233278,-35.475838220267704,6.026290780231024,normal
1.360607700381676,-23.828338667516565,6.026290780231024,normal
1.4285220988861926,-10.808053532521313,6.026290780231024,normal
1.4930479842173017,-9.473960539236383,6.026290780231024,normal
1.4627606679755891,-2.418515760179399,6.026290780231024,normal
1.2039765064161712,-105.40399265522902,6.026290780231024,normal
2.1509664711070156,21.025300995165885,6.026290780231024,normal
2.8282280620757914,-0.9971927290634139,6.026290780231024,normal
2.2900999664656436,22.083165535319143,6.026290780231024,normal
3.0477877653098844,-4.661426693544049,2.3815439249486143,normal
1.9925676040731723,-0.5585240873723334,2.3815439249486143,normal
1.6701488202020518,21.53242575578475,2.3815439249486143,normal
1.5425989147401327,-79.58298565631458,2.3815439249486143,normal
1.2472147628826942,9.865465433438757,2.3815439249486143,normal
1.051830058903869,-24.514616983523357,2.3815439249486143,normal
1.2630408732424097,63.31893365520282,2.3815439249486143,normal
86.82370493913491,0.0,0.0,normal
86.85467172756624,-1.3467291926836886,0.030966788431328496,normal
86.73056149964542,2.267898370205219,0.12411022792082349,normal
86.84955766507137,-9.786048998476119,0.12411022792082349,normal
86.9219906826593,-1.868206177374058,0.12411022792082349,normal
86.94627885340896,-8.53409218141219,0.12411022792082349,normal
86.89470747796393,10.220307927342505,0.12411022792082349,normal
87.10137897270614,-3.3866244563254275,0.20667149474220992,normal
87.07148085714073,6.28473623252388,0.20667149474220992,normal
87.05131053378557,-4.1166464511356065,0.20667149474220992,normal
87.03222157657743,-1.8063981063176928,0.20667149474220992,normal
86.97258242286398,4.493217847016053,0.20667149474220992,normal
86.84013953457833,2.9269555426914233,0.20667149474220992,normal
86.84021626560936,-25.12040250877861,0.20667149474220992,normal
87.00661409843813,-4.276889598318775,0.20667149474220992,normal
87.05332549743251,8.495633826088229,0.20667149474220992,normal
87.04078985537546,-17.70732560130353,0.20667149474220992,normal
87.33528812032574,-52.348231321797584,0.29449826495027764,normal
87.5274402511352,-46.02000052075255,0.29449826495027764,normal
87.87261542031784,-23.57222478820751,0.3451751691826388,normal
88.16090734427546,-0.2877509085846331,0.3451751691826388,normal
87.8425755064733,-8.711046399658747,0.3451751691826388,normal
87.94108362840707,-14.340617078985156,0.3451751691826388,normal
87.54380471524512,-6.887021547150905,0.39727891316195496,normal
86.81544326943046,9.08578644528567,0.7283614458146559,normal
87.4712271946732,-38.62592387215777,0.7283614458146559,normal
86.87586533102079,0.8925543298102502,0.7283614458146559,normal
86.70968288628497,-37.55206586724884,0.7283614458146559,normal
86.6680365005318,14.690404977407844,0.7283614458146559,normal
86.30368050661195,-8.173316181468369,0.7283614458146559,normal
86.40672864603849,-17.958907342381107,0.7283614458146559,normal
86.16047595254709,-0.677828512584804,0.7283614458146559,normal
86.64122941943518,7.030324704488995,0.7283614458146559,normal
86.78969660657496,-22.340412823932322,0.7283614458146559,normal
86.41769907109526,49.497047895845625,0.7283614458146559,normal
86.51802772583108,22.619006981249346,0.7283614458146559,normal
86.15832173747005,23.39343921970743,0.7283614458146559,normal
86.37953944436903,-19.99124828622707,0.7283614458146559,normal
87.28219129952545,-110.36357600311877,0.9026518551564209,normal
87.593492460968,-11.432203957610643,0.9026518551564209,normal
86.8921296023287,-7.17706164355244,0.9026518551564209,normal
86.6479694014244,6.017816933073059,0.9026518551564209,normal
87.20855912242473,11.804654815420664,0.9026518551564209,normal
86.50297468208991,-12.28401074428003,0.9026518551564209,normal
84.89844760472923,-28.388675954970182,1.604527077360686,normal
85.52165773059943,64.99530725383833,1.604527077360686,normal
84.1951162060568,-3.463083329409968,1.604527077360686,normal
83.50769239329331,7.003999044594618,1.604527077360686,normal
82.3496897200122,49.64859212932457,1.604527077360686,normal
82.30813222208728,-41.55654211535624,1.604527077360686,normal
82.175061955211,-59.168637503476624,1.604527077360686,normal
81.52204171914912,43.92058637387135,1.604527077360686,normal
79.80369942391373,22.51049947872817,1.718342295235388,normal
78.1345399482259,3.172814314226742,1.718342295235388,normal
77.64210922646726,-36.7320787912344,1.718342295235388,normal
77.74589008151231,19.670304154297348,1.718342295235388,normal
77.87223463986821,-57.63327923468018,1.718342295235388,normal
76.9972186270256,-44.6208489270618,1.718342295235388,normal
76.079905758371,-78.34401925175968,1.718342295235388,normal
75.24491424384898,-104.24182994315834,1.718342295235388,normal
74.57032909838232,-62.867507178027545,1.718342295235388,normal
72.88922014198607,-62.66972135064717,1.718342295235388,normal
71.08699831601817,-44.541414109815285,1.802221825967905,normal
70.29955662562706,-72.90307764854602,1.802221825967905,normal
67.51340351219028,-24.024339382045735,2.7861531134367823,normal
65.10448193147153,-18.829714387930785,2.7861531134367823,normal
64.45957644195376,-47.27081274390803,2.7861531134367823,normal
61.66129987194958,54.80498768689725,2.7982765700041767,normal
59.2468245650768,-78.4676353938724,2.7982765700041767,normal
59.241343162543124,-131.8643147358113,2.7982765700041767,normal
57.489594515335014,-65.80590865980348,2.7982765700041767,normal
56.15512935473268,-67.4120028321422,2.7982765700041767,normal
54.52745243941114,-45.13591618586484,2.7982765700041767,normal
53.73138209394788,-104.54743651671481,2.7982765700041767,normal
53.26469338625434,-77.74127609956926,2.7982765700041767,normal
52.048520276010514,-11.91476474941367,2.7982765700041767,normal
50.4227228743568,11.701870282441746,2.7982765700041767,normal
50.032676371892784,-55.71013254970046,2.7982765700041767,normal
48.400954714341594,-33.18154848721876,2.7982765700041767,normal
47.55592316938723,-44.00185254137139,2.7982765700041767,normal
46.29716391390267,-41.77126793258168,2.7982765700041767,normal
46.66177701378627,-80.74720862194383,2.7982765700041767,normal
46.62675384777327,-59.28172338163161,2.7982765700041767,normal
46.530651385607825,-81.13087650005667,2.7982765700041767,normal
45.54703567000606,-16.51786361164104,2.7982765700041767,normal
45.13177079807089,-73.73084796313793,2.7982765700041767,normal
42.78975263716236,-3.3257320603958234,2.7982765700041767,normal
42.113154061314425,-41.83719654170847,2.7982765700041767,normal
41.20146013777045,-25.824556681257793,2.7982765700041767,normal
41.02063733623814,-22.307677438150616,2.7982765700041767,normal
39.48405935682677,-76.97416926212527,2.7982765700041767,normal
37.572652485215386,-1.0871352942469552,2.7982765700041767,normal
35.45170119712738,-9.982919150729726,2.7982765700041767,normal
34.719029896840475,19.128224479254857,2.7982765700041767,normal
34.24826358783799,12.280348043772985,2.7982765700041767,normal
34.22246482260389,-65.32060084262017,2.7982765700041767,normal
33.1489814151651,36.39533926336806,2.7982765700041767,normal
34.119033562858846,28.956165614780293,2.414475306872781,normal
31.63290546369753,29.22926572133675,2.4861280991613164,normal
32.22500641122288,-11.497216891610671,2.4861280991613164,normal
31.05506112939588,-10.136752572025568,2.4861280991613164,normal
30.213838399012445,22.36788307773515,2.4861280991613164,normal
28.166323380888358,59.053491356286436,2.4861280991613164,normal
28.235026839387412,31.552104599147626,2.4861280991613164,normal
27.2525675349014,25.49033525999004,2.4861280991613164,normal
26.330611200526317,32.47396053301423,2.4861280991613164,normal
26.33406135092878,25.22318704175753,2.4861280991613164,normal
26.37481055576274,5.772873836664501,2.4861280991613164,normal
25.789722390945006,10.286694374032676,2.4861280991613164,normal
24.581024450473496,-4.224238278530019,2.4861280991613164,normal
24.21813362399783,25.83188208227188,2.4861280991613164,normal
23.84274866026861,5.4922194103122655,2.4861280991613164,normal
23.644969915906458,-6.505413938073272,2.4861280991613164,normal
24.507815626423064,-23.103628042087585,2.4861280991613164,normal
24.97237309246924,-17.205077794275144,2.4861280991613164,normal
23.21497571175226,-50.98547781439557,2.4861280991613164,normal
23.613231160697644,-67.18903593877592,2.4861280991613164,normal
24.141229300827067,-34.18077896929667,2.4861280991613164,normal
24.99121867689023,-50.79043901239549,2.4861280991613164,normal
23.519665126296132,68.95995163393162,2.4861280991613164,normal
22.32205660274851,50.02264541860642,2.4861280991613164,normal
21.341393422158816,-3.4683484613888433,2.4861280991613164,normal
21.935113504566264,-8.034362480982393,2.4861280991613164,normal
20.035741740143663,91.12455483352583,2.4861280991613164,normal
18.78997212259956,-32.31005468532401,2.4861280991613164,normal
17.78854288345669,-24.07401475767252,2.4861280991613164,normal
19.485148934740803,-71.8901120395667,2.4861280991613164,normal
18.662178792980292,-18.733110662057502,2.4861280991613164,normal
17.343809891641627,33.97177612161347,2.0475150181240878,normal
18.07274696410437,-17.547769210465432,2.0475150181240878,normal
18.29677238480181,13.641270200921468,2.0475150181240878,normal
18.861184924347405,11.62953194742763,2.0475150181240878,normal
18.086956521979346,9.771856034011323,1.8993717644226003,normal
18.52806096877395,20.485483935896298,1.8993717644226003,normal
18.72645330924589,34.04136743124731,1.8993717644226003,normal
18.73583960652897,8.102580277926085,1.8993717644226003,normal
18.692307755072882,7.621164080031508,1.8993717644226003,normal
18.83866128341655,-18.28488768750801,1.8993717644226003,normal
18.96850908684976,3.2982618065929943,1.8993717644226003,normal
18.943020150520223,-9.328898191440707,1.8993717644226003,normal
18.60891728712647,-4.862921679445792,1.8993717644226003,normal
19.1777013993704,2.1495473600713644,1.8993717644226003,normal
19.52362897118501,12.366879343251897,1.8993717644226003,normal
19.693459554503463,-5.294433582931897,1.8993717644226003,normal
19.9288773822835,15.55915175392231,1.8993717644226003,normal
20.18199460687237,8.880675216891214,1.8993717644226003,normal
20.19519178823885,4.122598339459553,1.8993717644226003,normal
20.160409042749173,3.115813537585872,1.8993717644226003,normal
20.09985183956396,-15.139314708302408,1.8993717644226003,normal
20.061666056428617,-0.18565313195078556,1.8993717644226003,normal
19.786264633383503,-4.411036004389256,1.8993717644226003,normal
19.83191603228606,-3.9689938369454008,1.8993717644226003,normal
19.698323746875896,12.268444267125092,1.8993717644226003,normal
19.648640010407885,5.400422978854478,1.696606051284114,normal
19.655642550924064,-6.675729511650812,1.696606051284114,normal
19.451883150044175,-5.162118527114938,1.696606051284114,normal
19.35153828814595,-6.632692780693047,1.3183689013386655,normal
19.227396677327427,-6.2110243848196225,1.3183689013386655,normal
19.230403726192115,-3.1153557000224916,0.7742284023680597,normal
19.241344295993027,13.67995747502712,0.7742284023680597,normal
19.445615069525147,3.0432462837900656,0.7742284023680597,normal
19.53689486680849,8.808336881877098,0.7742284023680597,normal
19.289888026129365,-0.8149508628172585,0.5687841122439288,normal
19.342781521679616,5.152503938283948,0.5687841122439288,normal
19.330128570719317,-2.2051746240220926,0.5687841122439288,normal
19.426234670838063,6.340592415256299,0.5687841122439288,normal
19.27417614302326,-6.476570171580302,0.5687841122439288,normal
19.37583926397638,-3.0212700807478026,0.5687841122439288,normal
19.342773208109545,-4.498254060213238,0.5687841122439288,normal
19.35846432011669,4.070862694797558,0.5687841122439288,normal
19.61084340704466,1.3043792180709939,0.5687841122439288,normal
19.798510161212263,-7.074048191791832,0.34592757181460954,normal
20.021605872335122,-22.90836032130581,0.27540142304511406,normal
20.104893310344547,-0.8051073552045781,0.27540142304511406,normal
19.595970987231233,-15.583417144781475,0.508922323113314,normal
19.24253974079599,-15.87299940361963,0.508922323113314,normal
19.511597255546707,-21.230614570298034,0.508922323113314,normal
19.728310593256886,-4.660328557649929,0.508922323113314,normal
19.77222699127206,-11.80991994739954,0.508922323113314,normal
18.602907988989312,-19.285720601057744,1.169319002282748,normal
17.05702921755524,-21.638547839270043,1.5458787714340723,normal
15.633907483916524,0.5706945227537712,1.5458787714340723,normal
14.02577619649475,-37.244856862220544,1.6081312874217737,normal
13.089391822897365,17.561275418585158,1.6081312874217737,normal
11.501692437815487,69.57665883180513,1.6081312874217737,normal
9.769122900033718,30.434980944499248,1.7325695377817691,normal
8.68583172538573,18.288550388015054,1.7325695377817691,normal
6.477755689319948,22.094325133615314,2.2080760360657825,normal
5.978311852763401,6.120830384833668,2.2080760360657825,normal
2.6649239854982083,-6.11327606503789,3.3133878672651926,normal
0.5170422780177971,7.7086110546371795,3.3133878672651926,normal
3.384804644234313,-17.753567195204962,3.3133878672651926,normal
4.3702199832127455,0.24471417762686776,3.3133878672651926,normal
6.278980244277065,-14.118108023182241,3.3133878672651926,normal
3.7873358069970635,48.92177499745805,3.3133878672651926,normal
2.598496507082195,-209.2317664648804,3.3133878672651926,normal
4.585855340980097,171.71449625244847,3.3133878672651926,normal
6.386209046962048,-8.78201122198272,3.3133878672651926,normal
11.066491772582852,-95.75695529980956,4.680282725620804,normal
16.696978135918684,-136.07161302449623,5.630486363335832,normal
19.669938537264223,-94.70072404109078,5.630486363335832,normal
17.353305887282932,4.04453703490318,5.630486363335832,normal
18.051526091976672,114.56972969789527,5.630486363335832,normal
22.85270738804416,-214.84371039801667,5.630486363335832,normal
19.298869743178777,-15.121916880893949,5.630486363335832,normal
18.242312356544897,-69.40565650188252,5.630486363335832,normal
17.79973347896433,-44.72500697273086,5.630486363335832,normal
18.684696430614057,-142.08027320630168,5.630486363335832,normal
19.533069849039556,-144.94931229722548,5.630486363335832,normal
19.54158775164909,-198.562777725425,5.630486363335832,normal
19.84953789286353,-113.34982151026797,5.630486363335832,normal
21.192873534671726,-216.65583147387662,5.630486363335832,normal
22.868234286236248,-263.91725854773534,5.630486363335832,normal
21.40813516738816,-186.98108980337065,5.630486363335832,normal
19.252802067679166,-260.8852292842481,5.630486363335832,normal
19.92928333093004,-247.82106333196774,5.630486363335832,normal
18.598998606389078,-185.32074187977133,5.630486363335832,normal
14.7841260621662,-181.56052197172744,5.630486363335832,normal
12.071477320703302,-156.31009359494877,5.630486363335832,normal
9.93472083570036,7.021625790784766,5.630486363335832,normal
10.140616017212272,21.253735367248748,5.630486363335832,normal
8.78593142967961,-39.59516599383425,5.630486363335832,normal
11.254058661548015,28.06177993471652,5.630486363335832,normal
11.373431567243667,86.74900124029857,5.630486363335832,normal
12.103073178645975,106.23891739462401,5.630486363335832,normal
14.040139432631207,165.04403187277654,5.630486363335832,normal
13.916602686836825,69.24243741053738,5.630486363335832,normal
15.532056230011571,228.6356091572903,5.630486363335832,normal
16.604326750466647,89.98568389461688,5.630486363335832,normal
15.453258645343935,-27.613556960167028,4.801181296067487,normal
14.995780046453653,-29.009961528477497,4.801181296067487,normal
14.965719613931702,-224.58878293457022,4.801181296067487,normal
18.36859479356433,-280.97193670244,4.801181296067487,normal
18.789200184778576,-147.62857771812804,3.8148725442228777,normal
24.402290808343885,-615.7459679091922,5.613090623565309,normal
26.13660124981098,-309.439818555875,5.613090623565309,normal
28.343562307354652,-299.0858220600254,5.613090623565309,normal
30.651068197673617,-259.77920819051167,5.613090623565309,normal
31.480925772140075,-320.4619145160876,5.613090623565309,normal
31.488893644215594,-408.28797862423875,5.613090623565309,normal
33.58724124796129,-335.4194677117279,5.613090623565309,normal
34.804741625203945,-286.0728194554528,5.613090623565309,normal
35.1805559926478,-369.8123399322606,5.613090623565309,normal
32.849657397973246,-211.26559538080735,5.613090623565309,normal
31.506966199784486,-293.54140916748776,5.613090623565309,normal
32.227384974932335,-267.43722819439535,5.613090623565309,normal
32.668217003537016,-329.58295445375353,5.613090623565309,normal
29.06567421310505,-67.81970718233252,5.613090623565309,normal
27.745827456196942,-74.84602580814195,5.613090623565309,normal
27.608604632948936,-214.40006579910096,5.613090623565309,normal
28.233473447872683,-144.15622317805963,5.613090623565309,normal
26.009336457207812,-139.7346569097126,5.613090623565309,normal
25.035710900197255,-6.190078316294965,5.613090623565309,normal
22.66955491006402,156.19998366095575,5.613090623565309,normal
19.978675813580956,241.2992817010036,5.613090623565309,normal
19.221915651093,37.02864307291411,5.613090623565309,normal
16.595383043925988,50.14649047950084,5.613090623565309,normal
15.050979234048128,-57.59287506971185,5.613090623565309,normal
14.125160860231139,-131.2805718425012,5.613090623565309,normal
11.520268327999398,-63.93163613471463,5.613090623565309,normal
9.841867033570153,-110.9047400030345,5.613090623565309,normal
9.912964503575282,-38.24958139505901,5.613090623565309,normal
8.563725256872175,-106.32796680070152,5.613090623565309,normal
8.575340767409644,-150.8979957582281,5.613090623565309,normal
7.35277588678286,169.02538732393322,3.602542790431965,normal
4.038452025030693,-10.432973475532739,3.602542790431965,normal
3.0554935389743703,105.82182737438438,3.602542790431965,normal
3.553824315902046,63.51076895457712,3.602542790431965,normal
3.788921427466262,88.15364688474989,3.602542790431965,normal
3.2826707469567467,60.90578767833302,3.602542790431965,normal
2.796923591027733,-8.594870117950949,3.602542790431965,normal
1.9918131102385077,90.93088954421589,3.602542790431965,normal
0.547501910550932,134.12694797403762,3.602542790431965,normal
0.9100843934972852,-61.131844975252136,3.602542790431965,normal
0.10393583795361698,-99.93037360880435,3.602542790431965,normal
1.3122848056080791,55.20834258023545,3.602542790431965,normal
0.7554430008136113,-80.46472284533807,3.602542790431965,normal
1.9973489642597841,69.28684765418528,3.3143238617521673,normal
84.32142471550019,0.0,0.0,normal
84.36944413915728,7.038065046285934,0.04801942365709522,normal
84.49561377103188,-5.067223669629157,0.12616963187460328,normal
84.40575353056973,24.898815022237972,0.12616963187460328,normal
84.49759751534488,5.330750438278315,0.12616963187460328,normal
84.42628098151673,0.881933199684236,0.12616963187460328,normal
84.47963079528986,9.100030362058579,0.12616963187460328,normal
84.31039867527306,-0.6731265854287783,0.169232120016801,normal
84.52912457142641,-3.3484613305768307,0.21872589615334448,normal
84.4675029369213,-12.132076406559705,0.21872589615334448,normal
84.40597784557816,-4.631751980688498,0.21872589615334448,normal
84.40479646123543,-2.6707556527301697,0.21872589615334448,normal
84.30777619829337,-9.527030730026155,0.21872589615334448,normal
84.2425458446652,-7.275719942774053,0.21872589615334448,normal
84.50262422217412,34.974192069305595,0.2600783775089184,normal
84.46899460820116,-0.176981921951172,0.2600783775089184,normal
84.5677805290572,-2.5979480832858326,0.2600783775089184,normal
84.55779464481309,-2.6066483588798097,0.2600783775089184,normal
84.73232591649493,16.237690668433466,0.2600783775089184,normal
84.75679624608726,-14.870373672453647,0.2600783775089184,normal
84.82976981036258,4.816976268991859,0.2600783775089184,normal
85.03513635544896,-4.594203422861859,0.2600783775089184,normal
84.81805473279584,-1.0172453806326742,0.2600783775089184,normal
84.77648379998125,-12.689809863057835,0.2600783775089184,normal
84.78371082546413,-6.173761352410547,0.2600783775089184,normal
84.78349018644738,-6.355551321400496,0.2600783775089184,normal
85.07963464517489,-12.799937035707918,0.29614445872751105,normal
85.21564519339876,1.6377124032557997,0.29614445872751105,normal
85.07359611691287,-59.79035447340078,0.29614445872751105,normal
84.7985632725373,-23.386798705853057,0.29614445872751105,normal
84.31236926336469,-28.491799887929748,0.4861940091726069,normal
83.50451663791434,-41.998519838337884,0.8078526254503515,normal
83.17192583960434,-9.100488271300367,0.8078526254503515,normal
83.40186519668005,-32.46828374361921,0.8078526254503515,normal
83.42382518381034,-24.568433504287725,0.8078526254503515,normal
83.86425888676975,30.17163994143007,0.8078526254503515,normal
83.6966145131445,19.319877774910406,0.8078526254503515,normal
83.16919312890766,-46.592265351957955,0.8078526254503515,normal
82.82830533843469,-60.00900613635469,0.8078526254503515,normal
83.58434885739119,25.601018844520308,0.8078526254503515,normal
83.83606630775468,61.664119090798444,0.8078526254503515,normal
83.06773608098669,-2.1604158027571265,0.8078526254503515,normal
82.8086054669256,-6.512156282092088,0.8078526254503515,normal
82.43956918068763,4.642054938628735,0.8078526254503515,normal
81.9839912726035,-9.979216106292085,0.8078526254503515,normal
81.74801478967039,17.091233495126826,0.8078526254503515,normal
81.22476145636851,32.92642194002839,0.8078526254503515,normal
81.04456754807876,-61.623823077521074,0.8078526254503515,normal
81.1978755178236,17.275770919567506,0.8078526254503515,normal
80.7966494645812,-40.331043334365845,0.8078526254503515,normal
80.50731781150581,2.5109453273460582,0.8078526254503515,normal
80.94129152539773,31.017169356392138,0.8078526254503515,normal
80.52543359672205,1.4863733988447716,0.8078526254503515,normal
80.55785880677496,-60.33160319719454,0.8078526254503515,normal
81.11877218333332,58.995652984277214,0.8078526254503515,normal
80.949588861067,25.96597251022557,0.8078526254503515,normal
80.96216056223408,-15.441844406205426,0.8078526254503515,normal
79.17297176133813,-129.50589176256264,1.7891888008959427,normal
78.42910429488073,23.635443424144096,1.7891888008959427,normal
79.6133226656651,52.636438388942416,1.7891888008959427,normal
78.47764283010804,18.75000972350489,1.7891888008959427,normal
76.65485773300327,-38.9376255116041,1.82278509710477,normal
76.24333075629458,-129.03951119980127,1.82278509710477,normal
75.26478336897691,-23.87882218615457,1.82278509710477,normal
75.56396794786153,26.73526003642989,1.82278509710477,normal
75.05260916601301,-61.7440242534905,1.82278509710477,normal
73.99946344238012,-120.3614442040506,1.82278509710477,normal
73.60186511296665,-35.99372699614721,1.82278509710477,normal
73.71937483888564,-41.53580254951082,1.82278509710477,normal
71.85847585644454,-170.19044103158905,1.8608989824410997,normal
70.63653816151708,-57.59490861364686,1.8608989824410997,normal
69.39931210037842,-132.70209827024487,1.8608989824410997,normal
68.95280800111027,-38.24343510105305,1.8608989824410997,normal
69.72528779541497,51.89622809959165,1.8608989824410997,normal
70.57344248638464,-52.686808405539125,1.8608989824410997,normal
73.10301797528096,-1.2123147176344833,2.5295754888963273,normal
71.72551142280102,-29.729757523104375,2.5295754888963273,normal
71.35351944830012,23.958727348846626,2.5295754888963273,normal
73.31284305952772,263.24904669401315,2.5295754888963273,normal
72.69164326566705,97.80002690652093,2.5295754888963273,normal
73.59295907376605,-20.572030596580472,2.5295754888963273,normal
73.41536084071328,51.51891088435811,2.5295754888963273,normal
74.71449468539086,-27.234152155358224,2.5295754888963273,normal
71.83810224644355,-356.34909314281913,2.876392438947306,normal
75.52323152086315,317.2603575814249,3.6851292744195945,normal
72.1314827357563,-129.30899078859366,3.6851292744195945,normal
72.94670775230676,6.725541988765429,3.6851292744195945,normal
69.76292794620353,-80.52540076005789,3.6851292744195945,normal
71.31987782995185,-133.18656624805686,3.6851292744195945,normal
72.89822950625441,-26.547059338054904,3.6851292744195945,normal
71.92390052265385,-217.70379082340412,3.6851292744195945,normal
74.044483258771,-82.32406826180227,3.6851292744195945,normal
73.71197016459138,-220.33699791830765,3.6851292744195945,normal
74.79572896475968,156.5630619959697,3.6851292744195945,normal
73.65562425910021,-30.52835124078314,3.6851292744195945,normal
72.54084080975899,-145.6412397154564,3.6851292744195945,normal
74.44609913689409,109.80343081613812,3.6851292744195945,normal
73.14507529127624,42.122613242862506,3.6851292744195945,normal
75.38307323644078,2.412723794982471,3.6851292744195945,normal
73.64205654144331,-196.55364980906594,3.6851292744195945,normal
72.98803105586735,-5.248326774756423,3.6851292744195945,normal
74.69199228579754,17.70093965056793,3.6851292744195945,normal
72.13913837738099,47.68804216755732,3.6851292744195945,normal
73.97477822529439,-202.55615310504768,3.6851292744195945,normal
72.36895329711875,-1.287411833287762,3.6851292744195945,normal
72.98479409235784,-120.96611335783203,3.6851292744195945,normal
73.66843673111514,94.46873717251115,3.6851292744195945,normal
75.78705720403808,22.13281424721584,3.6851292744195945,normal
75.29889400859194,46.05696944830745,3.6851292744195945,normal
76.7507509685137,17.642327267619027,3.6851292744195945,normal
79.57724707825429,-96.42057531563371,3.6851292744195945,normal
78.36836983976143,17.857315656638626,3.6851292744195945,normal
78.71913102365687,125.78377649068656,3.6851292744195945,normal
77.99619545728997,-65.42538560284741,3.6851292744195945,normal
78.86099123576403,-176.24926716431074,3.3917487851068557,normal
79.73285375660039,146.6971784270202,3.1837798061032316,normal
78.74697416823848,-10.827492976704882,3.1837798061032316,normal
75.77122006021446,-132.59746600849624,2.97575410802402,normal
76.37660259351415,35.12576002833752,2.97575410802402,normal
74.97573366560104,-53.20218525717184,2.97575410802402,normal
73.32317007714931,-37.95037318630855,2.97575410802402,normal
74.81631509981719,75.46596154753912,2.97575410802402,normal
75.51643298822432,-26.068544180386144,2.97575410802402,normal
73.79837603250036,-46.84754975425492,2.97575410802402,normal
77.03422163697648,153.39547481589923,3.2358456044761255,normal
78.74152196074068,-61.81248168513785,3.2358456044761255,normal
79.20974036361555,-16.93943658147401,3.2358456044761255,normal
78.28209323795457,45.69980023971259,3.2358456044761255,normal
81.53710652812704,-49.471140755080896,3.255013290172471,normal
77.93420257797844,-28.815541721874066,3.602903950148601,normal
76.2840892982057,1.1530154708229006,3.602903950148601,normal
73.121226865518,-20.843570776960924,3.602903950148601,normal
72.21075157008269,42.58693321403583,3.602903950148601,normal
69.77289978616179,-133.74636029614305,3.602903950148601,normal
72.14643851378732,-41.14932714944151,3.602903950148601,normal
72.84319034967037,53.88263839046923,3.602903950148601,normal
73.71461388596667,-62.02701216491566,3.602903950148601,normal
76.07438862346316,58.56315770540818,3.602903950148601,normal
74.97530860360996,-4.370743712869176,3.602903950148601,normal
74.65162846730685,25.521800545690933,3.602903950148601,normal
69.49977551438805,-44.60722878880574,5.1518529529188015,normal
70.04264289349234,76.36048725137255,5.1518529529188015,normal
70.43452890773136,51.31628604486679,5.1518529529188015,normal
77.68899050851144,119.47607668505294,7.2544616007800755,normal
78.19015551691497,-45.34446266808488,7.2544616007800755,normal
79.23874531887694,-32.23955807734596,7.2544616007800755,normal
76.92035599994387,-30.864914533497533,7.2544616007800755,normal
76.28244618915117,-41.79200277029137,7.2544616007800755,normal
77.85677798529484,95.52902602187193,7.2544616007800755,normal
79.43872032187022,85.15463423991655,7.2544616007800755,normal
75.07057985135413,-43.234645836545354,7.2544616007800755,normal
76.28195914383008,-34.336782404736304,7.2544616007800755,normal
77.54955532867864,-12.041639331306518,7.2544616007800755,normal
79.31184995556958,52.401073038663235,7.2544616007800755,normal
79.56473431002289,14.917767278978735,7.2544616007800755,normal
77.59505383923099,-14.437191529721929,7.2544616007800755,normal
78.34646384776103,-25.116321912087407,7.2544616007800755,normal
78.71019188103458,14.940662741068149,7.2544616007800755,normal
78.37795399629503,13.804818866812308,7.2544616007800755,normal
76.80976476977419,-6.777743642329294,7.2544616007800755,normal
77.26416570155288,-29.04747275283983,7.2544616007800755,normal
76.8022774930088,-23.899657056655936,7.2544616007800755,normal
78.2557157812088,44.552050725170254,7.2544616007800755,normal
78.92169067712224,27.870417046823047,7.2544616007800755,normal
78.31658406057,20.485027840640697,7.2544616007800755,normal
78.37366277197187,-1.998544885784968,7.2544616007800755,normal
79.94002571156821,14.432383482683152,7.2544616007800755,normal
79.47813354647252,-26.39640719750656,7.2544616007800755,normal
78.9095150278574,18.95583992768872,7.2544616007800755,normal
78.2885742307957,-2.4834707728387615,7.2544616007800755,normal
77.84760270626893,2.2824486156937045,7.2544616007800755,normal
77.34126717673723,-4.336171565114161,7.2544616007800755,normal
77.43567557938019,-19.188915731758957,7.2544616007800755,normal
76.18296729801064,-6.715010076204299,4.368140470516096,normal
76.39040172592897,1.9419930944241148,4.368140470516096,normal
77.59590850140313,17.536779187386827,4.368140470516096,normal
79.07187404285084,8.749958746711435,4.368140470516096,normal
76.78668612389805,-2.2100989554911554,4.368140470516096,normal
77.18241982324865,-26.70870130040617,4.368140470516096,normal
78.44665335989988,30.254521514193748,4.368140470516096,normal
79.4788081104183,20.1019867598848,2.2851879189527864,normal
79.01444598821966,-44.5383134479166,2.2851879189527864,normal
78.82107518126324,14.424370070951857,2.2851879189527864,normal
79.28531190804576,16.115428900875994,2.2851879189527864,normal
79.92743359136564,28.511489985326644,2.2851879189527864,normal
79.89831588459757,19.804345752722412,2.2851879189527864,normal
79.97321571206534,-0.011905640286495399,2.2851879189527864,normal
78.65995985857813,-4.937635354203072,2.2851879189527864,normal
78.93975383170998,-55.5956768639992,2.2851879189527864,normal
78.21963500724098,-2.848653393164918,2.2851879189527864,normal
77.44265926849887,10.939680740943013,2.2851879189527864,normal
78.79393978612275,-15.299205677388375,2.2851879189527864,normal
79.10284889507693,9.029512338823183,2.2851879189527864,normal
78.70136627907696,14.722240032735137,2.2851879189527864,normal
78.5051532074049,12.268991269854402,2.2851879189527864,normal
78.4927753433146,-8.73919787952941,2.2851879189527864,normal
79.25550712424858,-21.46449570882584,2.2851879189527864,normal
80.63483478586579,31.70380426445367,2.2851879189527864,normal
80.277176556778,13.754448850215597,2.2851879189527864,normal
79.98042591400389,-13.595096434073275,2.2851879189527864,normal
78.87620880832155,3.6619002065809116,2.2851879189527864,normal
79.40498827411797,-14.032857669222874,2.2851879189527864,normal
78.45624599261986,-2.5674971187069113,2.2851879189527864,normal
78.54140749653729,-12.709499960454732,2.2851879189527864,normal
79.35106817598503,3.0466991402383514,2.2851879189527864,normal
78.47796025771827,-11.072932330303402,2.2851879189527864,normal
78.21781731577305,5.131788872721305,2.2851879189527864,normal
78.89575485525638,21.229359313167553,1.3793276616172108,normal
78.86635358096966,-10.861836169839004,1.3793276616172108,normal
77.79070776374974,-5.858948748681101,1.3793276616172108,normal
79.43173981525277,0.9377981271824067,1.641032051503032,normal
79.48688330564363,9.786436315499218,1.641032051503032,normal
80.70211453285647,14.266162427914006,1.641032051503032,normal
80.73351279085561,-12.119941811652316,1.641032051503032,normal
80.64064966366259,-5.567947425524646,1.641032051503032,normal
79.75961407009596,21.759389260537493,1.641032051503032,normal
3.1402400323352264,0.0,0.0,normal
2.754182274791534,-12.696791013238713,0.3860577575436923,normal
2.1323893689470204,3.788477367571786,0.6217929058445137,normal
2.3150648648389245,-18.035505901559187,0.6217929058445137,normal
1.5708833934034805,0.44645741625460705,0.744181471435444,normal
2.2268854736010173,16.7231500502918,0.744181471435444,normal
2.0583528403121276,-10.865170843989043,0.744181471435444,normal
1.919820764131177,-6.612835668554777,0.744181471435444,normal
1.6397409365068978,47.50077956427863,0.744181471435444,normal
2.09345091673312,15.021574913058856,0.744181471435444,normal
1.1145115533305094,35.91601094629562,0.9789393634026105,normal
0.8618760808872734,24.378406547670796,0.9789393634026105,normal
1.49481498004301,-13.327784161545223,0.9789393634026105,normal
1.8186598738575914,-16.598370926261666,0.9789393634026105,normal
1.3290141150944434,-54.52664558099921,0.9789393634026105,normal
0.8525373274436638,-70.62383943844993,0.9789393634026105,normal
2.0733931329760464,-9.574336529710337,1.2208558055323826,normal
2.122791549484482,84.71495130552995,1.2208558055323826,normal
4.089729508445579,72.75126626503342,1.9669379589610974,normal
4.076962829712307,-59.87955552563137,1.9669379589610974,normal
1.9444522484986255,-85.41142487488715,2.1325105812136815,normal
0.12360667700327051,-150.65396425608154,2.1325105812136815,normal
0.42883616991053597,-41.15490253539199,2.1325105812136815,normal
0.29863017786925594,164.6951644735495,2.1325105812136815,normal
0.48709867576146215,-183.0479985694312,2.1325105812136815,normal
0.04335924469156595,-114.05819327447314,2.1325105812136815,normal
2.5959703351584476,-294.9382404210762,2.5526110904668817,normal
4.814735160327325,-127.6179063399496,2.5526110904668817,normal
1.482218719110629,-210.57931028594416,3.332516441216696,normal
5.589729362326334,196.69356883034123,4.107510643215705,normal
7.917749890953388,-0.8954333102419324,4.107510643215705,normal
5.364844865346636,18.868435173525477,4.107510643215705,normal
5.523169958665103,88.30332416961122,4.107510643215705,normal
4.3129601774284705,6.4839353991438315,4.107510643215705,normal
0.741438697727825,42.31958401051362,4.107510643215705,normal
9.295336371252953,-8.921592891893987,8.553897673525128,normal
6.149231570305705,-68.36888605758243,8.553897673525128,normal
6.805330198858253,59.62610508471145,8.553897673525128,normal
5.488385070449199,1.2223775104529986,8.553897673525128,normal
4.283179830747549,74.62020569523156,8.553897673525128,normal
5.0360962425324844,70.02009164016101,8.553897673525128,normal
3.7096123990018097,87.57136295947481,8.553897673525128,normal
4.730789463794151,25.600555105602638,8.553897673525128,normal
1.663442351728391,25.188898472563775,8.553897673525128,normal
2.2570943455169425,-30.160831421992004,8.553897673525128,normal
0.3410990727238935,48.84381505338095,8.553897673525128,normal
2.1527039110093553,40.99440681806149,8.553897673525128,normal
1.742965710819674,-72.04288716457611,8.553897673525128,normal
4.495227379881504,22.04721197725828,8.553897673525128,normal
7.769730442245334,-76.70138411254149,8.553897673525128,normal
9.0130107768257,-71.66511550466836,8.553897673525128,normal
14.914654521354555,-134.61927443690647,8.553897673525128,normal
4.199788106128671,-232.9612508491328,10.714866415225885,normal
15.929864612646535,-22.197175878615596,11.730076506517864,normal
17.81385724976806,-132.09438603359578,11.730076506517864,normal
16.73033406503651,-31.03611691037219,11.730076506517864,normal
24.195596977755276,-36.90783326794432,11.730076506517864,normal
20.891652569320453,1.1935294927873161,11.730076506517864,normal
20.83980601901631,-64.14608575737732,11.730076506517864,normal
20.570458191031484,-50.187079495004426,11.730076506517864,normal
21.48242084995014,-43.71939972486268,11.730076506517864,normal
24.104946327127486,50.257367918999385,11.730076506517864,normal
24.235795599201776,24.60827487891163,11.730076506517864,normal
22.420448591678806,4.057267627409176,11.730076506517864,normal
23.9553055261349,-3.6217999321700662,11.730076506517864,normal
30.53331833339656,-14.198032694459974,11.730076506517864,normal
24.913142050571643,15.013103669776076,11.730076506517864,normal
29.446749168301622,16.362320876949614,11.730076506517864,normal
35.409269278821704,-34.121023180430946,11.730076506517864,normal
29.078315162717267,-44.077481467950996,11.730076506517864,normal
29.471818534161702,2.193594105197636,11.730076506517864,normal
22.824752131588905,-62.73985937243588,11.730076506517864,normal
26.950794479298153,-60.04371448330037,11.730076506517864,normal
29.87792509567943,-23.599510070697374,11.730076506517864,normal
30.34672020320063,-39.39723403047578,11.730076506517864,normal
29.461076734195107,-6.704874582059573,11.730076506517864,normal
26.366335485809284,-15.721711722754542,11.730076506517864,normal
24.65200481463606,-10.580582860191875,11.730076506517864,normal
25.854766639060358,6.046178178693161,11.730076506517864,normal
23.985381512761844,-13.020987783195904,11.730076506517864,normal
23.313103131026,0.5055271667129089,11.730076506517864,normal
23.653404942071425,-7.59160769649757,11.730076506517864,normal
26.346564459404373,1.7796479469472106,11.730076506517864,normal
22.557204719922726,13.042280367663432,7.465262912718767,normal
19.410136013365463,6.536365526488604,7.465262912718767,normal
19.864977113147614,3.083303602410663,7.465262912718767,normal
18.115489687206576,11.02360598862914,6.647066402572797,normal
18.877583128636655,-2.0028766550745143,6.647066402572797,normal
20.55510678853708,7.031589829749483,6.647066402572797,normal
20.824269077904752,-3.3928474110138573,6.647066402572797,normal
23.528761072783517,29.81923426042694,6.647066402572797,normal
22.20957333885502,-5.492570982537448,6.647066402572797,normal
20.65877583974968,1.3123558512673885,6.647066402572797,normal
22.65341058000462,5.902167042885905,6.647066402572797,normal
22.33686014469985,-0.7159345336554648,6.647066402572797,normal
23.00842986452148,-4.879894035923433,6.647066402572797,normal
21.270740290244525,-2.587392441586315,6.647066402572797,normal
22.577715542552102,6.097234590910995,6.647066402572797,normal
21.569189048383556,3.005917650259865,6.647066402572797,normal
20.87772695803157,3.4521461139933156,6.647066402572797,normal
20.96018914916469,-8.128730311130035,6.647066402572797,normal
18.111862710732797,-34.4862024516751,4.126042347709248,normal
18.234854153253412,-0.3033620905319766,3.7893597394816467,normal
19.445872986276832,19.657634513950928,3.7893597394816467,normal
21.02048129268478,7.90802008073545,3.7893597394816467,normal
19.05823082852161,-11.664444095345367,3.7893597394816467,normal
23.19144268794277,28.019438491617983,4.133211859421163,normal
23.194544486865155,-0.31755714684366154,4.133211859421163,normal
22.651516047698408,7.5680255868184805,4.133211859421163,normal
22.530914797301104,-12.939938590706607,4.133211859421163,normal
22.570309970236572,12.652832129176721,4.133211859421163,normal
23.143981997992537,15.661039304648147,4.133211859421163,normal
23.946280951351895,-2.3005149325775855,4.133211859421163,normal
22.592334385943474,4.309573305723317,4.133211859421163,normal
24.046285009352246,-10.884402855766163,4.133211859421163,normal
24.660198850753062,10.336748425160513,4.133211859421163,normal
24.417237171811646,2.1063631946371206,4.133211859421163,normal
24.62555078933326,12.278265804565162,4.133211859421163,normal
23.22638432101346,-0.026100587411807798,4.133211859421163,normal
22.88817825795702,0.8665852925762502,4.133211859421163,normal
25.6335835238945,0.4391309355776084,4.133211859421163,normal
25.178635604930804,-1.251454480639837,4.133211859421163,normal
24.64738196830286,-1.6628821611575442,4.133211859421163,normal
25.351586596346454,14.301748186543735,4.133211859421163,normal
25.774353179000123,12.590785995943389,4.133211859421163,normal
27.092928670462694,8.061189317388953,4.133211859421163,normal
27.690567182859855,0.0288480176656823,4.133211859421163,normal
27.449950208207113,-5.505163371201039,4.133211859421163,normal
24.20417989776135,-14.755532083475341,4.133211859421163,normal
24.070922974918794,-8.220311319592518,4.133211859421163,normal
23.633286126988406,-0.5808525461733016,4.133211859421163,normal
20.67520504946066,-14.11858616961877,4.133211859421163,normal
22.30861317318324,12.404876548764546,4.133211859421163,normal
22.162209307224693,-9.109105006720922,4.133211859421163,normal
21.672493052005137,4.495024847859846,4.133211859421163,normal
23.129129305235647,-12.340998795361964,4.133211859421163,normal
22.042442062355597,9.266395388755237,3.2457703104457636,normal
21.219051313136887,-18.689623254502475,3.2457703104457636,normal
22.37491774211092,7.718905298260422,3.2457703104457636,normal
21.764914450032187,5.801198981056017,3.2457703104457636,normal
21.383799237063563,0.7827886698330777,3.2457703104457636,normal
18.659491755923018,-3.5817332409677296,3.2457703104457636,normal
20.794535105610667,3.3044717378475608,3.2457703104457636,normal
22.19399689451512,17.88806047793459,3.2457703104457636,normal
22.78317169431515,-2.389119558265038,3.2457703104457636,normal
20.95689681806196,-17.257983139712703,3.2457703104457636,normal
23.649376861278487,19.58849085256175,3.2457703104457636,normal
23.408759823165862,-14.390123859710032,3.2457703104457636,normal
23.856037658543677,2.305322935521866,3.2457703104457636,normal
22.76344201122175,-10.664837387977359,3.2457703104457636,normal
21.270038363025677,24.38481721826317,3.2457703104457636,normal
21.477050484686742,-8.605867365219574,3.2457703104457636,normal
22.07188270981312,-13.75615432862849,3.2457703104457636,normal
21.952136070736664,-22.715982291555562,3.2457703104457636,normal
21.5932993578799,-4.482890364238568,3.2457703104457636,normal
21.304113177735704,4.79495265057448,3.2457703104457636,normal
23.637714218451194,-7.992045655999779,3.2457703104457636,normal
22.84249609732903,1.0481446418531237,3.2457703104457636,normal
22.088614624378415,10.508920721069982,2.958081077527744,normal
24.383062661395257,4.717566698423681,2.958081077527744,normal
26.863484680109813,17.46541412388023,2.958081077527744,normal
32.060620740166,44.76662855663118,5.197136060056188,normal
32.84222308962111,16.43146453833879,5.197136060056188,normal
32.42033765507024,-11.016508460473297,5.197136060056188,normal
30.742018678053228,92.14262899687968,5.197136060056188,normal
28.856340502997767,-4.950869317481858,5.197136060056188,normal
29.101004809098058,-0.1854515421365291,5.197136060056188,normal
32.0474658387769,55.833048666716536,5.197136060056188,normal
37.66064873056772,180.47136689633925,5.613182891790821,normal
32.52204002535336,25.038018761121833,5.613182891790821,normal
30.995623823178455,4.217534392218521,5.613182891790821,normal
30.39660768139775,119.66615632767332,5.613182891790821,normal
34.072199410527915,159.90318820575007,5.613182891790821,normal
27.560981671143338,184.21909071514523,6.511217739384577,normal
29.883838406832652,-17.700777315628812,6.511217739384577,normal
28.443069977764832,14.856042240262918,6.511217739384577,normal
28.827151888746176,124.96778090756648,6.511217739384577,normal
26.873994151064295,7.634650770474937,6.511217739384577,normal
24.18547474190222,-34.4030926864954,6.511217739384577,normal
22.33074737674663,-29.18205939404921,6.511217739384577,normal
19.76144136167608,-245.40710989918432,6.511217739384577,normal
19.80068625189093,96.60079248883338,6.511217739384577,normal
19.060487925546475,26.943132689662647,6.511217739384577,normal
19.16241138589377,-0.31755714684366154,6.511217739384577,normal
13.888926321735104,-65.73066615629943,6.511217739384577,normal
8.19339270925898,0.4283701670832666,6.511217739384577,normal
5.50540231806911,118.52917810761159,6.511217739384577,normal
2.5303903306148228,-79.40920558025597,6.511217739384577,normal
5.697903492530895,80.72682733950995,6.511217739384577,normal
1.8119349787876373,-110.80180156606838,6.511217739384577,normal
6.261156008074692,-62.40123859364585,6.511217739384577,normal
5.2701995988754975,0.5742129230597716,6.511217739384577,normal
7.2375604036671755,111.31419730841597,6.511217739384577,normal
10.497844267781552,-42.194575933962334,6.511217739384577,normal
10.965615551432878,-29.63080633551538,6.511217739384577,normal
12.930893482957215,6.033585790029569,6.511217739384577,normal
15.889558254664262,110.55819608355817,6.511217739384577,normal
14.900884306682025,82.32331326953219,6.511217739384577,normal
21.11828865342947,-66.7451547775426,6.511217739384577,normal
20.175437426161913,-3.6272947926778154,6.511217739384577,normal
16.23987227787219,-129.96215120406802,6.511217739384577,normal
14.133812663418286,99.16666339343101,6.511217739384577,normal
13.529999063742054,108.74557897356446,6.511217739384577,normal
6.8978543652487065,-53.296025779784586,6.632144698493347,normal
4.038780135910948,20.56863659563148,6.632144698493347,normal
7.835414219594361,-179.97362411534564,6.632144698493347,normal
14.751972000484757,-24.025132807526766,6.916557780890397,normal
7.011665210325662,-147.8586829252854,7.740306790159096,normal
39.85043519040277,41.9500546413675,32.83876998007711,normal
39.38431007572667,-178.99347837227592,32.83876998007711,normal
9.50150990825329,-102.25225652105323,32.83876998007711,normal
4.3820891391235,-29.091623148192507,32.83876998007711,normal
4.347669402069836,-214.25033501016281,32.83876998007711,normal
6.042924596274901,49.411617305848345,32.83876998007711,normal
10.167059434052394,-26.411733888059086,32.83876998007711,normal
8.740535626935582,-111.82888257597513,32.83876998007711,normal
12.641547559893038,-7.80293087352475,32.83876998007711,normal
10.736976472752067,-18.10487851546952,32.83876998007711,normal
6.354530338624814,2.7522382568187855,32.83876998007711,normal
3.994161605239961,-97.56124831508367,32.83876998007711,normal
0.2219871821235342,-23.319272184802173,32.83876998007711,normal
6.941583938768454,-68.23334616505795,32.83876998007711,normal
9.927671323870339,-1.1681157629389771,32.83876998007711,normal
14.259956353660376,123.80172571731791,32.83876998007711,normal
16.026636183166477,-72.844449941144,32.83876998007711,normal
11.445090482351175,-32.598488914742155,32.83876998007711,normal
15.172556428002599,-4.3430003738121234,32.83876998007711,normal
15.897262321833061,26.559179311683682,32.83876998007711,normal
16.806292197180298,16.39345841982686,32.83876998007711,normal
17.1087065960067,-10.822356722532831,32.83876998007711,normal
18.44437151777736,-8.331582244874436,32.83876998007711,normal
20.27049990509505,-2.403085662055567,32.83876998007711,normal
19.665061737664278,9.820002584910949,32.83876998007711,normal
21.078483978557955,-11.19440456941167,32.83876998007711,normal
21.035510188001652,11.148843017701585,32.83876998007711,normal
20.224047676734127,24.950329945519005,32.83876998007711,normal
19.490007449880515,-19.425476657498532,32.83876998007711,normal
17.959028031124788,-18.04764038518047,32.83876998007711,normal
22.66349728778614,-1.0479156893319674,29.882800167473377,normal
22.752426292501085,22.158482902540197,29.882800167473377,normal
21.38383936212027,-17.48464613565735,6.719596756644919,normal
21.797791615987382,-27.25450811843509,6.719596756644919,normal
23.685762252294165,61.33111450976173,6.719596756644919,normal
24.685107396660968,8.014025098030775,6.719596756644919,normal
23.17440575053015,6.72135916358282,6.719596756644919,normal
23.00733911440201,-11.730382421438355,6.719596756644919,normal
23.1026801567067,-37.33025066947752,6.719596756644919,normal
24.725817167830055,15.771852324887751,6.719596756644919,normal
25.356493780870316,17.720238279927088,6.719596756644919,normal
25.057565589125545,-13.480037588114103,6.719596756644919,normal
23.610114811206934,-80.8996864929829,6.719596756644919,normal
24.000172183777213,-24.92835050348801,4.704469256661351,normal
24.13361714057353,-4.299499394792444,4.704469256661351,normal
27.385177265355267,120.22388466920984,4.704469256661351,normal
27.1985075994907,45.88254314474655,4.704469256661351,normal
25.700454747123956,-60.07141773836027,4.704469256661351,normal
26.884268591412294,-9.778104273539363,4.704469256661351,normal
26.478685388816906,0.04670631431586658,4.704469256661351,normal
26.131326365042728,6.88139697587101,4.704469256661351,normal
27.19603870332643,-13.869485826600814,4.704469256661351,normal
27.662029447623723,-18.050158862913186,4.704469256661351,normal
28.472862014858485,-28.249306822858816,4.704469256661351,normal
27.06104272109944,37.17708143282402,4.704469256661351,normal
25.333782399231662,14.42469569040462,4.704469256661351,normal
20.282607027626508,33.34395832362677,5.051175371605154,normal
25.31240197279393,62.46420053696381,5.051175371605154,normal
29.997309927841233,101.73024477281707,5.051175371605154,normal
32.173869576000094,190.371731816176,5.051175371605154,normal
29.751764887169358,22.051791027681404,5.051175371605154,normal
86.48502834223201,0.0,0.0,normal
86.72421059013065,-20.26594598893536,0.23918224789863984,normal
86.95654722028522,47.259045850625604,0.23918224789863984,normal
87.03039864119418,1.9271136800414497,0.23918224789863984,normal
86.99090448624996,23.10430030656324,0.23918224789863984,normal
86.9304997980028,-28.2040425079703,0.23918224789863984,normal
86.99952576428308,35.045215937890525,0.23918224789863984,normal
87.06372436610494,16.08912112675214,0.23918224789863984,normal
86.90302141841715,-17.738970381638524,0.23918224789863984,normal
86.73470706260952,4.684188996075564,0.23918224789863984,normal
87.32321487866507,14.780872633493633,0.5885078160555537,normal
87.80342043915695,60.02534401926422,0.5885078160555537,normal
88.10328490572117,-0.8791869468170568,0.5885078160555537,normal
88.25843090504658,-7.860251841452182,0.5885078160555537,normal
88.39677796860381,11.15010528906007,0.5885078160555537,normal
89.01671221714047,-40.16556408336361,0.6199342485366515,normal
89.42972567528524,-70.22963647569375,0.6199342485366515,normal
89.45744907816349,2.405629492241358,0.6199342485366515,normal
89.22726987190275,-11.579853700303719,0.6199342485366515,normal
89.88762756076625,30.992713604905653,0.660357688863499,normal
89.69666488975963,5.521248235024303,0.660357688863499,normal
89.75675820280543,-19.283958276722245,0.660357688863499,normal
89.67156993159917,35.183046808198824,0.660357688863499,normal
89.47305525283566,-12.463390790868047,0.660357688863499,normal
89.78320978896512,38.10542758662927,0.660357688863499,normal
88.54541020022842,-66.34656079391841,1.2377995887367064,normal
89.00267576463061,-0.022437583538560305,1.2377995887367064,normal
89.60563290987244,80.16582270433089,1.2377995887367064,normal
89.86196978356925,-11.888255996491889,1.2377995887367064,normal
89.59162614783722,-65.53583137238738,1.2377995887367064,normal
86.80366825017526,-33.16183265025586,2.787957897661954,normal
86.52966873940673,19.071717052842192,2.787957897661954,normal
86.74876029238987,-10.653044127200738,2.787957897661954,normal
86.23913454734958,-0.913759141861165,2.787957897661954,normal
86.93868720588549,-13.525970639872725,2.787957897661954,normal
87.0733000275831,-22.960745562903266,2.787957897661954,normal
88.324007761044,60.96474611374088,2.787957897661954,normal
88.76822469811665,-6.28366816546722,2.787957897661954,normal
89.12248610479763,-10.054555929549752,2.787957897661954,normal
88.8459138740805,17.93907699401303,2.787957897661954,normal
89.7356288892632,45.256377042342066,2.787957897661954,normal
88.9704725413342,-38.46855011205944,2.787957897661954,normal
89.84623635333641,-19.408509760854663,2.787957897661954,normal
89.80691058382057,13.027077838540858,2.787957897661954,normal
89.60219097185558,-21.37683532902816,2.787957897661954,normal
89.4085531462701,9.010979340072632,2.787957897661954,normal
89.78673227602064,-12.67883738382504,2.787957897661954,normal
89.44305577973618,-0.22643642979220552,2.787957897661954,normal
89.71391886397561,35.17572025030868,2.787957897661954,normal
89.84994915198932,6.620918783347825,2.787957897661954,normal
89.80806900884146,68.54475711589512,2.787957897661954,normal
89.66091651057393,65.46325265828816,2.787957897661954,normal
88.80737460736503,-9.893600610900693,2.787957897661954,normal
89.42814234723905,-19.98891051871436,2.787957897661954,normal
88.84564365664893,-29.87816098586778,2.787957897661954,normal
89.12911720020826,-31.840991635623674,2.787957897661954,normal
89.19707737259085,-90.66867239478371,2.787957897661954,normal
89.71716653760647,-25.448798831408723,2.787957897661954,normal
89.2174685336789,-24.568925019789464,2.787957897661954,normal
87.74449467731156,28.533279703158563,2.787957897661954,normal
87.6105118737783,48.8901208009185,1.4729738563673322,normal
87.47031948901316,8.091496324859794,1.4729738563673322,normal
86.70943091005432,-42.306292716889516,1.4729738563673322,normal
86.48724252931696,-11.255882468598996,1.4729738563673322,normal
87.7598847509738,-10.697461384409726,1.4729738563673322,normal
87.05212401055795,-1.8105756186013764,1.4729738563673322,normal
87.51855773691553,-26.6492095507217,1.4729738563673322,normal
87.5033661986953,-22.543818627967365,1.4729738563673322,normal
87.46717665077645,11.658843152556814,1.4729738563673322,normal
86.87918636969106,-92.25922232174676,1.4729738563673322,normal
85.51352658929228,54.887366343867974,1.4729738563673322,normal
85.36199933498173,36.64698465662285,1.4729738563673322,normal
85.27120634042302,6.544447835369467,1.4729738563673322,normal
85.04743538369178,-29.806040181636693,1.4729738563673322,normal
84.93704571507844,-64.47989121647063,1.4729738563673322,normal
84.26617894983947,50.91156391379553,1.4729738563673322,normal
83.32132723383778,-63.87476332573171,1.4729738563673322,normal
84.00487722100682,58.394269068971326,1.4729738563673322,normal
84.71922229733357,-37.5227372794289,1.4729738563673322,normal
85.50163741993798,-83.39500309441104,1.4729738563673322,normal
85.44931398801764,-47.581643352725926,1.4729738563673322,normal
86.09431557664027,15.574201480035587,1.4729738563673322,normal
86.19352483887722,54.85485474323047,1.4729738563673322,normal
86.90021363350208,-72.04479119297646,1.4729738563673322,normal
88.00570733993023,15.824220268036688,1.4729738563673322,normal
86.46870611727266,-88.58907472865369,1.5370012226575653,normal
87.31371626495127,-39.05925384195215,1.5370012226575653,normal
85.2194060005717,-131.91581958667956,2.0943102643795726,normal
84.3834544128518,-37.978586553156184,2.0943102643795726,normal
85.35926285337756,74.10607246438114,2.0943102643795726,normal
86.02111274746696,-8.167967272838151,2.0943102643795726,normal
84.96458546768987,14.68448260625145,2.0943102643795726,normal
85.44188415963688,7.811942350364057,2.0943102643795726,normal
84.90093161633231,-71.46301670551236,2.0943102643795726,normal
83.90811852104405,-58.22965047137719,2.0943102643795726,normal
83.66620070319038,-81.42919603051227,2.0943102643795726,normal
84.82016581887568,99.10291425594173,2.0943102643795726,normal
86.0184295599546,21.42422900038002,2.0943102643795726,normal
86.46530584049115,-18.965710918369197,2.0943102643795726,normal
86.88161393605245,41.42779263487466,2.0943102643795726,normal
87.15970261591737,14.700280496702069,2.0943102643795726,normal
87.56472003108601,-17.87611438714462,2.0943102643795726,normal
87.51885206850682,9.43179850888767,2.0943102643795726,normal
87.60298268725727,7.283285407603488,2.0943102643795726,normal
87.08040173849247,-3.2049111670690524,2.0943102643795726,normal
87.17371743152997,8.910468124017244,2.0943102643795726,normal
86.73817663198575,-8.210323935640535,2.0943102643795726,normal
86.83510527648609,-14.57366841816305,2.0943102643795726,normal
87.3966599696175,-22.41400118035141,2.0943102643795726,normal
87.1870609454815,-15.48857233469455,2.0943102643795726,normal
87.74239840553277,-40.887230035542615,2.0943102643795726,normal
87.87273743990657,-4.418830227491978,2.0943102643795726,normal
88.1260372176726,-7.147973041569926,2.0943102643795726,normal
87.42064570200162,-12.284119077493632,2.0943102643795726,normal
87.28496774520904,17.606405474813762,2.0943102643795726,normal
87.03410899552364,-71.40600692692969,2.0943102643795726,normal
86.27039286642787,39.00293092817168,2.0943102643795726,normal
86.94590919186243,-4.607489093163138,1.198263741078918,normal
86.75610017657715,3.3544187390147653,1.198263741078918,normal
88.6209148227319,-2.1954488627679054,1.8648146461547555,normal
89.59046605244615,208.20062720364172,1.8648146461547555,normal
88.76653348571372,30.600055892980848,1.8648146461547555,normal
87.07088159383147,7.607485594242277,1.8648146461547555,normal
84.90346300429495,85.61586595486038,2.167418589536524,normal
88.3497845043656,87.1690962275705,3.4463215000706526,normal
88.62686577127735,191.77997933236065,3.4463215000706526,normal
88.62757425278498,-3.4959128882681356,3.4463215000706526,normal
88.39469031566702,-27.783681249023395,3.4463215000706526,normal
87.11853816066008,-49.64635894814161,3.4463215000706526,normal
88.45167028474951,-38.576387886004966,3.4463215000706526,normal
87.62312377787549,-35.111841823704005,3.4463215000706526,normal
88.31690729743151,25.846951461751136,3.4463215000706526,normal
85.86974275747478,-73.39013038555382,3.4463215000706526,normal
88.5478660011039,-12.962512547133981,3.4463215000706526,normal
86.38873401002829,28.143140495508494,3.4463215000706526,normal
86.68140767982345,76.41302238003965,3.4463215000706526,normal
88.14149885839517,-26.542287596512438,3.4463215000706526,normal
89.3414168386015,-34.589824574031375,3.4463215000706526,normal
89.05577260067201,-4.881777104175335,3.4463215000706526,normal
88.66073729668416,-53.81173606362148,3.4463215000706526,normal
89.15705821764186,-139.82621255869242,3.4463215000706526,normal
89.90304855157395,-57.34840293015353,3.4463215000706526,normal
89.39768488837082,10.444466182265755,3.4463215000706526,normal
89.15834785126756,-40.53692898642019,3.4463215000706526,normal
88.87826226678379,-106.27172219651175,3.4463215000706526,normal
89.21362613834359,-66.9132242557341,3.4463215000706526,normal
89.93466612424872,-382.02504478673654,3.4463215000706526,normal
89.95568474626188,-79.62915233887799,3.4463215000706526,normal
89.68046502413345,-0.07853154238496106,3.4463215000706526,normal
88.93224385608276,-110.99277293697207,3.4463215000706526,normal
88.51038511393078,-59.63589167641635,3.4463215000706526,normal
89.51223439882212,-5.54918073698047,3.4463215000706526,normal
89.69512438116332,154.5395434866363,3.4463215000706526,normal
89.22900658498848,271.83910903741634,3.4463215000706526,normal
87.89158172808118,-80.11224724975924,2.6781232436291162,normal
86.76357769354499,-83.24549552246533,2.6781232436291162,normal
84.92373014717653,-214.46895538852647,2.6781232436291162,normal
83.3745975534377,-37.65026517770419,2.6781232436291162,normal
82.87619877423535,-45.82441423376215,2.6781232436291162,normal
79.97502094245148,-113.0302428952338,2.901177831783869,normal
79.74596948844223,-82.60350588734163,2.901177831783869,normal
80.66359028699179,-6.7111270273702,2.901177831783869,normal
82.4155318982545,73.62114591402737,2.901177831783869,normal
82.43826039029695,-168.65965218041273,2.901177831783869,normal
81.49471941487666,112.418704266341,2.901177831783869,normal
82.98931205446226,124.54141011531743,2.901177831783869,normal
84.96245310607887,145.57481304324517,2.901177831783869,normal
86.65072082282188,7.612293647857683,2.901177831783869,normal
84.90398164630687,-252.00955115281258,2.901177831783869,normal
82.37555740519007,115.92904131545535,2.901177831783869,normal
83.53834445243892,186.8700407712951,2.901177831783869,normal
81.2083325374192,54.603462225624966,2.901177831783869,normal
81.17703717261142,112.58584136820986,2.901177831783869,normal
82.32731893903171,-126.80096635962408,2.901177831783869,normal
81.63897312064184,-23.27097949856397,2.901177831783869,normal
83.58549125988873,76.68021278809577,2.901177831783869,normal
83.9467536004371,61.8386670970744,2.901177831783869,normal
83.88656187407847,-10.974267899696658,2.901177831783869,normal
81.37467349045961,-37.135803440855774,2.901177831783869,normal
82.78742425590957,53.351078736278794,2.901177831783869,normal
82.4215445960815,-58.424033210400026,2.901177831783869,normal
82.89230674596155,18.130254363958926,2.901177831783869,normal
85.5433890544144,64.90849485304395,2.901177831783869,normal
87.97945660677898,107.61385602001215,2.901177831783869,normal
86.31151769157407,91.015081210027,2.901177831783869,normal
87.30888278126717,25.008518493197993,2.901177831783869,normal
89.50365511701067,-38.68949162343404,2.901177831783869,normal
88.0972168420888,24.14238197762275,2.901177831783869,normal
88.1233494300658,1.599021259523522,2.901177831783869,normal
87.2994253631759,-1.3796824326873918,2.6510823084528568,normal
88.95222652697882,-19.748049928075936,2.6510823084528568,normal
89.23753386732037,26.199313105280158,2.6510823084528568,normal
89.18178888396935,9.508727366734163,2.6510823084528568,normal
87.93699111188725,-26.930366209755903,2.6510823084528568,normal
87.91562127889036,-33.975080576061636,2.6510823084528568,normal
88.88110170079126,27.33561644305439,2.6510823084528568,normal
89.255226796695,12.52749817240679,2.6510823084528568,normal
89.24639709018385,-6.236274494115363,2.6510823084528568,normal
88.78770009697105,37.298132489109236,2.6510823084528568,normal
89.85140776965957,53.39709867802625,2.6510823084528568,normal
89.8197065276647,-17.371039802592946,2.6510823084528568,normal
89.22451908190017,-34.56807385529502,2.6510823084528568,normal
89.40448525158611,-9.618854690020362,2.6510823084528568,normal
88.68902695015849,-22.663333103550308,2.6510823084528568,normal
87.85618323284938,-22.294486704768463,2.6510823084528568,normal
87.449193922207,-17.976167693331874,2.6510823084528568,normal
87.02395699004045,-34.07833925132583,2.6510823084528568,normal
87.49718194928029,22.236790061383594,2.6510823084528568,normal
88.60517803412758,-22.51405448653866,2.6510823084528568,normal
88.51649679870637,21.304027659994873,2.6510823084528568,normal
88.82819272677483,62.73319402447394,2.6510823084528568,normal
88.3199627578161,-23.492149964872638,2.6510823084528568,normal
88.10163877096355,-21.56801269897406,2.4360675523645767,normal
88.43725742050324,12.609006128934622,2.194772335743494,normal
88.78951954221009,11.243289947225314,2.194772335743494,normal
88.5874809044111,-18.54031265087282,2.194772335743494,normal
88.69754542959838,14.249468231524261,1.6528011638029199,normal
87.72334714160695,-37.96439134724403,1.6528011638029199,normal
87.26000516489846,40.77962121653115,1.6528011638029199,normal
87.23344058207272,-7.200174766537188,1.6528011638029199,normal
87.00569957521925,9.864752289208257,1.2447977720820944,normal
87.11393817576383,-21.323259874456497,1.2447977720820944,normal
88.10463637031282,18.26785627933316,1.2447977720820944,normal
87.3703464691453,-27.525877993264018,1.1079960848472865,normal
87.87807862297488,55.491349459936565,1.1079960848472865,normal
88.31411978250468,-12.081493960844389,1.1079960848472865,normal
88.20108630828655,-19.013333544655122,1.1079960848472865,normal
88.03569068899853,22.827493791276307,1.1079960848472865,normal
87.27658190142319,-30.70102501890437,1.1079960848472865,normal
86.98692794893127,-9.579932351228981,1.1079960848472865,normal
86.6962601616861,-23.09445524439836,1.1079960848472865,normal
87.01329381541471,27.831532830243386,1.1079960848472865,normal
88.12980853054087,36.99476720147054,1.1165147151261579,normal
87.42086198951392,-39.77176159676847,1.1165147151261579,normal
89.01496793876798,203.69181768706144,1.5941059492540575,normal
89.5165133662535,-0.7621909755088495,1.5941059492540575,normal
87.40731855704254,-37.00232271429474,2.109194809210962,normal
81.64958185134657,0.0,0.0,normal
81.71766166077347,15.097470226925399,0.06807980942690506,normal
81.42522290156349,-16.020842596546576,0.2924387592099862,normal
81.9710617107817,-3.342502659087425,0.5458388092182105,normal
81.57548565426296,4.0566108715467495,0.5458388092182105,normal
81.28826087328932,9.585168424049254,0.5458388092182105,normal
81.7455328562443,9.013698690705722,0.5458388092182105,normal
81.56473354010843,-12.886917231960737,0.5458388092182105,normal
82.59949197686012,17.867816290009024,1.0347584367516873,normal
82.6977896616744,-4.492997615037443,1.0347584367516873,normal
83.5937615843911,4.687379747893476,1.0347584367516873,normal
83.69332840899163,-15.627957154872899,1.0347584367516873,normal
82.7873910304915,-3.9673187257118228,1.0347584367516873,normal
83.82981167131797,-10.184570572243711,1.0424206408264638,normal
83.768681972044,2.980297082905748,1.0424206408264638,normal
84.15500011919754,26.21548715447423,1.0424206408264638,normal
82.48327207626815,2.0862308534560325,1.671728042929388,normal
82.14781309051499,14.681002500582496,1.671728042929388,normal
80.21658641154978,-29.654608494439444,1.9312266789652028,normal
80.29762666238861,4.943350565953599,1.9312266789652028,normal
79.77183978868322,-12.956519314867963,1.9312266789652028,normal
79.91115654241105,6.145589175643857,1.9312266789652028,normal
79.15826509647934,-13.761064444262662,1.9312266789652028,normal
80.13401560217038,29.403674669221292,1.9312266789652028,normal
79.68419997714071,-5.784299416342537,1.9312266789652028,normal
79.96543456181503,-18.95832524029558,1.9312266789652028,normal
79.83988204784966,-34.38388686460931,1.9312266789652028,normal
80.28284695916112,70.45218992641747,1.9312266789652028,normal
78.71313989043871,11.457556035941641,1.9312266789652028,normal
79.35276002537705,4.599461327379086,1.9312266789652028,normal
80.80577511796182,41.43178462162611,1.9312266789652028,normal
81.99503669593514,-30.639569549264714,1.9312266789652028,normal
84.20486976954372,26.933945497115253,2.2098330736085785,normal
80.22099723244958,163.11568665216294,3.9838725370941432,normal
85.60353826077375,-65.20318547664432,5.3825410283241695,normal
83.27968595656924,158.34084639219526,5.3825410283241695,normal
85.63548761785975,47.262790698866915,5.3825410283241695,normal
83.14750692865493,13.090228579400263,5.3825410283241695,normal
87.83704036639489,11.015674391168798,5.3825410283241695,normal
87.72890397909778,43.338973274972105,5.3825410283241695,normal
85.2410282976398,17.25765329347036,5.3825410283241695,normal
81.88346798906271,-8.82389564225148,5.3825410283241695,normal
87.53803377451987,134.05864867215723,5.654565785457166,normal
87.80933232208575,20.983654271207786,5.654565785457166,normal
88.6995972334084,0.7193741595213843,5.654565785457166,normal
86.96720435935366,102.00024982099755,5.654565785457166,normal
84.56424388952594,67.7837284912737,5.654565785457166,normal
89.59524709583124,-54.30908577634308,5.654565785457166,normal
86.49892540109252,70.65389859431637,5.654565785457166,normal
85.83770047865859,-30.14159412056993,5.654565785457166,normal
83.90592941468132,195.48271579200335,5.654565785457166,normal
85.54105316764421,-42.65920819552621,5.654565785457166,normal
88.534184844427,-10.00438360103323,5.654565785457166,normal
86.46297941255241,18.894675967110683,5.654565785457166,normal
84.37520301094823,33.19011956106237,5.654565785457166,normal
86.28167187880257,187.71750446344598,5.654565785457166,normal
85.85301577574639,125.06074782263771,5.654565785457166,normal
86.19311839704262,-17.62787226735517,5.654565785457166,normal
86.56011152814112,-29.372078986848933,5.654565785457166,normal
85.53498830297335,65.61530307280553,5.654565785457166,normal
85.31027749038333,-57.29602253163143,5.654565785457166,normal
88.44754348325142,99.33957282933683,5.654565785457166,normal
88.29458834300698,-49.01520629943237,5.654565785457166,normal
89.58021046367027,111.09614307671542,5.654565785457166,normal
89.58052456658886,229.74228051510406,5.654565785457166,normal
88.70908461451236,69.12654499209896,5.654565785457166,normal
88.96947706550795,68.5905631628693,5.654565785457166,normal
89.89012429136106,118.00689725589858,5.654565785457166,normal
86.85452470601402,146.34639271014362,5.654565785457166,normal
87.5824061079557,52.6841976763675,5.654565785457166,normal
87.6535007728432,113.62746093402555,5.654565785457166,normal
88.94116639499836,120.06405092340323,5.654565785457166,normal
88.68377643678143,-103.00902211471214,5.0310032063053,normal
86.11276635814762,142.39326914607733,5.0310032063053,normal
86.49676965416131,29.30614017146314,5.0310032063053,normal
84.22184837598667,57.84482579718609,5.0310032063053,normal
87.19092779786185,-12.860587496650439,5.0310032063053,normal
85.6597367124022,42.98775750135473,3.1372659928680946,normal
87.03029133185905,35.881247463995,3.1372659928680946,normal
86.7697564222492,15.223624002194743,3.1372659928680946,normal
87.40261100924901,-8.224493494057024,3.1372659928680946,normal
89.83614544897952,-106.68854538577139,3.1372659928680946,normal
86.1826279907021,94.01066335675242,3.6535174582774204,normal
87.09307475066014,-1.0566237257133,3.6535174582774204,normal
83.64834083153634,-95.7035508600946,3.6535174582774204,normal
77.33324276599726,-205.03560167101998,6.31509806553909,normal
81.95673328926605,102.2575943643782,6.31509806553909,normal
83.54253329872928,92.95564231057975,6.31509806553909,normal
82.94963193743774,-81.15053376854216,6.31509806553909,normal
82.91511714198197,19.969387076211056,6.31509806553909,normal
84.09965911408463,-116.18075839646428,6.31509806553909,normal
81.86347950728637,130.7694923463507,6.31509806553909,normal
81.26474241323457,-6.686379043495387,6.31509806553909,normal
78.97920294759008,103.2180573176539,6.31509806553909,normal
78.95754859186805,54.171026381629076,6.31509806553909,normal
75.73133813379852,13.321930250130894,6.31509806553909,normal
81.03335308492241,10.391316232984579,6.31509806553909,normal
78.85394696868681,167.00538989726442,6.31509806553909,normal
67.29077127977949,-209.1407508372257,11.563175688907322,normal
72.44670121340427,-145.31220649799909,11.563175688907322,normal
73.51040459035062,247.68542274352254,11.563175688907322,normal
76.1929708884376,273.9542562312776,11.563175688907322,normal
80.0621945633334,-2.3911978746153206,11.563175688907322,normal
81.73118968525053,-321.6598443917977,11.563175688907322,normal
84.27044709533105,-30.090995237930137,11.563175688907322,normal
82.88822055157634,195.74876059574743,11.563175688907322,normal
79.40365209514984,54.769054804503,11.563175688907322,normal
80.1455552237407,25.236707863591377,11.563175688907322,normal
80.98233436537132,118.93942779432334,11.563175688907322,normal
81.26718224667208,-32.23331987530811,11.563175688907322,normal
78.56445987135567,-54.786913233669985,11.563175688907322,normal
79.44510223330035,21.28129475732421,11.563175688907322,normal
78.49846285354145,192.71900940130234,11.563175688907322,normal
76.66619646843718,120.6414734664691,11.563175688907322,normal
76.24324676081989,147.7194311680207,11.563175688907322,normal
77.43313660221838,66.53959125930706,11.563175688907322,normal
78.0107433482766,65.37993813455346,11.563175688907322,normal
76.71061554430672,-47.97598309444588,11.563175688907322,normal
75.73697700230498,63.001790650483244,11.563175688907322,normal
75.46185578581007,26.254638326109543,11.563175688907322,normal
75.25755533084897,-29.862269972060673,11.563175688907322,normal
73.34292625346075,-38.61312921810359,11.563175688907322,normal
74.46400228256,22.139644128439954,11.563175688907322,normal
78.63634006358711,53.812484072968836,11.563175688907322,normal
78.11558326850917,19.71959802209335,11.563175688907322,normal
77.82410698148654,3.770876004874984,11.563175688907322,normal
78.74666616957909,-5.1961160249324685,11.563175688907322,normal
79.38352236462897,22.47803846573232,11.563175688907322,normal
78.32472552617035,7.540378284429431,5.155929933624776,normal
78.06355376349102,51.766320208028475,4.17233778102711,normal
77.85575971774621,-48.13052719300633,4.17233778102711,normal
76.78475622304113,-36.551854374637315,4.17233778102711,normal
76.62337338848056,13.92179030676553,4.17233778102711,normal
77.36422644844805,19.095239863909132,4.17233778102711,normal
78.24443898041318,-4.921142006604912,4.17233778102711,normal
78.23846469586223,-36.45729628174033,4.17233778102711,normal
78.51273197513495,20.420426889787482,4.17233778102711,normal
77.24440516697005,5.76735680405591,4.17233778102711,normal
76.90053960579868,10.558681767870045,4.17233778102711,normal
77.43700488173525,-12.939347748361245,4.17233778102711,normal
77.43852877547145,-25.345461118133915,4.17233778102711,normal
77.06888517996303,14.279874706985595,4.17233778102711,normal
77.00347651606259,15.257967135208178,4.17233778102711,normal
76.83047802705327,-11.935383493268544,4.17233778102711,normal
76.56405406000265,45.27340748050876,4.17233778102711,normal
76.34399933610564,-35.58017266457724,4.17233778102711,normal
76.42703440765642,22.805214046240295,4.17233778102711,normal
76.26661493261493,-4.578626493350937,4.17233778102711,normal
76.28055914498013,16.62780023400399,4.17233778102711,normal
76.56199838003866,7.2885286423309195,4.17233778102711,normal
76.21142290944663,33.96604541294587,4.17233778102711,normal
77.35827223381125,16.555679654675778,4.17233778102711,normal
77.19139151127695,-28.190217302746646,4.17233778102711,normal
77.59534529156666,14.754038896791064,1.2683268081649004,normal
77.0529176230023,3.4320237591424414,1.2683268081649004,normal
77.22960885544741,-19.098903131430564,1.2683268081649004,normal
77.58895503651286,-13.965062654362455,1.2683268081649004,normal
77.86512701996111,-5.244883273811544,1.2683268081649004,normal
77.35938441673959,-46.637287769582244,1.2683268081649004,normal
77.21108518991072,18.84934303153295,1.2683268081649004,normal
77.8627653357365,7.531220115625848,1.2683268081649004,normal
77.55706193030949,22.39355435851927,1.2683268081649004,normal
77.86102691217138,30.906759124109225,1.2683268081649004,normal
77.72727511414341,-9.093145805076798,1.2683268081649004,normal
76.80637445484017,-6.865650197825509,1.2683268081649004,normal
76.67828938636421,-4.722180789347088,1.2683268081649004,normal
76.70377911798624,-1.9154310052692238,1.2683268081649004,normal
76.47846416638723,0.7692861795009075,1.1468493243646236,normal
77.10384141918054,3.7928556100035813,1.1468493243646236,normal
78.74800809279972,15.91621051796565,1.644166673619182,normal
78.14496174444356,40.12880615509644,1.644166673619182,normal
77.46889264269322,-14.590107675206943,1.644166673619182,normal
77.57052007616639,-6.734459429714194,1.644166673619182,normal
78.09608298735364,-11.864407685040781,1.644166673619182,normal
77.90688391612379,-15.600711602682242,1.644166673619182,normal
77.62574239879547,-26.225103231717988,1.644166673619182,normal
77.74770554273404,35.96847902184913,1.644166673619182,normal
77.40716725448802,-23.098046493734834,1.644166673619182,normal
77.7788768625444,12.655444515450196,1.644166673619182,normal
77.67717390762574,15.072514216935637,1.644166673619182,normal
77.09839037153426,-13.716647325565287,1.644166673619182,normal
77.74322648628039,-20.665636859503394,1.644166673619182,normal
77.12180072883048,13.624607729089286,1.644166673619182,normal
76.49977662813379,0.6170316231413528,1.644166673619182,normal
76.74163731500101,5.6643274050156105,1.644166673619182,normal
76.75636354088036,5.157422761737334,1.644166673619182,normal
76.70879811787981,1.3299950645002296,1.644166673619182,normal
76.58789977380404,7.721710026740358,1.644166673619182,normal
76.79322723757802,6.469330442850488,1.644166673619182,normal
77.11626317747144,7.524809397463341,1.644166673619182,normal
77.19084445580557,-47.869290427884145,1.644166673619182,normal
77.01585106286983,28.46221491621304,1.644166673619182,normal
77.17723364578401,-4.652578706439863,1.644166673619182,normal
78.6512527335514,-13.822195221026572,1.644166673619182,normal
5.428061245895952,0.0,0.0,normal
5.1961153068862025,9.821295342890329,0.23194593900974958,normal
5.140175321795103,-15.024427449157097,0.23194593900974958,normal
5.3924020421016525,17.402995584860935,0.2522267203065498,normal
4.8877312852102275,-19.89443638308302,0.504670756891425,normal
4.629909743896612,13.836402609791689,0.504670756891425,normal
4.306354452053396,6.418631021701525,0.504670756891425,normal
4.351354376472183,26.148680849636275,0.504670756891425,normal
4.345781146043512,32.28158148021657,0.504670756891425,normal
4.388848495116939,35.90861742263839,0.504670756891425,normal
4.604102601761676,27.102718141144397,0.504670756891425,normal
4.496984040048812,23.024420499283536,0.504670756891425,normal
4.6998871566649685,3.6240595841809684,0.504670756891425,normal
4.429088383825572,-12.635327584293341,0.504670756891425,normal
4.851201147984747,15.226132957632897,0.504670756891425,normal
5.165949555084873,-23.29366644476315,0.504670756891425,normal
5.097700751175255,-9.139022453834842,0.504670756891425,normal
5.644102325264386,2.61186883165939,0.5464015740891313,normal
5.646896413195015,37.40549666715006,0.5464015740891313,normal
5.388596314854295,56.008422524339785,0.5464015740891313,normal
5.744038705958454,61.223002162302116,0.5464015740891313,normal
6.481586499403059,-7.213318672007429,0.7375477934446053,normal
6.909102501136114,15.684492126723192,0.7375477934446053,normal
7.788764890619137,21.31461716523442,0.8796623894830233,normal
8.68330257659291,13.820605016051815,0.8945376859737726,normal
10.249176167816861,41.13876570370669,1.5658735912239514,normal
11.480113007306018,35.47544282327833,1.5658735912239514,normal
13.559950365125191,64.03588965053558,2.079837357819173,normal
15.897836652716732,137.98488384815988,2.337886287591541,normal
18.21481755967224,182.83768673517466,2.337886287591541,normal
19.030653851446814,147.7063567146649,2.337886287591541,normal
23.843243221090997,85.14033013383948,4.812589369644183,normal
25.797707635425493,168.75836750280314,4.812589369644183,normal
34.73006652443972,128.21624715106913,8.932358889014228,normal
35.253280505820605,264.4457664890316,8.932358889014228,normal
36.68260599006121,223.75208081764833,8.932358889014228,normal
39.259381881007194,138.87618866597631,8.932358889014228,normal
46.45324268758627,213.37718284196063,8.932358889014228,normal
49.3324072992692,84.62061219486097,8.932358889014228,normal
51.24926336935932,132.85524489537863,8.932358889014228,normal
50.75626111345406,207.84527762539733,8.932358889014228,normal
61.111748715904014,203.29373902324193,10.355487602449955,normal
60.658762255941916,253.3093787049551,10.355487602449955,normal
62.33899015218368,115.81032810195487,10.355487602449955,normal
63.75643091430053,238.81863518344508,10.355487602449955,normal
65.09314606843225,208.06827554282688,10.355487602449955,normal
62.50839719844785,120.27051540117967,10.355487602449955,normal
64.6685561825883,110.74639798110613,10.355487602449955,normal
58.87683964333462,167.17311331360173,10.355487602449955,normal
57.528183397644625,162.6208878595446,10.355487602449955,normal
52.877458284010544,298.0415246078986,10.355487602449955,normal
52.11256317686117,150.4301824063069,10.355487602449955,normal
54.373545191837934,232.4554102151501,10.355487602449955,normal
55.7905217197527,34.995104393332554,10.355487602449955,normal
55.936930862778546,77.94807492015188,10.355487602449955,normal
50.20396084468791,207.85832781153027,10.355487602449955,normal
54.1304393199815,11.687929861168643,10.355487602449955,normal
50.778281181824504,94.81669972546399,10.355487602449955,normal
53.06278884493827,-46.91885340742977,10.355487602449955,normal
48.7999839960703,63.035146429709556,10.355487602449955,normal
44.21436008422621,25.013314656070452,10.355487602449955,normal
42.465235526172194,7.10616977533697,10.355487602449955,normal
46.83470811792403,-112.94134770841315,10.355487602449955,normal
49.25501810965552,-66.21023382079059,10.355487602449955,normal
48.605272270266795,-162.9221868937718,10.355487602449955,normal
51.84220194692714,-231.29989636580007,10.355487602449955,normal
58.251199223633535,-133.73258372452648,10.355487602449955,normal
52.25218391477137,100.15170739686364,10.355487602449955,normal
50.090941865442275,30.286047755046237,10.355487602449955,normal
46.24975377475812,-26.73296286737775,10.355487602449955,normal
45.94197096156152,-40.577378749356335,10.355487602449955,normal
33.73568729456615,221.92711531474185,12.206283666995375,normal
29.061571614587322,-47.367596649895795,12.206283666995375,normal
28.7024854864503,162.60715082150995,12.206283666995375,normal
22.14194499462088,9.044007940761679,12.206283666995375,normal
28.033144207861863,-341.3308236159336,12.206283666995375,normal
31.013576496941642,-39.29021828550736,12.206283666995375,normal
22.854216415631807,-132.03674637914594,12.206283666995375,normal
16.567817353535194,328.30078513877726,12.206283666995375,normal
16.510031922004146,-184.58572482508694,12.206283666995375,normal
13.668591233044705,64.19203398286304,12.206283666995375,normal
7.837314995459613,118.95885721950219,12.206283666995375,normal
7.473559583225422,15.637786197405301,12.206283666995375,normal
3.9795642427651545,-3.245833136959605,12.206283666995375,normal
4.1736125689906185,49.463639703353174,12.206283666995375,normal
0.25336053476676645,48.109625654402116,12.206283666995375,normal
2.3712060361412233,77.73011391666839,12.206283666995375,normal
4.05875754975463,3.0329090474221547,12.206283666995375,normal
4.2797470394578525,33.43457687259357,12.206283666995375,normal
5.125813191476899,17.092080624009476,12.206283666995375,normal
5.553928882118315,-10.808759426949493,12.206283666995375,normal
5.681372754250349,19.455538017875178,12.206283666995375,normal
6.695614348369802,34.43119898200918,12.206283666995375,normal
7.7652818663725265,11.194312294456015,12.206283666995375,normal
8.075225041673866,-44.81044701974119,12.206283666995375,normal
6.914040825228131,-27.770796090897388,12.206283666995375,normal
7.32662285652569,-12.550157948478361,12.206283666995375,normal
8.004920475768431,0.36242885348148796,12.206283666995375,normal
9.265034107472658,9.971029057468277,12.206283666995375,normal
8.814776302125354,30.48340320147772,12.206283666995375,normal
8.46017593812948,27.672576268949467,12.206283666995375,normal
9.678956205076599,16.99981351854325,8.159360081309835,normal
10.14246581654347,40.968197481442814,8.159360081309835,normal
9.588404442039733,23.070668527333606,8.159360081309835,normal
9.097666833928647,31.73232890946352,8.159360081309835,normal
9.407515145196655,-2.8749331100234015,8.159360081309835,normal
10.784395171677522,31.58831896073335,8.159360081309835,normal
9.80448397279867,14.052074106936074,6.2863990620966135,normal
10.510884876294675,-10.355895073073066,5.831276237585092,normal
11.428243163866307,40.89149901908255,5.831276237585092,normal
12.69839148291345,79.50951824342651,5.831276237585092,normal
13.863226396947873,74.56922146488985,3.920252034223852,normal
15.349774077008703,61.25940531309401,3.920252034223852,normal
17.26315326500512,13.119787125649518,3.920252034223852,normal
14.680026749134012,-52.682914566779075,3.920252034223852,normal
11.428928461249043,1.1264371188432853,3.251098287884968,normal
15.59832999702328,38.0584638750649,4.169401535774236,normal
16.38808302262222,83.6594774337016,4.169401535774236,normal
19.082177143786392,-21.91973369066182,4.169401535774236,normal
20.412924207001407,8.826962739813826,4.169401535774236,normal
20.84202860395744,3.8028700292656445,4.169401535774236,normal
21.676654312573667,3.5931512486029513,4.169401535774236,normal
22.20215739320994,3.596356557477709,4.169401535774236,normal
21.659118621701808,10.35864248068,4.169401535774236,normal
22.801200195690804,64.70602815599376,4.169401535774236,normal
22.223684403912358,24.393774240706644,4.169401535774236,normal
22.421718231515793,23.90427778540442,4.169401535774236,normal
23.405710686334743,8.615870255347666,4.169401535774236,normal
23.938424513242374,18.185548851569546,4.169401535774236,normal
23.85288384716537,87.63818154981108,4.169401535774236,normal
23.33364008753127,-5.435745950320586,4.169401535774236,normal
23.052639295335712,-72.15012906698372,4.169401535774236,normal
23.50809169945197,82.04720706969867,4.169401535774236,normal
22.3558898664136,-78.37667050683372,4.169401535774236,normal
22.167632114091997,151.49526075526197,4.169401535774236,normal
19.12754102479695,-103.31397355244565,4.169401535774236,normal
18.55554119633303,6.5365405981658125,4.169401535774236,normal
18.64116418671388,190.01986812097016,4.169401535774236,normal
20.049267225886187,22.14090000302007,4.169401535774236,normal
19.278640391123,-171.20149971726994,4.169401535774236,normal
18.984922139895293,-19.19705275218939,4.169401535774236,normal
20.16108410594397,-29.815783152992555,4.169401535774236,normal
20.27366647377459,-8.929990525073883,4.169401535774236,normal
17.610637845401854,305.2223322898907,4.169401535774236,normal
18.77878650853286,-240.9746633029872,4.169401535774236,normal
18.55379071037794,59.99330830756487,4.169401535774236,normal
17.932364572371043,13.955456939425533,3.0400910892950463,normal
17.919827718421626,-34.18828235942936,3.0400910892950463,normal
17.993894391377484,-14.65284057031916,3.0400910892950463,normal
17.884145457807307,-20.22275159211173,3.0400910892950463,normal
16.573620226108055,-25.69100853244771,3.0400910892950463,normal
16.857167576206603,8.878247681809944,3.0400910892950463,normal
17.307573600654283,-49.49912705160941,3.0400910892950463,normal
16.396460027658872,-3.1407447959943475,3.0400910892950463,normal
16.850506710803067,15.56910100723193,3.0400910892950463,normal
16.435049239812596,14.264998196473524,3.0400910892950463,normal
15.747153221471352,-1.6319601185192965,3.0400910892950463,normal
16.199419256111145,-24.152918173832024,3.0400910892950463,normal
17.970585355203465,-24.667599198864483,3.0400910892950463,normal
18.693330517192738,-4.2291761096083675,3.0400910892950463,normal
18.795766164194994,-23.83009778001718,3.0400910892950463,normal
19.90901049560164,-40.310880211483656,3.0400910892950463,normal
19.3246073060653,-2.149846452426514,3.0400910892950463,normal
19.766016384734527,2.712149209312512,3.0400910892950463,normal
20.62428427676102,-41.557287462496426,3.0400910892950463,normal
19.632198981795657,37.57812544511913,2.663028628372736,normal
19.66469231817415,6.694974436832388,2.663028628372736,normal
19.644697188978405,-7.3763315233522295,2.663028628372736,normal
19.775554353155393,-26.49599896127962,2.663028628372736,normal
19.34091085038856,11.084415990178622,2.663028628372736,normal
19.312524804947167,-7.98350860448483,2.663028628372736,normal
19.623167044793345,-4.01487831626745,2.663028628372736,normal
20.164421422509868,-6.014533152848193,2.663028628372736,normal
20.96034500047909,-23.131340445320085,1.7711660990923193,normal
20.834663833571458,7.879107115421306,1.7711660990923193,normal
20.002639623523123,11.838121477014413,1.7711660990923193,normal
19.45673403326558,17.234487918302268,1.7711660990923193,normal
22.29600286962212,-27.024417024346757,2.839268836356542,normal
18.98344486473267,-4.176059562540961,3.31255800488945,normal
21.46793267086941,-15.378156178549958,3.31255800488945,normal
20.805885922448326,43.28403314345498,3.31255800488945,normal
18.212156628080596,106.73495392434734,3.31255800488945,normal
17.957373274656863,-26.65534860248184,3.31255800488945,normal
22.35951516329061,-134.09409677547234,4.4021418886337464,normal
18.383969103018444,166.98789225076754,4.4021418886337464,normal
19.580019124489745,-161.75728606843143,4.4021418886337464,normal
18.135134583123378,101.45809971396115,4.4021418886337464,normal
19.216816345842698,-89.18909314392579,4.4021418886337464,normal
20.001348946627708,-3.8019542267299995,4.4021418886337464,normal
19.594668632202083,-7.970687368985801,4.4021418886337464,normal
18.56805379682303,34.266125574959176,4.4021418886337464,normal
18.74976346311922,-12.782313891264355,4.4021418886337464,normal
18.950711997818434,-2.2537900402222157,4.4021418886337464,normal
19.039704759121346,21.696735773232273,4.4021418886337464,normal
18.626023229144263,11.132953524567805,4.4021418886337464,normal
19.33278504765845,-6.755875305452777,4.4021418886337464,normal
19.310862307219445,-31.99401948402406,4.4021418886337464,normal
22.62125285156936,-18.944291252351384,4.4021418886337464,normal
23.57939701672525,3.5102711191270837,4.4021418886337464,normal
20.950556252153763,61.440276313883885,4.4021418886337464,normal
21.53231833018233,1.0879734123461977,4.4021418886337464,normal
22.5600151682143,-23.372196512194705,4.4021418886337464,normal
22.820705740425076,-38.72928923242483,4.4021418886337464,normal
7.45021093871233,0.0,0.0,normal
6.680882866600876,-9.625320521112531,0.7693280721114544,normal
5.671074307777334,37.56844071351918,1.0098085588235417,normal
5.455495206720247,26.129172947435645,1.0098085588235417,normal
4.980939562177585,53.73715700069066,1.0098085588235417,normal
5.257649580964084,-24.067307370018455,1.0098085588235417,normal
5.435436491523044,59.39257934887448,1.0098085588235417,normal
4.99485185964373,14.465565416073012,1.0098085588235417,normal
4.687855027100976,67.3969306067816,1.0098085588235417,normal
4.401313651638357,28.102905045636046,1.0098085588235417,normal
4.598651823814194,27.228208879175394,1.0098085588235417,normal
4.257191424475327,-23.68455626027697,1.0098085588235417,normal
3.6105528166864764,-20.68733121252264,1.0098085588235417,normal
2.9745789424815614,-114.8814178637648,1.0098085588235417,normal
2.369094003047102,-13.859619131691609,1.0098085588235417,normal
2.4585722836583535,-58.02296219003279,1.0098085588235417,normal
2.367513491099973,-59.65194358771246,1.0098085588235417,normal
2.392791436131503,-52.57654209256307,1.0098085588235417,normal
2.0047520739513174,-85.72388700318915,1.0098085588235417,normal
1.4927855604444225,-35.7565537316987,1.0098085588235417,normal
1.1427385867479667,15.384442781205976,1.0098085588235417,normal
0.9549997102041878,42.35122715839287,1.0098085588235417,normal
0.6314049215317475,98.5668807291619,1.0098085588235417,normal
1.1764256918325153,-33.35314230755047,1.0098085588235417,normal
1.3688133358824932,38.49922182129961,1.0098085588235417,normal
0.6765539657811374,33.60541008442554,1.0098085588235417,normal
0.2494255749915973,101.16281229882004,1.0098085588235417,normal
0.5532373236965215,-12.928838023911183,1.0098085588235417,normal
0.6967360497546295,1.330929995237431,1.0098085588235417,normal
1.5750850555435862,145.26434746264556,1.0098085588235417,normal
0.7433547589792887,18.093459906015017,1.0098085588235417,normal
0.2812366284040164,-3.9989707751638597,1.0098085588235417,normal
1.1510029424784147,143.44399051009515,0.8783490057889567,normal
1.0300784120324278,23.446939243583394,0.8783490057889567,normal
2.149295683033851,-21.448712905704564,1.1192172710014234,normal
2.0839002370463096,-99.85248493508784,1.1192172710014234,normal
3.414452723589843,10.893755867450786,1.3305524865435334,normal
5.5154515500349985,144.98964570924258,2.1009988264451556,normal
4.214280758631378,61.07833244225742,2.1009988264451556,normal
4.997726392251083,99.05928362213675,2.1009988264451556,normal
4.834502105900281,-67.30513443751944,2.1009988264451556,normal
3.5257631846897666,82.81937379720833,2.1009988264451556,normal
3.476483567385844,102.26780010188352,2.1009988264451556,normal
2.5540466096112495,-17.38472938223533,2.1009988264451556,normal
0.6013327086468394,64.11195547233766,2.1009988264451556,normal
3.2709474854190743,-13.97178901433116,2.669614776772235,normal
2.748402836080752,10.277508267316769,2.669614776772235,normal
2.0868561346509065,46.4644280793468,2.669614776772235,normal
2.647685280563648,45.657949514981226,2.669614776772235,normal
3.295590106457576,-7.1312575183413225,2.669614776772235,normal
2.249594574754189,83.82844490470859,2.669614776772235,normal
1.370317664486804,64.93400046939607,2.669614776772235,normal
1.6485925654454288,21.617654484047396,2.669614776772235,normal
3.604017331214113,-12.53853261595112,2.669614776772235,normal
4.175344551620924,-47.53187330944521,2.669614776772235,normal
5.873836482178745,-35.46651446373072,2.669614776772235,normal
2.523468322889674,-176.4166708891825,3.350368159289071,normal
2.3632276507431396,14.228177317507273,3.350368159289071,normal
2.877657674252305,-5.2284900397700245,3.350368159289071,normal
3.0314864328713647,4.776376737294289,3.350368159289071,normal
4.718693813636103,88.06571945094954,3.350368159289071,normal
4.633218799576293,5.959196703821947,3.350368159289071,normal
4.265118147358774,-4.922426502853539,3.350368159289071,normal
3.679509539749736,14.345154480831374,3.350368159289071,normal
3.3823522289001473,-9.24852128269478,3.350368159289071,normal
1.9535484062778832,4.001946710825726,3.350368159289071,normal
2.03505205237365,-51.70802671555399,3.350368159289071,normal
2.06096241847293,7.810686521758022,3.350368159289071,normal
2.7543535573412425,39.75186181681718,3.350368159289071,normal
3.031236177042334,-6.863194390645583,3.350368159289071,normal
2.769150330597236,-18.128942215829568,3.350368159289071,normal
2.259379963428269,3.413169286032008,3.350368159289071,normal
2.5082385202236464,-1.524365813258695,3.350368159289071,normal
2.7612663111502234,13.162792350559387,3.350368159289071,normal
2.925505802286983,-13.21841945562349,3.350368159289071,normal
2.651717327566785,-3.905343260879011,3.350368159289071,normal
2.7141635509119086,19.916334957971614,3.350368159289071,normal
2.9629341077611215,-7.795349007193023,3.350368159289071,normal
2.6367001759667157,2.041491864039802,3.350368159289071,normal
2.5826559166844096,16.141932866214688,3.350368159289071,normal
2.8978361406915085,3.465362619178574,3.350368159289071,normal
2.909717490542755,-20.414002967886677,3.350368159289071,normal
2.7779830734122077,13.591327085868034,3.350368159289071,normal
2.8263504329187437,-8.208317309808834,3.350368159289071,normal
2.885868530201875,-5.264201267712411,3.350368159289071,normal
3.250716820772031,-4.401408843899223,3.350368159289071,normal
2.9535791731157692,-0.9200219557721422,1.6872073807647388,normal
2.769893317158429,-3.173949842443581,1.6872073807647388,normal
2.628856952646718,-0.21014684135327857,1.6872073807647388,normal
2.4381945969616803,-10.316424349048859,1.6872073807647388,normal
3.9955355258102507,25.562371662914167,1.5573409288485704,normal
4.293264318927733,4.210033289028481,1.5573409288485704,normal
4.235686552776001,-6.034968604135602,1.5573409288485704,normal
4.3952441106845646,4.6007965332442184,1.5573409288485704,normal
4.886657607677839,-19.704814607851322,1.5573409288485704,normal
4.605032147013467,-2.4285924182101657,1.5573409288485704,normal
4.5900091532686895,-0.6492118105423725,1.5573409288485704,normal
4.629928405893332,0.7483333598952806,1.5573409288485704,normal
4.465732482714221,-16.88477219104191,1.5573409288485704,normal
4.214847903905499,4.971186064082568,1.5573409288485704,normal
4.3172565000955965,-2.661859990474862,1.5573409288485704,normal
4.476995000526392,10.640801336192208,1.5573409288485704,normal
4.136138878657973,-11.605691245020171,1.5573409288485704,normal
4.047661017352932,7.914386433667647,1.5573409288485704,normal
3.7292612545496744,-2.0694198756357713,1.5573409288485704,normal
3.343928945292411,4.357456563354747,1.5573409288485704,normal
3.0600252463185478,-13.578507670709229,1.5573409288485704,normal
2.7469426677438347,-9.537187041895743,1.5573409288485704,normal
3.1039210750377713,4.242539663181168,1.5573409288485704,normal
3.327472789556869,16.0812695623382,1.5573409288485704,normal
3.7166642268040353,-8.419379823673456,1.5573409288485704,normal
3.5033713960236965,7.349874330424526,1.5573409288485704,normal
3.4765806998201203,-17.269812482061752,1.5573409288485704,normal
4.475923773100099,-3.392108818271113,1.5573409288485704,normal
4.725383738016112,8.214727017388237,1.5573409288485704,normal
4.256634393959503,7.9780256732060035,1.5573409288485704,normal
3.641633579211483,-3.900764898322295,1.5573409288485704,normal
3.5428149772602944,-3.780353963080656,1.5573409288485704,normal
3.1412352334603058,0.8426476285636366,1.5573409288485704,normal
3.105300557294366,-1.7129943505954068,1.5573409288485704,normal
4.083009589646572,23.376203542082127,0.9993430732799791,normal
3.7042669889423614,-0.10072397624775879,0.9993430732799791,normal
3.646534637004735,-13.23925100525655,0.9993430732799791,normal
2.9511788011277353,-3.72816062993409,0.9993430732799791,normal
3.1036906331851557,13.609640536094899,0.9993430732799791,normal
2.774593424033948,-3.95410282210804,0.9993430732799791,normal
3.052174770415522,13.884342289497878,0.9993430732799791,normal
2.724069445746314,-0.032964210408357425,0.9993430732799791,normal
2.725424370398206,-14.980631203703597,0.9993430732799791,normal
3.1200180420638417,10.112458297147146,0.9993430732799791,normal
2.9659875694887905,3.0208036149214204,0.9993430732799791,normal
2.8578017202652592,-18.093459906015017,0.9993430732799791,normal
2.64255325362552,3.351132473388502,0.9993430732799791,normal
2.824211729984308,-11.979056711520386,0.9993430732799791,normal
2.779951108938277,7.899506755358319,0.9993430732799791,normal
2.9931732120977084,-10.385099787399604,0.9993430732799791,normal
2.7835956127145476,-9.04615765768792,0.9993430732799791,normal
2.5514846668292726,11.561281128220022,0.9993430732799791,normal
2.7382375652782596,-1.5767880645330967,0.9993430732799791,normal
2.272471605339344,-0.29026818609581395,0.9993430732799791,normal
2.1262358472688208,6.3941411467099964,0.9993430732799791,normal
1.8677030249877784,-8.087219620183687,0.9993430732799791,normal
1.5920915294001048,-12.044756214209265,0.9993430732799791,normal
1.7852234425446039,10.923973060325112,0.9777090323522062,normal
2.1078341080721303,16.237391725522226,0.9777090323522062,normal
1.9921320775530746,-0.42052260083439297,0.9777090323522062,normal
1.8838513892341895,-15.532323891787913,0.9777090323522062,normal
2.039023256297403,-13.685183518280718,0.9777090323522062,normal
2.2951617694908766,-2.8704044049332897,0.9777090323522062,normal
2.2761431230959106,-4.7630994858798115,0.9777090323522062,normal
3.337462086594678,11.7343432328639,1.0613189634987674,normal
3.3292325728950427,1.0179989144858712,1.0613189634987674,normal
3.5713261677434964,-0.03845824547641699,1.0613189634987674,normal
3.549830580957674,-0.11606149081275842,1.0613189634987674,normal
4.076387683407555,-8.453259706593157,1.0613189634987674,normal
3.910727931955739,3.996452675757666,1.0613189634987674,normal
4.134889476189297,-2.764644229873143,1.0613189634987674,normal
4.069897891812289,-4.429565773623029,1.0613189634987674,normal
4.334724423508247,3.318855017363652,1.0613189634987674,normal
4.152038934162025,-13.986439774512652,1.0613189634987674,normal
3.895665634369806,18.52428382260202,1.0613189634987674,normal
3.8598017093385915,0.47660754215416773,1.0613189634987674,normal
3.2211518814267484,-0.9543596749475145,1.0613189634987674,normal
3.3474030835370745,-21.905862406992686,1.0613189634987674,normal
0.7803928554179153,0.0,0.0,normal
0.8407257410099429,-8.97164797278162,0.06033288559202765,normal
0.7265353793926276,-3.0307301087045553,0.11419036161731533,normal
0.8944154539268317,7.237005731527602,0.16788007453420417,normal
0.9940556201961273,10.430519531056628,0.16788007453420417,normal
1.0710917504409998,15.347914905920193,0.16788007453420417,normal
1.3706235387111276,7.868221815357514,0.29953178827012783,normal
1.509202215990214,-1.6256618800269458,0.29953178827012783,normal
1.6606480818905205,5.900851554802406,0.29953178827012783,normal
1.9034332740487239,-0.8296015523241516,0.29953178827012783,normal
1.8929956981557923,1.006122263471363,0.29953178827012783,normal
2.073446369231991,17.211227237530544,0.29953178827012783,normal
2.2241440538930184,10.52965502771907,0.29953178827012783,normal
2.564420635752514,1.84213442527946,0.3402765818594955,normal
2.778090197357164,23.63969484789553,0.3402765818594955,normal
3.0608591552227193,12.355762929288668,0.3402765818594955,normal
3.3163347760406396,4.738012784482449,0.3402765818594955,normal
3.428965601157016,2.9957007068815678,0.3402765818594955,normal
3.9649067779679896,20.281565754832332,0.5359411768109736,normal
4.260277795960641,45.97208326174362,0.5359411768109736,normal
4.524283336428714,2.112982675976154,0.5359411768109736,normal
4.518825763250263,9.148970010114326,0.5359411768109736,normal
4.739993338521215,-4.703555758506242,0.5359411768109736,normal
5.0093167361558075,-26.674889488204975,0.5359411768109736,normal
5.006003749903581,-15.129496282788624,0.5359411768109736,normal
5.162574578845277,-20.692188187312908,0.5359411768109736,normal
5.028618975829596,58.96753343739456,0.5359411768109736,normal
4.724131461922265,29.306902582041996,0.5359411768109736,normal
4.696165868729567,-9.135118514622228,0.5359411768109736,normal
4.393159762603509,34.705551568878896,0.5359411768109736,normal
4.860112065785854,13.81028443112814,0.5359411768109736,normal
4.532472663363015,32.62874304641929,0.5359411768109736,normal
4.102969748138481,63.917210810016556,0.5359411768109736,normal
3.627510596728603,-10.22526555240102,0.5359411768109736,normal
2.759800382349617,-16.280773061003607,0.8677102143789859,normal
2.2888577596840873,11.093101811290131,0.8677102143789859,normal
1.8877967893635732,-59.94560928437365,0.8677102143789859,normal
1.6452576743215672,-1.5968141373491913,0.8677102143789859,normal
1.3588036208803107,31.354634411485137,0.8677102143789859,normal
1.189534693460671,28.27674053300584,0.8677102143789859,normal
0.5972923707833744,-54.63808253234427,0.8677102143789859,normal
0.5974490927703681,22.356084773904815,0.8677102143789859,normal
0.0003956156670878945,-41.90626867172059,0.8677102143789859,normal
0.8268096064670479,-18.989026617631836,0.8677102143789859,normal
0.7829002153905973,-55.45463391536182,0.8677102143789859,normal
1.4660479597590061,9.564629350046571,0.8677102143789859,normal
1.8976150037143968,-55.82301501034997,0.8677102143789859,normal
2.374434429643368,56.87561419257994,0.8677102143789859,normal
3.071834179371466,9.444659372561308,0.8677102143789859,normal
3.27119363370631,42.61475549486592,0.8677102143789859,normal
3.7236897111665686,11.939645688678995,0.8677102143789859,normal
3.7313086275324494,43.35071635865672,0.8677102143789859,normal
3.1047323626946928,72.12553835353125,0.8677102143789859,normal
3.057603315543112,40.130529844667706,0.8677102143789859,normal
2.4556487938290146,15.76597822440892,0.8677102143789859,normal
2.1189523816976803,26.955926028974368,0.8677102143789859,normal
0.9873837904560459,3.5629251710413814,1.1315685912416344,normal
0.2461410360292019,36.90988543000127,1.1315685912416344,normal
1.1735789181695764,18.478238411964615,1.1315685912416344,normal
2.065862569316802,84.04446403655677,1.1315685912416344,normal
2.8539253156003266,8.944059456966784,1.1315685912416344,normal
3.4019466746045857,62.92585584339214,1.1315685912416344,normal
4.1768429860705085,58.40534588068641,1.1315685912416344,normal
5.915053120858041,50.42699895240826,1.7382101347875327,normal
6.746098710016511,4.7775067179103266,1.7382101347875327,normal
7.783651758844132,-7.621985726072396,1.7382101347875327,normal
8.274578280839961,-25.943622106357772,1.7382101347875327,normal
8.602594194898929,-8.158988745522182,1.7382101347875327,normal
9.095874766753404,-7.1335201784296265,1.7382101347875327,normal
9.696873362549983,25.78598979815433,1.7382101347875327,normal
10.011519278423961,5.289439675271112,1.7382101347875327,normal
9.805589095080531,-7.9025643661643645,1.7382101347875327,normal
9.924059892197425,31.815396968143713,1.7382101347875327,normal
9.426227572262682,43.63037919739384,1.7382101347875327,normal
9.505761969982805,26.12231784572275,1.7382101347875327,normal
8.69820300597315,43.79533791643608,1.7382101347875327,normal
7.892135934753984,67.20012971681275,1.7382101347875327,normal
7.464281051688677,43.193770901469414,1.7382101347875327,normal
6.9394133836127105,65.0555518940943,1.7382101347875327,normal
6.006453526518617,49.98398004699989,1.7382101347875327,normal
5.2187607589632545,54.073834422587716,1.7382101347875327,normal
5.038005379695057,24.599340192608288,1.7382101347875327,normal
4.728042545514246,47.99291342638806,1.7382101347875327,normal
4.648423893026286,16.14775291421174,1.7382101347875327,normal
5.525746505014156,9.733136799338851,1.7382101347875327,normal
5.099713951201979,37.938902727343866,1.7382101347875327,normal
4.969179063498409,23.963316151665417,1.7382101347875327,normal
6.489437021834079,75.33095757067332,1.7382101347875327,normal
6.013810130482204,76.19249769524784,1.7382101347875327,normal
5.966588641240842,53.464483096104836,1.7382101347875327,normal
7.199607174042041,131.70230864223933,1.7382101347875327,normal
8.405687055256372,131.7919426998452,1.7382101347875327,normal
11.502610993611933,78.90899346406971,3.0969239383555607,normal
13.027584523872621,97.07059355759516,3.0969239383555607,normal
16.168398666649615,103.29380718930454,3.1408141427769944,normal
19.099117855719392,182.0579895641387,3.1408141427769944,normal
22.71159842769897,119.04787999610042,3.612480571979578,normal
25.419268853867298,181.132114394386,3.612480571979578,normal
27.836460339968568,253.83987345926272,3.612480571979578,normal
31.092757126118272,165.50316294769644,3.612480571979578,normal
35.284517820424114,291.8617706843898,4.191760694305842,normal
38.12919148915197,196.4322931546847,4.191760694305842,normal
45.07696149815381,168.35222096263274,6.947770009001836,normal
46.12991252523341,169.7971265502463,6.947770009001836,normal
53.77064165003168,111.41204277453593,7.64072912479827,normal
58.5228631173345,122.43874898759948,7.64072912479827,normal
62.232126925730014,236.36214802747102,7.64072912479827,normal
62.05133813804267,164.78174043041386,7.64072912479827,normal
67.63082548138338,175.23927610143855,7.64072912479827,normal
63.29493059861262,143.4399056570047,7.64072912479827,normal
66.18770890400087,20.13137433263704,7.64072912479827,normal
69.52929493501243,153.78823201646358,7.64072912479827,normal
68.06297181094178,142.57561812836562,7.64072912479827,normal
67.6697673753035,72.84375556607185,7.64072912479827,normal
65.93754898905613,176.0882239573839,7.64072912479827,normal
66.85877856207523,44.24533980717518,7.64072912479827,normal
68.0757931753284,57.165236371051044,7.64072912479827,normal
67.44284396134202,102.53083018554568,7.64072912479827,normal
67.71961314367381,72.64548457274697,7.64072912479827,normal
67.59361556933455,90.18765952488619,7.64072912479827,normal
69.2165066640058,5.9680484792144775,7.64072912479827,normal
61.49652699602213,271.90096435409345,7.719979667983672,normal
59.36024104550097,60.858434284819744,7.719979667983672,normal
58.62432233335995,27.258827327090792,7.719979667983672,normal
57.13767930663927,20.538448034867574,7.719979667983672,normal
59.01782001807658,-252.3371579111243,7.719979667983672,normal
55.12041951887561,-8.411635444291244,7.719979667983672,normal
55.25513302395556,-76.79864371698875,7.719979667983672,normal
51.8118635611259,-27.149618015525007,7.719979667983672,normal
49.83961775219939,-57.96862310959263,7.719979667983672,normal
48.773822715525235,72.56741250724606,7.719979667983672,normal
46.04281711748176,0.8681796843971802,7.719979667983672,normal
44.91959260098701,83.38943711750078,7.719979667983672,normal
41.92886587398318,141.71751225887178,7.719979667983672,normal
39.22118656035182,167.32789714723376,7.719979667983672,normal
35.64338231349863,58.12865939635255,7.719979667983672,normal
32.0618289761989,82.67877526613769,7.719979667983672,normal
29.318871450984126,111.27306991893754,7.719979667983672,normal
27.734040088193947,64.12166346248668,7.719979667983672,normal
26.13398566594695,101.06074006067377,7.719979667983672,normal
21.387296595376057,94.76002673931026,7.719979667983672,normal
17.750770633910978,149.5402874319949,7.719979667983672,normal
17.967382377374058,19.604559603259954,7.719979667983672,normal
15.909505221896866,110.94498408356276,7.719979667983672,normal
14.880862628293563,104.88901867428275,7.719979667983672,normal
17.280038967688213,208.092733905304,7.719979667983672,normal
16.5558761844106,-34.56325893336918,7.719979667983672,normal
16.868973366363285,-15.784752152183332,7.719979667983672,normal
15.188234684254526,17.182493970022147,7.719979667983672,normal
14.402881167948637,-10.824085163303135,7.719979667983672,normal
14.484830460098314,-20.73099526972465,7.719979667983672,normal
15.461489950751664,-74.42145235013857,4.746689070570891,normal
16.41201678270224,-26.7727657580045,4.746689070570891,normal
17.214496383471563,-5.841438941906555,4.746689070570891,normal
16.766452686678704,119.14987737199677,4.746689070570891,normal
16.20203401550258,15.814744646554647,4.746689070570891,normal
16.29702505626687,23.137263329591306,4.746689070570891,normal
16.127262165725547,66.24723840709201,4.746689070570891,normal
15.981308934074146,63.0085069156673,4.746689070570891,normal
16.29016969051125,68.14340511230758,4.746689070570891,normal
16.619055582742128,-31.590567735528197,4.746689070570891,normal
16.748961345691434,-44.73163032660018,4.746689070570891,normal
15.727298337705905,56.21371876336257,4.746689070570891,normal
15.337688238800036,13.763578562030824,4.746689070570891,normal
14.269696050658506,-27.401463388108578,4.746689070570891,normal
13.960713662234394,-28.059466661567832,4.746689070570891,normal
13.209583076673901,3.2382735907472884,4.746689070570891,normal
12.57415692795816,-8.097286629239207,4.746689070570891,normal
12.47440916578446,8.033180534399753,4.746689070570891,normal
14.097615103031027,17.68183465875375,4.746689070570891,normal
12.589862770404947,18.74965903850809,3.636525961465079,normal
9.870816432201481,153.73007863043065,2.7190463382034658,normal
9.065857061445264,46.38533862311939,2.7190463382034658,normal
8.295218479023937,43.37830487447156,2.7190463382034658,normal
8.283897010864173,30.148180601640476,2.7190463382034658,normal
10.110447570097593,29.89450362634721,2.7190463382034658,normal
10.706573324251659,-42.348486250943466,2.7190463382034658,normal
7.571362404872883,247.0328364638369,3.1352109193787756,normal
10.235913361684656,7.898557735236899,3.1352109193787756,normal
10.624006557043723,-66.65683056304837,3.1352109193787756,normal
11.392470762398359,57.253153301116576,3.1352109193787756,normal
10.938300527345524,32.17049894348655,3.1352109193787756,normal
13.512894846489806,25.115394256065894,3.1352109193787756,normal
14.32715287317086,46.887655666254254,3.1352109193787756,normal
15.106594822208034,32.237123492051836,3.1352109193787756,normal
18.459389414431723,0.8489478559453439,3.352794592223688,normal
18.768603684587482,118.38976224747181,3.352794592223688,normal
19.03788524985803,12.654772071646978,3.352794592223688,normal
18.88238275361576,-0.6284686797653638,3.352794592223688,normal
20.692511187249405,-61.28840302092151,3.352794592223688,normal
20.65557202547074,-29.80177873916871,3.352794592223688,normal
18.16614414401402,-43.02686610454812,3.352794592223688,normal
16.569391415959508,-3.691824211736427,3.352794592223688,normal
19.997830569755905,-25.56573957231306,3.428439153796397,normal
19.601798602024672,10.730215524431078,3.428439153796397,normal
20.616253074541543,-16.805412762162927,3.428439153796397,normal
16.58452438682594,174.15908840339372,4.031728687715603,normal
14.435517471982138,111.29642285348619,4.031728687715603,normal
15.18565223516721,68.31305731329341,4.031728687715603,normal
14.567675106581019,-5.863418174422939,4.031728687715603,normal
15.61624723314299,9.15572404510634,4.031728687715603,normal
20.05295999425316,-105.88449474700398,4.43671276111017,normal
23.98308056544951,-5.621188716065287,4.43671276111017,normal
27.38971232599082,-12.864261631568766,4.43671276111017,normal
28.650963785190918,-28.30444352399003,4.43671276111017,normal
33.10181655272478,-123.84313036526095,4.45085276753386,normal
31.647646507818017,47.52711396227781,4.45085276753386,normal
29.901049498621543,-2.542035610723073,4.45085276753386,normal
28.187500262000274,57.2554428045037,4.45085276753386,normal
28.404094363133886,-44.02417377997906,4.45085276753386,normal
21.180944658728794,136.70441564242645,7.223149704405092,normal
24.68909770395478,-86.20712893603351,7.223149704405092,normal
21.59095559605087,7.834451640397445,7.223149704405092,normal
24.37946362649207,-196.69695974623613,7.223149704405092,normal
31.76832555715995,-63.66628123878784,7.388861930667883,normal
33.312993579462955,2.978643906647499,7.388861930667883,normal
28.3660654624923,-27.98208144708306,7.388861930667883,normal
27.557593852152372,134.06301558470224,7.388861930667883,normal
16.07623344574631,-27.374676198479232,11.481360406406061,normal
12.333710837144585,-85.95047560633698,11.481360406406061,normal
1.0605288986587658,66.05331747020266,11.481360406406061,normal
3.1500918590150766,23.223348656947145,11.481360406406061,normal
5.457273387744702,-51.839851492602094,11.481360406406061,normal
0.7126713329730872,-24.106868014038053,11.481360406406061,normal
22.489070927292378,-8.659588661116706,21.77639959431929,normal
36.039999029531685,-41.08055927515455,21.77639959431929,normal
39.044174451350806,-79.39173525324468,21.77639959431929,normal
9.873798734179957,-22.570611241278275,29.17037571717085,normal
9.344483668843715,142.38307089350855,29.17037571717085,normal
15.886900030412226,109.55914768333699,29.17037571717085,normal
28.14921148140378,153.96360797591723,29.17037571717085,normal
32.761470011814986,41.64034285330621,29.17037571717085,normal
38.37531001469815,30.145204247237217,29.17037571717085,normal
42.42781422765893,-23.382698092690934,29.17037571717085,normal
41.6431556227296,-17.426326080750783,29.17037571717085,normal
41.352433998159434,-31.882021516709003,29.17037571717085,normal
40.29840238047419,-1.7425410279395934,29.17037571717085,normal
42.50142223841741,-97.5371943478909,29.17037571717085,normal
43.01001884636511,36.04021756840246,29.17037571717085,normal
44.9148250634599,-9.35765824385062,29.17037571717085,normal
45.134314276841,-13.627124160158273,29.17037571717085,normal
46.20253897427833,-0.8132316031062194,29.17037571717085,normal
47.1199608191382,-29.352578174615108,29.17037571717085,normal
48.36457520691956,19.981869761457887,29.17037571717085,normal
50.256958989540976,-18.145688044984947,29.17037571717085,normal
46.63855477962367,30.80595492476102,29.17037571717085,normal
44.76232177967969,-4.837033805975534,29.17037571717085,normal
42.05700501906667,12.621803222872401,29.17037571717085,normal
42.191070651748916,-5.723529517469702,29.17037571717085,normal
42.28853365232959,-1.8267947525857333,29.17037571717085,normal
40.7030850202814,18.115237649936205,29.17037571717085,normal
43.14975662641689,-7.491941933683789,29.17037571717085,normal
43.53263710287634,-0.05242962756512507,29.17037571717085,normal
43.01637661930883,-10.555526415993565,29.17037571717085,normal
42.26405064323377,-7.045717723533445,29.17037571717085,normal
42.464186373485646,-11.398063662454962,29.17037571717085,normal
43.34320021981173,11.464917161358965,29.17037571717085,normal
43.052139857653664,10.415637759040328,12.262311450991552,normal
42.20163590861423,-4.228254855339432,12.262311450991552,normal
41.46053099688429,2.6555949787243915,12.262311450991552,normal
41.48043765022679,7.581690466459025,5.613840002883165,normal
39.47064734603985,6.862786402902288,5.613840002883165,normal
38.744569448189125,-25.816669143541784,4.052504212960777,normal
40.24786093529839,-7.105473761937365,3.6184042099173084,normal
42.03482973324789,-2.7016139968055715,3.6184042099173084,normal
42.408289594884124,-4.2202415934844995,3.6184042099173084,normal
43.77220664021375,-4.403859765131793,3.6184042099173084,normal
43.055606232216604,5.161456435930916,3.6184042099173084,normal
42.23672891624414,-12.152226078173399,3.6184042099173084,normal
43.34184324950889,19.46467094630672,3.6184042099173084,normal
40.80364655955911,13.801584318257072,3.6184042099173084,normal
41.43362703401469,-16.645147525064292,3.6184042099173084,normal
40.519273331840985,5.728795375260085,3.6184042099173084,normal
39.35397579195311,6.674360274142035,3.6184042099173084,normal
41.99215428587322,-29.606942000924516,3.6184042099173084,normal
41.09811733565021,13.100080480442474,2.705316760613016,normal
42.72923160843108,-9.968726697873846,2.705316760613016,normal
41.744407264005964,10.80004537773834,2.6381784939201083,normal
42.97684826062429,4.472773817084207,2.6381784939201083,normal
41.34434785638124,-6.162427316781251,2.6381784939201083,normal
41.233116314049006,16.8234998389212,2.6381784939201083,normal
39.636142772723055,-1.4504003957426521,2.6381784939201083,normal
39.78543944817159,21.143792730422994,2.6381784939201083,normal
39.702015184699526,-3.885974098964488,2.6381784939201083,normal
40.48899691284831,4.429273252728863,2.6381784939201083,normal
39.63991767149521,4.096150509902413,2.6381784939201083,normal
39.07094573107327,-12.590894927146236,2.6381784939201083,normal
38.66209625887307,1.2805192444180984,2.6381784939201083,normal
38.981503258073616,-13.073522241151842,2.6381784939201083,normal
38.614103260837226,4.613807225731006,2.6381784939201083,normal
40.11516646710493,-7.996319529867066,2.6381784939201083,normal
40.67672900645005,24.58377156957585,2.6381784939201083,normal
40.23784415968989,-17.433194590912155,2.6381784939201083,normal
2.584519792457471,0.0,0.0,normal
2.612733313676782,26.31511179049197,0.028213521219310866,normal
2.794158838260378,7.979058038466514,0.18142552458359607,normal
3.375325779404799,-15.924612723461106,0.5811669411444211,normal
4.0498817097814515,-23.76336832264418,0.6745559303766524,normal
4.417010784239627,-18.648218103487388,0.6745559303766524,normal
4.664580086343656,-26.22111944730453,0.6745559303766524,normal
4.6790476937598084,-5.699457851380409,0.6745559303766524,normal
5.1002647400904495,2.4612958480652294,0.6745559303766524,normal
5.761219577496914,8.317636296590608,0.6745559303766524,normal
6.553079703494648,-7.830865730959311,0.7918601259977338,normal
6.696973967466394,17.388240451927306,0.7918601259977338,normal
6.847205717704923,13.243887062042234,0.7918601259977338,normal
7.029581552261218,16.239292685081338,0.7918601259977338,normal
6.905736041419236,16.278055950702434,0.7918601259977338,normal
7.382507738459088,40.76694911218396,0.7918601259977338,normal
7.8071841920368135,27.057788516772277,0.7918601259977338,normal
7.750473245020178,27.972098463398506,0.7918601259977338,normal
7.7033568600592845,0.7933319671951945,0.7918601259977338,normal
7.997614095084973,-3.2282139085982604,0.7918601259977338,normal
8.322326016852447,0.19084333428203798,0.7918601259977338,normal
8.090851626247467,33.96096582889985,0.7918601259977338,normal
7.550111762518041,8.727109022812286,0.7918601259977338,normal
7.453314556252963,0.34200863561268763,0.7918601259977338,normal
7.587735940157182,-4.13131795542842,0.7918601259977338,normal
7.835341877751262,23.07054641586475,0.7918601259977338,normal
7.255248532371799,-12.031820349406162,0.7918601259977338,normal
7.011851806171804,-13.984962945494532,0.7918601259977338,normal
6.1449009777670565,-19.06706719484455,0.8669508284047476,normal
5.409896229700856,13.96232245406982,0.8669508284047476,normal
4.675717931231899,-17.822526241983134,0.8669508284047476,normal
3.90042072450615,27.992337690581202,0.8669508284047476,normal
3.362819302488459,29.72959519672081,0.8669508284047476,normal
2.80362618016402,41.84991928533266,0.8669508284047476,normal
2.29823348971355,50.586976402861865,0.8669508284047476,normal
1.7071543125896902,22.387215220137094,0.8669508284047476,normal
0.803264252106187,2.6662037300504973,0.9038900604835032,normal
1.6323109022873252,27.74832350522598,0.9038900604835032,normal
1.2753643007238709,-38.51776493883004,0.9038900604835032,normal
0.2533948863215342,-70.95518577912961,1.0219694144023368,normal
0.5051781168895653,-55.44804999603023,1.0219694144023368,normal
0.6522709133750991,43.822843724938586,1.0219694144023368,normal
1.3102161812684177,61.36041994353595,1.0219694144023368,normal
1.6221978244788557,19.423826453658187,1.0219694144023368,normal
2.109564915794635,-8.66559091985019,1.0219694144023368,normal
3.251301871413418,-29.60107038681487,1.141736955618783,normal
3.052397467225513,-29.273354990737985,1.141736955618783,normal
3.3153544870809553,-7.509210668445606,1.141736955618783,normal
2.871528805311768,-4.960783232170123,1.141736955618783,normal
3.606588175724854,51.880914791559015,1.141736955618783,normal
3.576485049655875,35.13301147083567,1.141736955618783,normal
4.057246737604563,71.93352943887623,1.141736955618783,normal
3.9283809392960207,116.63123376932224,1.141736955618783,normal
3.253348957596298,1.3887311532985929,1.141736955618783,normal
4.138729167986024,79.22182379705647,1.141736955618783,normal
2.795288226766575,195.10717915444238,1.3434409412194488,normal
1.9422964486496435,45.76638126405889,1.3434409412194488,normal
0.30445498274267263,191.9186432787955,1.6378414659069709,normal
0.4728248376232242,54.55249277967497,1.6378414659069709,normal
0.1493356635112105,128.8306852320043,1.6378414659069709,normal
2.756600926688444,197.12618499831171,2.6072652631772333,normal
5.122108605157335,78.26817885522772,2.6072652631772333,normal
10.417364539901897,273.4493398175074,5.295255934744562,normal
15.973700936203711,141.2629449802455,5.556336396301814,normal
16.216983172101724,173.39963606071177,5.556336396301814,normal
18.11429312477059,-77.9255984900336,5.556336396301814,normal
25.286170196744852,180.3209943735289,7.1718770719742615,normal
30.532962949322613,114.12843035364503,7.1718770719742615,normal
34.45788801247576,320.9740182363026,7.1718770719742615,normal
44.29187803849594,79.12691668653875,9.833990026020174,normal
49.90654628465861,206.50918219694293,9.833990026020174,normal
54.64896642036946,246.34661335563456,9.833990026020174,normal
65.4842015260382,220.06351842170278,10.835235105668744,normal
65.59885557336904,130.16841810663914,10.835235105668744,normal
67.73636330810518,95.55842485689756,10.835235105668744,normal
72.21330890791346,30.075720285319807,10.835235105668744,normal
79.7084793327443,349.6780449098505,10.835235105668744,normal
71.66265575768898,332.56206208460117,10.835235105668744,normal
63.89163219780732,259.94714533057413,10.835235105668744,normal
61.84376746881726,216.12521637296587,10.835235105668744,normal
63.684783777476135,123.2548353161295,10.835235105668744,normal
58.697923480635176,298.8613475611692,10.835235105668744,normal
54.36876513009529,239.20273788972406,10.835235105668744,normal
52.90771239817654,52.95610944240024,10.835235105668744,normal
53.29381262845653,106.37623461309077,10.835235105668744,normal
52.264360840043395,30.020605553669753,10.835235105668744,normal
50.050204456915935,52.34687440042618,10.835235105668744,normal
39.001059438544566,127.40330515900088,11.04914501837137,normal
38.74646481535824,16.30092513395972,11.04914501837137,normal
38.57898806381713,83.6730816262543,11.04914501837137,normal
36.05624373881001,115.0710980875103,11.04914501837137,normal
35.18274766515992,52.60552486306607,11.04914501837137,normal
34.57138460320616,70.26144910501989,11.04914501837137,normal
34.56462564226098,123.10984469427832,11.04914501837137,normal
34.66902277910758,105.50491873098824,11.04914501837137,normal
36.21292422949577,155.93649903361685,11.04914501837137,normal
36.57120145533504,89.19484592372561,11.04914501837137,normal
38.93514129872728,-39.871048858079845,11.04914501837137,normal
42.207036582294656,29.987902621611838,11.04914501837137,normal
45.571716048128295,-17.352221488297083,11.04914501837137,normal
47.25615253001561,111.15452176286777,11.04914501837137,normal
49.75942693035573,43.63806072421973,11.04914501837137,normal
49.49273350656359,9.704766607061192,11.04914501837137,normal
49.30062213412383,102.61699826925837,11.04914501837137,normal
53.5388602207689,36.15297704411056,11.04914501837137,normal
55.44504241990804,131.0715221534693,11.04914501837137,normal
61.00600409477446,3.4708559429580474,11.04914501837137,normal
64.96583305425621,70.20198922855094,11.04914501837137,normal
65.88714748523623,111.09643403739427,11.04914501837137,normal
66.99152883869095,107.68846834839376,11.04914501837137,normal
69.18009409505198,119.78397937317145,11.04914501837137,normal
74.3858282792578,-40.77689720690088,11.04914501837137,normal
76.34602486702804,77.26467909389808,11.04914501837137,normal
80.01968748975388,41.86386948711961,11.04914501837137,normal
79.99010941260505,107.03555316639829,11.04914501837137,normal
80.57159136341566,48.76716114516346,11.04914501837137,normal
81.8006250788955,-13.097638635111899,11.04914501837137,normal
83.34847637250431,22.36743337661954,5.5609616748664195,normal
84.84508576775832,-28.696251151240418,5.5609616748664195,normal
85.6547077248481,57.53291908768056,5.5609616748664195,normal
87.66182088009494,-19.782300901216118,5.5609616748664195,normal
88.20761286713736,29.769273229672198,5.5609616748664195,normal
89.39248132318883,-29.00933027003264,5.5609616748664195,normal
88.70622188495155,-16.61377556091937,5.5609616748664195,normal
88.13785450982124,-30.840237081610827,5.5609616748664195,normal
85.84861125687952,75.4218803070261,5.5609616748664195,normal
85.56797638645256,-0.16763111327589436,5.5609616748664195,normal
86.9755065119497,-19.45458550513923,5.5609616748664195,normal
87.25347016802148,48.85772311086231,5.5609616748664195,normal
88.34803991148173,11.526983129001609,5.5609616748664195,normal
88.76953892915479,5.414279136162072,5.5609616748664195,normal
88.88754218681579,-28.00171405571669,5.5609616748664195,normal
88.65081231609626,18.570005496747473,5.5609616748664195,normal
89.92048913734499,-28.403296913714602,5.5609616748664195,normal
89.50893091452059,1.6367474457238418,5.5609616748664195,normal
89.57539186619027,24.01104157732057,5.5609616748664195,normal
89.94163894094918,10.989786014287999,5.205734184205809,normal
88.43079148971455,47.71769432548668,5.205734184205809,normal
87.99606641517045,71.68642791378127,5.205734184205809,normal
87.02965677904166,49.50057585222457,5.205734184205809,normal
86.53389718555393,-22.22724528325239,5.205734184205809,normal
86.6432314291957,21.285949700382563,3.6736626227258427,normal
87.59208999897814,32.190204969288324,3.6736626227258427,normal
87.22897709254396,57.539093767160026,2.2892432529417164,normal
88.4067425932741,-9.643019812266523,2.2892432529417164,normal
88.43108037136129,37.06179838675504,2.2892432529417164,normal
88.53121357653849,24.51393491714825,2.2892432529417164,normal
88.66324265391243,-13.080944131334082,2.2892432529417164,normal
89.88401693240874,-32.44999889109107,2.2892432529417164,normal
89.66114696765105,25.35346263452316,2.2892432529417164,normal
89.47909282226271,-12.573705646687515,2.2892432529417164,normal
89.91707637064734,30.25044084540546,2.2892432529417164,normal
89.42632383008095,6.608736577690035,2.2892432529417164,normal
88.46772858499354,52.80677367573017,2.2892432529417164,normal
88.60398053321616,-14.325485084195497,2.2892432529417164,normal
88.76658024982294,-18.04835942664882,1.5108474512346248,normal
89.21677798086296,-13.638266127314102,1.5108474512346248,normal
88.56375545072014,29.865552491185365,1.5108474512346248,normal
88.27364813215932,-2.6852994980703295,1.5108474512346248,normal
87.37832931027587,37.01560263657532,1.5108474512346248,normal
86.94166366580468,13.537184337316905,1.5108474512346248,normal
88.02640553779524,-63.50566367898551,1.5108474512346248,normal
88.31431555392767,-35.309790257414484,1.5108474512346248,normal
89.60010530004784,-60.45239902230548,1.5108474512346248,normal
89.89961905925523,-5.458645351681204,1.5108474512346248,normal
89.31150535513363,-20.550019383163153,1.5108474512346248,normal
89.99758620079334,-9.210334865038703,1.5108474512346248,normal
89.80071135533791,22.838081168054455,1.285789746120173,normal
89.8856837320266,-19.18815952019187,1.285789746120173,normal
89.52187016914331,-9.636616440954484,1.285789746120173,normal
89.99007851448965,8.882848160794392,1.285789746120173,normal
89.97074105359997,-14.561723747243244,1.285789746120173,normal
89.97762473312093,-32.118853117525596,1.285789746120173,normal
89.37701307867718,33.40776028590614,1.285789746120173,normal
89.43270391577776,14.247272477455583,1.285789746120173,normal
89.32964909377347,9.926368992824276,1.285789746120173,normal
89.76601260159775,8.249143092735041,1.285789746120173,normal
89.84350440003496,10.8095768502206,1.285789746120173,normal
89.89337441394545,-1.1768481704198532,1.285789746120173,normal
89.62348797401232,23.780748901919715,1.285789746120173,normal
89.50376286340945,-14.98937747415446,1.285789746120173,normal
89.47064875168918,-4.462006345328752,1.285789746120173,normal
89.6239444058689,-19.044998433001272,1.285789746120173,normal
89.59522263114447,0.6634350062938194,1.285789746120173,normal
89.99133036303964,-20.813243682454498,1.285789746120173,normal
89.95450763512288,17.605154655122647,1.285789746120173,normal
89.54152385967542,29.041118434760264,1.285789746120173,normal
89.93355594513082,-30.765454852359504,1.285789746120173,normal
89.42332500193758,23.300496053516746,1.285789746120173,normal
89.60251342411766,-3.903312198353295,1.285789746120173,normal
89.62723205550193,-16.509034701601006,1.285789746120173,normal
89.51041112444412,25.213960616653726,1.285789746120173,normal
88.85173434630771,5.636796289255449,1.285789746120173,normal
88.82815109366453,-7.369822996492458,0.6860808456597027,normal
89.15074277311517,16.4543773536161,0.6860808456597027,normal
88.76194888247973,18.93888542268747,0.6860808456597027,normal
88.81198746959929,9.50031610874107,0.6586767781364102,normal
89.74157208050853,-10.119156207683185,0.9295846109092452,normal
89.8971114901044,1.0711925437711995,0.9295846109092452,normal
89.5685749327189,-9.533476424464132,0.9295846109092452,normal
89.96248907361081,11.756818420737318,0.9295846109092452,normal
89.75430837851091,-14.876403708863476,0.9295846109092452,normal
89.58374545227078,-36.23965124865566,0.9295846109092452,normal
89.95796231507141,-9.647364957085408,0.9295846109092452,normal
89.13858644199281,-29.705468208384374,0.9295846109092452,normal
89.72584519980582,20.594385598682287,0.9295846109092452,normal
89.22302346967842,20.332304758553807,0.9295846109092452,normal
89.28886517716278,-18.046758583820807,0.9295846109092452,normal
89.30067128621992,-9.166883416849863,0.9295846109092452,normal
89.97934842186245,10.83450425997104,0.9295846109092452,normal
89.71246934668173,58.202300081621274,0.9295846109092452,normal
89.42533069035814,11.296919145433328,0.9295846109092452,normal
89.54981722184537,-2.834406572907824,0.9295846109092452,normal
89.95239815010723,-15.287362931996876,0.9295846109092452,normal
89.22484383893648,-3.6743916739478784,0.9295846109092452,normal
89.16044402953555,20.439789919863042,0.9295846109092452,normal
88.67728256148949,-1.994421471867769,0.9295846109092452,normal
89.68751527948515,-1.1297376529098475,1.0102327179956632,normal
89.85051738709602,5.280265722274386,1.0102327179956632,normal
89.82395965021446,0.1902716047006059,1.0102327179956632,normal
89.1668254468822,-7.344666894909445,1.0102327179956632,normal
89.43858538520696,-9.533933808129277,1.0102327179956632,normal
89.9595183064689,15.852689142116946,1.0102327179956632,normal
89.64867710215758,-3.156862056835533,1.0102327179956632,normal
89.70725120761027,32.27116187801911,1.0102327179956632,normal
89.87739682877596,-24.50890369683165,1.0102327179956632,normal
89.58485380073532,5.867546348321448,1.0102327179956632,normal
89.33824120362205,-19.725127943072906,1.0102327179956632,normal
88.94184310793817,12.695369701616267,1.0102327179956632,normal
89.4868685286226,-19.4077036794618,1.0102327179956632,normal
89.70077931718349,-11.102073704081265,1.0102327179956632,normal
89.88819253978029,22.05275341499931,1.0102327179956632,normal
89.71331181222862,20.556422754475193,1.0102327179956632,normal
89.35764331411163,-14.440288384147063,1.0102327179956632,normal
89.86015235813241,-6.428756105455207,1.0102327179956632,normal
89.58600214382882,-14.441431843309928,1.0102327179956632,normal
89.99180367474197,-19.353275023309465,1.0102327179956632,normal
89.74198237830407,3.0711026196207167,1.0102327179956632,normal
89.60352284387487,-3.136279791903977,1.0102327179956632,normal
89.94017691083582,-3.5394634927299005,1.0102327179956632,normal
89.64223747593532,11.788149201799797,1.0102327179956632,normal
89.86869088540656,21.820859896770447,1.0102327179956632,normal
89.68115450673044,6.536927342262162,1.0102327179956632,normal
88.91019891110247,-2.0657733236304963,1.0102327179956632,normal
89.1388532273856,-28.467788010500147,1.0102327179956632,normal
89.40172511864098,-27.750153039886563,1.0102327179956632,normal
89.50011337338991,-12.868718110706483,1.0102327179956632,normal
89.59790582317405,3.7628954131535686,0.7709555956279672,normal
89.88434831405634,-11.375360444005814,0.7709555956279672,normal
89.66992431953439,15.75320819494776,0.7709555956279672,normal
89.56138039482973,18.793894800836288,0.7709555956279672,normal
89.70442928929774,-12.674558744852138,0.7709555956279672,normal
89.78149336951864,11.172510788513701,0.7709555956279672,normal
89.97031115442743,-1.389074191047452,0.7709555956279672,normal
89.73751510542476,-3.076591223602465,0.7709555956279672,normal
89.66154975730201,34.08171511649831,0.7709555956279672,normal
89.72508342994583,-13.739347917311298,0.7709555956279672,normal
89.86927088742027,2.631785609248284,0.7709555956279672,normal
89.65075538945425,-21.653457475327123,0.7709555956279672,normal
89.78036288947524,1.6982655486859366,0.7709555956279672,normal
89.05696887804193,26.453241657365965,0.7709555956279672,normal
89.48462661622304,-2.7513914376838815,0.7709555956279672,normal
89.82963564462447,-0.4068427701470888,0.7709555956279672,normal
88.43731263781852,14.198103733452422,1.3923230068059524,normal
88.83955730616279,6.419837123984866,1.3923230068059524,normal
89.70811389297694,10.703692531739373,1.3923230068059524,normal
2.4987632194723575,0.0,0.0,normal
1.8903319752940875,-53.4347185476693,0.60843124417827,normal
1.2069028121978245,-31.35008989164011,0.683429163096263,normal
1.1187329847727492,-13.944324555145462,0.683429163096263,normal
0.7512907009288173,27.443577288150383,0.683429163096263,normal
0.8566902468590981,-6.489486007496706,0.683429163096263,normal
0.6224605459969103,1.172663514919673,0.683429163096263,normal
0.03315248569773842,53.62153881869125,0.683429163096263,normal
0.7594001226025958,-41.91012860579717,0.7262476369048574,normal
0.4934730156167649,190.00434322690325,0.7262476369048574,normal
1.2557605920652495,-52.11255302664995,0.7622875764484847,normal
1.2767635115249714,2.2168880935117516,0.7622875764484847,normal
1.7138303694542294,-3.1533933859324708,0.7622875764484847,normal
2.317764453334032,-37.35077531257815,0.7622875764484847,normal
3.132385746594352,13.951994259899427,0.8146212932603198,normal
3.5981146471849317,25.35295314006585,0.8146212932603198,normal
3.7552180546115324,-1.1082151003453098,0.8146212932603198,normal
2.1573549813531656,49.15868643752585,1.5978630732583667,normal
2.704632512080518,25.48585653139948,1.5978630732583667,normal
2.246017488097427,-31.379166085782007,1.5978630732583667,normal
4.845118555725289,-87.11021713142951,2.599101067627862,normal
2.539581965106927,-66.67766577404545,2.599101067627862,normal
1.8413756315411731,-33.272667374369114,2.599101067627862,normal
2.9639014546392612,-31.309566376969908,2.599101067627862,normal
3.0703965617997784,32.50924556833638,2.599101067627862,normal
4.14905048247372,-84.89848033215549,2.599101067627862,normal
4.082090174611501,-9.231233747231292,2.599101067627862,normal
3.8886034870794637,-14.686797764611393,2.599101067627862,normal
3.637162106448198,64.9844925947037,2.599101067627862,normal
4.456585756626251,38.77276146860433,2.599101067627862,normal
5.025478494731522,-17.198797781342876,2.599101067627862,normal
4.466913050281112,6.775325601088508,2.599101067627862,normal
4.569550904208909,29.719533555588196,2.599101067627862,normal
4.5394494456661265,77.09198009787717,2.599101067627862,normal
3.6734842115725717,-5.295644949599667,2.599101067627862,normal
3.8306882470282653,42.34295179497242,2.599101067627862,normal
3.852564094843666,39.60108958203256,2.599101067627862,normal
3.8861826233117656,28.702553599853484,2.599101067627862,normal
4.682821290125805,-97.50461311754196,2.599101067627862,normal
4.083338781974563,-52.41659385988176,2.599101067627862,normal
2.147486892267519,-18.20696330027079,2.599101067627862,normal
2.775506515335678,62.40541127967634,2.599101067627862,normal
1.7054310463202718,51.609901182252024,2.599101067627862,normal
0.34043077093253127,37.16132215783468,2.599101067627862,normal
1.4409995498953552,-30.30838372356426,2.599101067627862,normal
4.419601942006118,-22.76288239733132,2.9786023921107625,normal
8.899194340801493,48.681676591111334,4.479592398795376,normal
12.272296550804604,106.21247537021911,4.479592398795376,normal
16.130823318011693,119.30889689383294,4.479592398795376,normal
21.05769204468204,53.839724747960766,4.926868726670346,normal
32.05550810542969,-69.95457574847833,10.997816060747649,normal
36.45011622117624,231.39075691853043,10.997816060747649,normal
41.00704731694104,230.56185643907577,10.997816060747649,normal
46.90306917786604,114.22250896349071,10.997816060747649,normal
52.70029122660511,165.6150255289102,10.997816060747649,normal
56.02295824039191,315.9357439927718,10.997816060747649,normal
60.66123285952024,175.90067197000377,10.997816060747649,normal
65.07102906374728,206.51744650860059,10.997816060747649,normal
69.10283425283741,180.17899354425288,10.997816060747649,normal
72.32548661568727,187.2596191838313,10.997816060747649,normal
73.81625434551509,260.15249316551524,10.997816060747649,normal
77.62222339778145,217.52358730374573,10.997816060747649,normal
79.14714316709234,293.6553661557086,10.997816060747649,normal
80.99349367575618,268.267727634442,10.997816060747649,normal
83.42405688000122,211.79260075445458,10.997816060747649,normal
87.40601133533481,203.15285005892088,10.997816060747649,normal
87.95735016399317,130.91155756170812,10.997816060747649,normal
89.74707720933232,329.9941983335845,10.997816060747649,normal
89.46971678633284,229.1318571586798,10.997816060747649,normal
88.1077271304633,210.66641336087983,10.997816060747649,normal
89.95380506763539,183.48085867743748,10.997816060747649,normal
84.28779212692285,73.59322105160571,10.997816060747649,normal
80.11629949171716,138.26371364421797,10.997816060747649,normal
83.19279320228232,307.40039286045624,10.997816060747649,normal
82.21703314619398,305.5598926659152,10.997816060747649,normal
75.29285577483846,133.91327395064053,10.997816060747649,normal
73.63348236411791,253.9578901348277,10.997816060747649,normal
75.54792033107445,236.47302381348246,10.997816060747649,normal
69.73486709002691,-122.16465994602946,10.997816060747649,normal
69.74908121190056,-26.192385154406534,10.997816060747649,normal
82.7315662106901,236.04672559700833,12.982484998789545,normal
88.53385628431076,91.03687701904904,12.982484998789545,normal
88.40428971438915,-15.198378519021391,12.982484998789545,normal
80.64108915762901,177.733159040175,12.982484998789545,normal
83.81590740065907,-19.506921019465228,12.982484998789545,normal
74.59042393172656,115.01466354404948,12.982484998789545,normal
75.36049079407302,6.246802812296617,12.982484998789545,normal
77.57936988561804,39.12213369112823,12.982484998789545,normal
77.168243954336,58.92347979458149,12.982484998789545,normal
72.17566091353228,224.46913456109016,12.982484998789545,normal
53.9996109366943,62.38492057593067,18.17604997683798,normal
47.1996192962449,39.89665939807342,18.17604997683798,normal
30.670905341892254,-105.39319064000824,18.17604997683798,normal
31.51658894528389,-93.31855694675102,18.17604997683798,normal
26.674099304704583,8.437819961414398,18.17604997683798,normal
25.77375027329513,-27.816759937373163,18.17604997683798,normal
11.365860781489088,100.21808597557164,18.17604997683798,normal
16.910663449575598,-5.499750674619364,18.17604997683798,normal
14.216573402809761,5.779523188331164,18.17604997683798,normal
16.097157184040658,-143.12333015489446,18.17604997683798,normal
13.007000639504318,-43.20951395896519,18.17604997683798,normal
10.607902156896007,-32.885175574485956,18.17604997683798,normal
6.546685555343176,12.326932637701098,18.17604997683798,normal
2.7032103543579327,93.30207280519025,18.17604997683798,normal
6.035455077011066,-108.90477068527142,18.17604997683798,normal
7.780627555975173,-16.34654476801049,18.17604997683798,normal
8.033740724177955,-25.757844867152034,18.17604997683798,normal
7.353876520696313,18.739492651247588,18.17604997683798,normal
9.346146369358806,18.589761698737345,18.17604997683798,normal
10.567855956978963,-5.552866241870704,18.17604997683798,normal
11.384918963512852,73.99685357343378,18.17604997683798,normal
14.232482928932056,73.36038255205996,18.17604997683798,normal
18.228990513845915,39.11457845957955,18.17604997683798,normal
21.211324860771317,12.904564431559423,18.17604997683798,normal
24.38108961577682,-20.96943069016161,18.17604997683798,normal
25.65114206573052,29.86216716937089,18.17604997683798,normal
29.188342073351116,10.441101053867959,18.17604997683798,normal
32.49923338025374,67.75073760036885,18.17604997683798,normal
35.52275777366641,-25.69740301476258,18.17604997683798,normal
37.208233018550246,44.11843120891269,18.17604997683798,normal
35.0346259095735,103.29169153742181,16.528713954352643,normal
35.570833322861006,13.541264399343806,16.528713954352643,normal
34.20255490935387,-35.09908736466035,14.40788949180604,normal
37.56411450755747,73.86131729837864,14.40788949180604,normal
38.960024424779604,42.59822704275365,14.40788949180604,normal
40.41836088317283,178.0507077116302,14.40788949180604,normal
38.9615331318589,-8.9270784407942,5.5448026680865095,normal
44.891450769343486,21.814471891561162,5.929917637484586,normal
46.478443481262524,140.26035529076512,5.929917637484586,normal
49.45294553515776,0.849849076021442,5.929917637484586,normal
50.012099866841766,84.19183723594315,5.929917637484586,normal
53.32099403679828,-25.302470456536017,5.929917637484586,normal
58.08699983487201,87.29612161680919,5.929917637484586,normal
60.64192096563851,-19.44533443502294,5.929917637484586,normal
62.717028888305954,62.275484191680064,5.929917637484586,normal
62.20274476850774,67.80339527479906,5.929917637484586,normal
65.48007132463734,82.24785326382622,5.929917637484586,normal
66.8222966496895,-25.939628317141533,5.929917637484586,normal
70.61273650518466,78.16413613855832,5.929917637484586,normal
72.9173591934685,-6.709045615229616,5.929917637484586,normal
73.1594807049515,76.32294910478556,5.929917637484586,normal
71.77754094743007,50.9552289212382,5.929917637484586,normal
73.83975432506415,114.82761432661697,5.929917637484586,normal
75.29430134489346,52.12537402564165,5.929917637484586,normal
75.14941502054079,86.21137352354691,5.929917637484586,normal
78.53937884019915,-100.25929632947354,5.929917637484586,normal
79.58895607753772,38.311892344134726,5.929917637484586,normal
81.14305727012194,-42.9682044422285,5.929917637484586,normal
81.20848087401602,48.6048650703664,5.929917637484586,normal
82.26978729964404,-113.20804741827223,5.929917637484586,normal
82.00290411141418,54.699876412457684,5.929917637484586,normal
80.17730871749644,42.26991789000183,5.929917637484586,normal
80.32296130193444,-7.8363777408571975,5.929917637484586,normal
82.43412384540765,-76.9154624153307,5.929917637484586,normal
79.57048225057146,134.1845754471614,5.929917637484586,normal
79.0542348116384,28.833510946697306,5.929917637484586,normal
78.79514954688487,-20.863886394890628,5.929917637484586,normal
78.30095451093254,6.533672664735968,4.766005798073728,normal
78.67228752693424,39.34627222707246,4.766005798073728,normal
78.1308686176155,42.97049390633416,4.766005798073728,normal
79.21189035945028,28.50565968676662,4.766005798073728,normal
81.60264927142444,-54.77268137101771,4.766005798073728,normal
87.32761113971641,-109.10029091989487,5.72496186829197,normal
86.92427431825787,81.65144786430147,5.72496186829197,normal
85.16846684235941,31.21089047401591,5.72496186829197,normal
85.55498758849627,17.931540768359746,5.72496186829197,normal
81.4856522536214,53.072525326153695,5.72496186829197,normal
83.07619502353765,-45.752192794712535,5.72496186829197,normal
83.4229592211379,-6.9338709904055476,5.72496186829197,normal
78.9880550907285,74.13101617002552,5.72496186829197,normal
81.63400154764877,-96.3575916006057,5.72496186829197,normal
80.28472291498854,32.308459566269896,5.72496186829197,normal
81.7793797345465,-64.74970805066813,5.72496186829197,normal
81.56343259698912,118.92850243267733,5.72496186829197,normal
82.03438497926984,120.05125563009359,5.72496186829197,normal
82.12540753868407,6.693935152132252,5.72496186829197,normal
82.76128115827184,-0.8997593935248565,5.72496186829197,normal
84.72574311276654,48.873190263549894,5.72496186829197,normal
82.30966572579726,40.70392444172956,5.72496186829197,normal
82.16931194274744,53.48050782978252,5.72496186829197,normal
82.81594185894787,151.8798435198169,5.72496186829197,normal
82.36246149027237,-20.250310014573422,5.72496186829197,normal
84.35318052136395,21.88727685012119,5.72496186829197,normal
85.61787632677785,21.496236380874254,5.72496186829197,normal
87.2042662494377,90.93385113429429,5.72496186829197,normal
88.59249298790255,77.85505848429405,5.72496186829197,normal
88.99385188256029,75.30551125622972,5.72496186829197,normal
89.77640184463444,-53.336271591125865,5.72496186829197,normal
89.47468969525991,-16.09447476997719,5.72496186829197,normal
88.96200734894593,10.107068240851987,5.72496186829197,normal
88.13097883868657,-20.982480635563878,5.72496186829197,normal
87.95585725976828,-17.359632634765575,5.72496186829197,normal
88.65312003880794,34.260456662756646,4.434904130409407,normal
88.2260525327923,-5.828975613013446,4.434904130409407,normal
87.1946086031937,-1.0169799557347106,4.434904130409407,normal
88.70917727924761,45.19585301703686,4.434904130409407,normal
87.44595010351199,-4.976379180065211,4.434904130409407,normal
86.53897161307104,68.43803472488835,4.434904130409407,normal
86.34445142833944,35.49081467313898,4.434904130409407,normal
87.30237277860365,54.95995953486079,2.645946456920271,normal
88.07787356298194,-20.880370536451387,2.4160773869692775,normal
89.76447837482596,-25.915817890442657,2.4160773869692775,normal
89.91952041415607,23.094740219446912,2.4160773869692775,normal
89.04509541889493,-22.792530957499633,2.4160773869692775,normal
87.55856628446114,9.021404361947441,2.4160773869692775,normal
86.93133096029841,22.262291070628496,2.4160773869692775,normal
87.3801346967359,-13.218907853266707,2.4160773869692775,normal
88.28601431686005,12.16804382876821,2.4160773869692775,normal
89.58674927542866,-14.223066810009716,1.9907190310915865,normal
89.75480934609244,14.571523246891351,1.9907190310915865,normal
89.36411417124117,20.756739474745682,1.9907190310915865,normal
89.32393782447521,1.3306365382102965,1.9907190310915865,normal
88.8711432027862,-12.19460161239388,1.6866048118440204,normal
88.66040176043158,0.45972439241677143,1.6866048118440204,normal
88.99574473369817,0.3319722953208758,1.6866048118440204,normal
89.52234384793351,16.830766426357837,1.6866048118440204,normal
89.54720799772628,-10.81405475668017,1.6866048118440204,normal
89.23067287296413,-11.182658477691625,1.6866048118440204,normal
89.26562053344314,4.0747882152558255,1.6866048118440204,normal
89.215432430777,33.39183398106878,1.6866048118440204,normal
89.53681462141878,-1.0476587747505708,1.6866048118440204,normal
88.99273537398012,-0.030678819015860243,1.6866048118440204,normal
89.12422380438659,-17.680157609558144,1.6866048118440204,normal
89.66961715682173,5.02720528321089,1.6866048118440204,normal
89.56126179666516,-0.834738612924078,1.6866048118440204,normal
88.96188143514367,-19.176093456197183,1.6866048118440204,normal
89.58492933644033,1.8045556080821674,1.6866048118440204,normal
89.8119877434369,-1.873697424073136,1.6866048118440204,normal
89.50761842863332,-8.336396701533605,1.6866048118440204,normal
89.10365408923822,14.59395999512683,1.6866048118440204,normal
88.85063118540462,7.550652620470678,1.6866048118440204,normal
88.86418948844178,-2.642499470754171,1.4865291344337948,normal
89.10448965958872,-16.56656226856453,1.4865291344337948,normal
88.85441466085314,6.4375151722981965,1.4865291344337948,normal
88.31072444114868,-1.590261767792278,1.3007349585686114,normal
88.08133292197233,7.581331439486538,1.3007349585686114,normal
88.04244026160104,1.0151483844501814,1.3007349585686114,normal
88.3924619353633,-0.8603806109074835,1.3007349585686114,normal
88.69427686387009,16.622883085563796,0.6230479012966583,normal
88.39469475871675,-16.9296712757224,0.6230479012966583,normal
89.74194389205573,-1.2038002267566654,1.347249133338977,normal
89.6830110312568,9.592854602720479,1.347249133338977,normal
89.63379055745621,-4.1883456348966215,1.347249133338977,normal
89.82215785458665,15.670008124787602,1.347249133338977,normal
89.8226695048754,2.7903988519798855,1.347249133338977,normal
89.94672902714268,-31.0048387045064,1.347249133338977,normal
89.81377541146965,-1.7083981156443966,1.347249133338977,normal
89.94732087454841,27.328417243635627,1.347249133338977,normal
89.92357045567132,-10.30762529650791,1.347249133338977,normal
89.83862302034706,-8.254891779372066,1.347249133338977,normal
89.74594342267274,-5.339946080044212,1.347249133338977,normal
89.94898116521777,19.007588898020515,1.347249133338977,normal
89.61382015656775,-7.832256705467007,1.347249133338977,normal
89.5402098256152,0.29305140552463516,1.347249133338977,normal
89.25541126797107,-5.112373347941487,1.347249133338977,normal
89.72217480826252,-6.879381744690811,1.347249133338977,normal
89.78917377267658,5.748844369315304,1.347249133338977,normal
89.18737003406329,33.932605402825956,1.347249133338977,normal
88.81263467194525,-8.783757987779806,1.347249133338977,normal
89.31680852201673,-35.59796159328393,1.347249133338977,normal
4.051149249201943,0.0,0.0,normal
3.1170615806090596,-38.85586676658145,0.9340876685928836,normal
3.504110649053804,23.234485900856857,0.9340876685928836,normal
3.5012886662612606,-13.362313519951408,0.9340876685928836,normal
2.6631548552253945,-18.341328171672245,0.9340876685928836,normal
4.345780611329448,-154.74554080597977,1.6826257561040534,normal
4.048849938502938,80.33414737510941,1.6826257561040534,normal
5.9096799213906985,-45.97031479562331,1.8608299828877604,normal
6.178467554000511,26.95815786920135,1.8608299828877604,normal
4.87431666639345,-47.687453246347836,1.8608299828877604,normal
5.314927529253794,45.278193524084614,1.8608299828877604,normal
5.431455079178879,30.867967645604384,1.8608299828877604,normal
6.176791563182812,-48.053318212248875,1.8608299828877604,normal
7.680220153460978,-3.0681829837545846,1.8608299828877604,normal
7.534329230683789,-50.76044421776445,1.8608299828877604,normal
6.150125362038942,24.05573598389004,1.8608299828877604,normal
5.231026165775053,27.958219302903316,1.8608299828877604,normal
6.258744548548045,-36.23001864773351,1.8608299828877604,normal
6.213754481035097,-79.28074017353826,1.8608299828877604,normal
6.57302229875059,74.83770167023691,1.8608299828877604,normal
6.584259136038414,-19.354668809393146,1.8608299828877604,normal
6.064853664504823,42.55023290536691,1.8608299828877604,normal
5.718023655643354,22.512142992585407,1.8608299828877604,normal
3.896222111551634,40.34634294181034,1.8608299828877604,normal
3.1544477918697704,32.20161184233377,1.8608299828877604,normal
2.9024549174512533,31.465302874663088,1.8608299828877604,normal
1.14426182587568,58.810160322967604,1.8608299828877604,normal
2.259836667906971,12.627836166628171,1.8608299828877604,normal
0.17707326979492086,-0.08814644047052571,2.0827633981120504,normal
0.10632044917718382,39.66795877787744,2.0827633981120504,normal
0.29452786661060937,56.04419370654054,2.0827633981120504,normal
0.2911405867400108,-46.9216094973247,2.0827633981120504,normal
3.4839508394573384,-89.31501042419211,3.1928102527173277,normal
3.634876925687033,-62.048683441034065,3.1928102527173277,normal
3.1826629365202814,30.0467175625712,3.1928102527173277,normal
3.4757927057011773,113.50559901441238,3.1928102527173277,normal
2.2393813797479933,5.748979533025715,3.1928102527173277,normal
1.2662777236904599,25.451426116638938,3.1928102527173277,normal
1.1440367365838253,95.63018774237005,3.1928102527173277,normal
1.553829607701857,92.674649040983,3.1928102527173277,normal
3.483218586886781,-46.06761930783104,3.1928102527173277,normal
7.387785334755188,70.28980324554465,3.904566747868407,normal
8.653266782921067,162.3721539969244,3.904566747868407,normal
13.158412082457444,20.604974553314033,4.505145299536377,normal
18.486864423615515,123.4876682561642,5.328452341158071,normal
24.073503891684553,110.22952780222342,5.586639468069038,normal
29.729185293897384,128.72219310935284,5.655681402212831,normal
29.870698704000656,293.4898697209347,5.655681402212831,normal
36.400142515279775,263.250145796502,6.529443811279119,normal
43.76580554398671,236.7462282854657,7.365663028706933,normal
46.939880054411624,432.564576073809,7.365663028706933,normal
51.789513095955186,364.72364121079096,7.365663028706933,normal
56.711090086817876,363.12532874085656,7.365663028706933,normal
58.111789191496385,309.7990217741228,7.365663028706933,normal
58.61405085984068,330.15466782439165,7.365663028706933,normal
63.88292451728083,330.7027784178629,7.365663028706933,normal
61.335861132254166,452.78422475878045,7.365663028706933,normal
62.22802014974819,277.37143451167367,7.365663028706933,normal
60.114254897076975,271.8788809872895,7.365663028706933,normal
59.60509275234015,190.19323117556317,7.365663028706933,normal
61.369051813467344,67.24291277857904,7.365663028706933,normal
64.47507231334895,-2.874031862925998,7.365663028706933,normal
68.72073410904845,-22.35164778539102,7.365663028706933,normal
72.80948134652301,12.475583223997262,7.365663028706933,normal
78.96489486032566,-6.463080176733689,7.365663028706933,normal
78.79588303593827,-116.08268040125975,7.365663028706933,normal
81.36009739991927,-63.58655263750295,7.365663028706933,normal
80.9459477363649,5.351748171424775,7.365663028706933,normal
80.74694175986791,-7.7003356684290685,7.365663028706933,normal
78.4662115812914,5.091887885881797,7.365663028706933,normal
80.00310890455904,-65.9310190022255,7.365663028706933,normal
80.68921144329599,-5.95114396662435,7.365663028706933,normal
81.53993422493159,-5.77118785698842,7.365663028706933,normal
77.29283732894062,32.7050768360862,7.365663028706933,normal
77.87705980986945,21.565656278546047,7.365663028706933,normal
78.39297708624028,11.477811308229597,7.365663028706933,normal
80.059691546731,-6.143234521312067,7.365663028706933,normal
80.08783134201654,-42.10492166714569,7.365663028706933,normal
82.45318593129673,34.36337467589923,7.365663028706933,normal
83.18508481183814,25.65816958610617,6.1554135138026425,normal
85.24722292989472,42.50993738972325,6.1554135138026425,normal
86.64594779897803,43.086666957373254,6.1554135138026425,normal
87.29657736882525,-1.1584960747554807,6.1554135138026425,normal
89.05648899880997,2.6043266502655325,6.1554135138026425,normal
87.47717891341776,106.64254005455659,6.1554135138026425,normal
89.19308267079764,32.895793680013334,6.1554135138026425,normal
86.34286325099075,-60.617734732096956,6.1554135138026425,normal
84.52534388876637,-19.400917071665994,6.1554135138026425,normal
82.35822715008105,22.030428419208818,6.1554135138026425,normal
82.03227299546978,-28.284933512127836,6.1554135138026425,normal
82.64566987285863,25.898111065620743,6.1554135138026425,normal
85.50039858738891,57.16697330152095,6.1554135138026425,normal
86.28259476329703,80.5521094824547,6.1554135138026425,normal
84.75469561296892,-75.41992608092924,6.1554135138026425,normal
84.18328316154734,15.506904969009627,4.247096895990964,normal
85.7695818190998,60.06229768123593,4.247096895990964,normal
87.4748584561217,116.63628583777334,4.247096895990964,normal
87.9384151851625,120.61913123628052,4.247096895990964,normal
85.20436574273224,228.02957560600112,4.247096895990964,normal
77.14743770505707,244.4316820873218,8.056928037675164,normal
71.3275127936649,191.2686177493036,8.056928037675164,normal
71.40192678530968,77.966327927457,8.056928037675164,normal
75.31757482498344,147.60613703145404,8.056928037675164,normal
78.31371371485916,149.54947985408734,8.056928037675164,normal
76.70953594533606,33.792826806671826,8.056928037675164,normal
82.36339126252349,145.9998112487496,8.056928037675164,normal
83.72870065520335,244.22883079834287,8.056928037675164,normal
89.37409858234656,51.07868721063206,8.056928037675164,normal
85.87262975110472,33.352781459699486,8.056928037675164,normal
83.93455049606128,165.13239681851573,8.056928037675164,normal
83.81724339011815,59.568677614600986,8.056928037675164,normal
81.41413651985724,123.78232921430853,8.056928037675164,normal
80.39903667188794,55.15952397672726,8.056928037675164,normal
82.08850793362834,147.22516124718663,8.056928037675164,normal
82.18677570422622,-3.1805983143286833,8.056928037675164,normal
83.78436474555785,64.32766959283565,8.056928037675164,normal
86.12485710277468,97.4675258846453,8.056928037675164,normal
87.63492853820921,96.8525613674925,8.056928037675164,normal
85.50075335423223,-176.1596309972752,8.056928037675164,normal
85.26143518031675,217.22946160632415,8.056928037675164,normal
89.77727217968986,17.70713170387132,8.056928037675164,normal
86.27134954975784,40.60139523969129,8.056928037675164,normal
88.29619007742006,192.4770253150268,8.056928037675164,normal
86.5991251763215,-45.996415300074325,8.056928037675164,normal
88.45510322930373,-131.0428484875587,8.056928037675164,normal
86.78224231035995,-25.43150731061053,8.056928037675164,normal
86.19491612102095,19.114727329878573,8.056928037675164,normal
84.83258389646933,-27.51176330571494,8.056928037675164,normal
85.40129049689186,55.107780871412096,8.056928037675164,normal
84.6525559864264,-40.121512280662145,5.819924911392178,normal
85.80905002514785,88.57824355293457,5.6538553171874355,normal
89.6589828122085,87.64412023574043,5.6538553171874355,normal
89.82899386718834,23.2180013717299,5.6538553171874355,normal
81.34428314165525,-160.57030338263078,8.484710725533091,normal
81.33596661704857,-14.701910463309968,8.484710725533091,normal
79.20260259991335,-46.034421297783695,8.484710725533091,normal
80.9695909793671,-14.471584959119452,8.484710725533091,normal
82.3946717566917,-54.56470721739628,8.484710725533091,normal
89.74886734613035,-24.664060899033384,8.484710725533091,normal
88.9571283226626,-43.94409142376837,8.484710725533091,normal
87.58840641238483,-53.06461506684334,8.484710725533091,normal
88.43635640711652,120.10444760465002,8.484710725533091,normal
87.82775500201173,86.31757354460737,8.484710725533091,normal
85.6568811107017,-6.505894162105087,8.484710725533091,normal
86.4159961074289,-42.91380835333366,8.484710725533091,normal
85.85474695759592,21.322738425716885,8.484710725533091,normal
85.4478959649009,-14.637346057562727,8.484710725533091,normal
87.01462054533265,-117.5690354442069,8.484710725533091,normal
85.55024229244377,151.29409252002347,8.484710725533091,normal
86.98236550475309,35.319019461675786,8.484710725533091,normal
81.30787505910806,-59.18632811957299,8.484710725533091,normal
85.48620870223282,21.575501205663535,8.484710725533091,normal
84.60947771371818,-7.353931604969573,8.484710725533091,normal
85.22397337445449,-52.93685996610943,8.484710725533091,normal
84.20867198422982,-10.574367531355065,8.484710725533091,normal
86.27229124923971,-16.87557879013379,8.484710725533091,normal
85.30747264350174,-14.486695777485828,8.484710725533091,normal
85.78799399926991,35.647794237041175,8.484710725533091,normal
85.08942502726006,10.16454382111548,8.484710725533091,normal
86.72665718995155,36.50819507675088,8.484710725533091,normal
86.0767205220805,-53.54632964021992,8.484710725533091,normal
85.71901619160167,28.117569751130553,8.484710725533091,normal
86.00703583450813,53.336151893851245,8.484710725533091,normal
85.28749530889945,-50.635894442138564,7.35419558943866,normal
85.7233987210571,22.336536967024646,7.35419558943866,normal
84.86590285053603,-47.50520761877761,7.35419558943866,normal
83.76236090375777,-23.975373904396132,7.35419558943866,normal
85.50524857847684,55.7319034603021,7.35419558943866,normal
85.16370259971774,-40.51943049764338,5.674490445645034,normal
85.24236301278248,6.253589285745297,5.674490445645034,normal
84.34605913121914,-22.264646103887646,5.674490445645034,normal
85.16835172331581,12.212746565139694,5.674490445645034,normal
86.12447549920076,32.0060870107446,5.674490445645034,normal
87.40556463843355,53.39384774579559,5.674490445645034,normal
87.14790756351024,5.91519853505585,5.674490445645034,normal
85.71987393093086,-33.40086133631978,5.674490445645034,normal
85.80072871103394,-20.150963146942466,5.674490445645034,normal
85.62505575001707,-19.659632598241824,5.674490445645034,normal
84.50921711337806,-39.751068278892504,5.674490445645034,normal
84.80335150528633,33.16916212136868,5.674490445645034,normal
80.30308247519808,-97.4025035753112,4.500269030088248,normal
81.66357541092721,28.029652262453457,4.500269030088248,normal
80.80829751176115,-26.116988980139762,4.500269030088248,normal
80.6582893915978,-27.54427446038199,4.500269030088248,normal
81.9028899733844,37.76926155496297,4.500269030088248,normal
83.80221543697932,98.30915267729375,4.500269030088248,normal
83.7173478143596,-23.473053669610852,4.500269030088248,normal
83.62594969468601,15.150198074845786,4.500269030088248,normal
82.95550335871194,-23.751001146834795,4.500269030088248,normal
84.1772659350697,-7.897463162572244,4.500269030088248,normal
85.0137329590644,-28.62446902178443,4.500269030088248,normal
86.15469162897294,-183.3171219634819,4.500269030088248,normal
82.73560693088557,130.05972948657055,4.500269030088248,normal
82.4688101623042,-4.6756535254261715,4.500269030088248,normal
82.03826958113237,-8.043534406780543,4.500269030088248,normal
81.92861396519127,40.74792438748645,4.500269030088248,normal
83.41535304285212,24.72129884739087,4.500269030088248,normal
85.4047539208225,8.613624372421086,4.500269030088248,normal
83.80432999046806,5.038313166219192,4.500269030088248,normal
82.29586619842544,-67.3159484006832,4.500269030088248,normal
82.38497839563905,37.59983722782482,4.500269030088248,normal
82.19739296132772,-27.97607754279085,4.500269030088248,normal
86.0262969509414,-93.47735402874837,4.500269030088248,normal
84.95394252428557,179.44966826886338,4.500269030088248,normal
86.07656335418245,-11.236038214367584,4.500269030088248,normal
84.53419533133739,-8.576534181885437,4.500269030088248,normal
84.77750307173521,71.85926778950686,4.500269030088248,normal
84.01133116034873,-57.071729355454096,4.500269030088248,normal
84.31248138769045,12.139939894828975,4.500269030088248,normal
84.55711241525279,-44.20921760056024,4.500269030088248,normal
87.31311659683557,-32.72545354570146,3.8289039896136785,normal
86.42079634869862,60.99184196256147,3.8289039896136785,normal
87.12173915070919,-31.79453555361534,3.8289039896136785,normal
88.85131166556195,21.827806082023326,3.8289039896136785,normal
88.92067614734101,-16.65990620072279,3.8289039896136785,normal
83.59318998719738,-117.30070394230701,5.327486160143636,normal
87.75140877443302,185.15926809341914,5.327486160143636,normal
89.97921243007853,-1.9873015669718523,5.327486160143636,normal
87.66178378149066,-34.886300572093205,5.327486160143636,normal
87.53047615928618,-7.36721080898851,5.327486160143636,normal
87.5280997820509,31.734550183736694,5.327486160143636,normal
87.52629297374838,36.43080937057156,5.327486160143636,normal
87.80935452165667,14.161126327228457,5.327486160143636,normal
89.98553471522828,12.708656149708938,5.327486160143636,normal
86.70762763724761,-42.761326458909316,5.327486160143636,normal
84.89523170890395,-42.34509209845369,5.327486160143636,normal
87.3104297270984,-2.028970793376101,5.327486160143636,normal
84.35966214915037,28.71467602839583,5.327486160143636,normal
85.80204316703053,120.58662008161348,5.327486160143636,normal
86.44955572839253,58.432618815601636,5.327486160143636,normal
87.61217234685742,95.88959012432618,5.327486160143636,normal
88.63720082300024,-27.998514818546983,5.327486160143636,normal
89.24963317182589,110.22746723608255,5.327486160143636,normal
86.54171658614985,21.493536463615616,5.327486160143636,normal
84.00435236491938,12.765436194479562,5.327486160143636,normal
82.72212602112747,23.211132817927005,5.327486160143636,normal
6.108121671139318,0.0,0.0,normal
6.197160029149605,9.113797108477268,0.0890383580102867,normal
7.161805843904471,10.299985035701644,0.9646458147548662,normal
7.25782952025175,6.429935310197449,0.9646458147548662,normal
7.530044956623935,8.711074745229308,0.9646458147548662,normal
7.93110843241206,-3.2150248925011184,0.9646458147548662,normal
8.405879508426896,6.137223234351788,0.9646458147548662,normal
8.726238436461639,-2.3119331575201207,0.9646458147548662,normal
9.076895235304589,16.67737641050091,0.9646458147548662,normal
9.135591925923565,39.50159193895588,0.9646458147548662,normal
8.984053726472332,20.02416180331425,0.9646458147548662,normal
8.965042606285925,-3.7702276957281233,0.9646458147548662,normal
8.936799262028563,9.42345145543171,0.9646458147548662,normal
8.812858096557347,-18.894409954850886,0.9646458147548662,normal
8.062730327647689,10.958902012067549,0.9646458147548662,normal
7.77619744813343,-71.29960188963109,0.9646458147548662,normal
5.895373919726085,68.61402296927943,1.880823528407345,normal
4.8382065806216845,14.704403149961232,1.880823528407345,normal
4.414501863643782,56.86558822858165,1.880823528407345,normal
4.347305528857894,31.1380627010662,1.880823528407345,normal
3.2552361034388495,-27.796772098882737,1.880823528407345,normal
3.457013506443323,26.028136364891555,1.880823528407345,normal
3.711250375802265,-73.5099958953033,1.880823528407345,normal
2.5456976640206577,-8.165945724823743,1.880823528407345,normal
2.5104643703016687,-41.754227147595266,1.880823528407345,normal
2.272315766265815,-26.661754409399077,1.880823528407345,normal
1.771875266174144,-59.40898944138528,1.880823528407345,normal
1.671941059080729,26.933746545577915,1.880823528407345,normal
1.277644763807273,4.837361825971863,1.880823528407345,normal
1.1322528826988543,32.88323110007562,1.880823528407345,normal
0.4294401292284383,-64.33026129926753,1.880823528407345,normal
0.4602781520211062,11.74190967682481,1.880823528407345,normal
1.175503686555732,-20.6301914198676,1.880823528407345,normal
1.326579544106692,-42.79113992937469,1.880823528407345,normal
1.9925708690243815,10.847174602593412,1.880823528407345,normal
1.8784193268871259,56.55146936424043,1.880823528407345,normal
2.6243111432849635,-34.31473853396298,1.880823528407345,normal
3.632171788046437,-43.65805762604234,1.880823528407345,normal
4.6769976720187865,46.22389590058462,1.880823528407345,normal
6.689827725487757,8.412295504729828,2.0128300534689707,normal
8.538818144922539,59.16241071186962,2.0128300534689707,normal
8.35401082471895,97.30999465978034,2.0128300534689707,normal
9.612540989359315,48.56032666632961,2.0128300534689707,normal
10.599868745185818,29.904825629073517,2.0128300534689707,normal
12.079920198962727,57.005018540814746,2.0128300534689707,normal
14.442610649643317,49.594492052794095,2.3626904506805904,normal
17.326901333418927,32.284069971809615,2.8842906837756104,normal
18.795542245983015,126.88272888016076,2.8842906837756104,normal
21.65199287636349,74.1847103947301,2.8842906837756104,normal
24.752134680208748,64.07727198068368,3.1001418038452577,normal
27.703758234048955,37.63702631855146,3.1001418038452577,normal
30.444365418833446,104.06904503374638,3.1001418038452577,normal
33.611945657000625,160.14452815967385,3.1675802381671794,normal
33.983442381482334,152.75449266171043,3.1675802381671794,normal
35.53500912560148,24.053217032670467,3.1675802381671794,normal
37.9482541450354,35.26144516956862,3.1675802381671794,normal
42.3841931465648,123.09063649671792,4.435939001529398,normal
46.238971276005636,62.26971481306422,4.435939001529398,normal
50.252353972529185,-4.609442489636819,4.435939001529398,normal
52.015901760351156,60.932420143518264,4.435939001529398,normal
52.086110181703525,157.3435586360948,4.435939001529398,normal
55.013550953240966,72.60930813122287,4.435939001529398,normal
55.114869484125066,47.367842624841835,4.435939001529398,normal
56.085091870702776,88.02494324333863,4.435939001529398,normal
57.05688107919656,56.0248852622107,4.435939001529398,normal
60.397037226886404,122.62724248693175,4.435939001529398,normal
61.97182458808666,84.23353770872453,4.435939001529398,normal
62.481545712258246,120.35880975523148,4.435939001529398,normal
62.342506737930414,131.31862756573733,4.435939001529398,normal
64.91931563213527,288.08523318569524,4.435939001529398,normal
64.27053266633771,-73.9166104019141,4.435939001529398,normal
69.14003992966259,260.4633785885302,4.869507263324877,normal
68.40947811797689,93.50553899742029,4.869507263324877,normal
66.88413304873879,197.7774333852529,4.869507263324877,normal
71.64494880801294,104.04225792942573,4.869507263324877,normal
71.03813641381703,192.2677610307548,4.869507263324877,normal
69.08845887305496,138.4504079040966,4.869507263324877,normal
71.42228407300769,179.27532858641416,4.869507263324877,normal
75.4926232661147,256.05518280571255,4.869507263324877,normal
74.00168030692309,157.0042553147,4.869507263324877,normal
74.8866766122455,168.5282049632064,4.869507263324877,normal
77.32037749953814,152.61918344244975,4.869507263324877,normal
84.25721757948338,177.13808398100218,6.936840079945242,normal
85.42342024605436,66.4331634632428,6.936840079945242,normal
88.06983550972184,79.74681220982158,6.936840079945242,normal
89.61288193569824,64.32133226449399,6.936840079945242,normal
89.73862649888846,47.515973022238896,6.936840079945242,normal
87.51616110874548,-94.20269055858574,6.936840079945242,normal
85.65880013049029,-110.33196160375657,6.936840079945242,normal
85.82626743966759,-44.421261149571095,6.936840079945242,normal
82.50903594381063,-101.86013920053642,6.936840079945242,normal
82.03228842175066,-48.7300928018318,6.936840079945242,normal
82.0325660112974,-2.9154443283681144,6.936840079945242,normal
82.78802770306541,-30.398326512519212,6.936840079945242,normal
83.95403742072078,20.866696366561825,6.936840079945242,normal
83.87055637480792,85.83847447186733,6.936840079945242,normal
84.50194178160912,-9.537353886196838,6.936840079945242,normal
83.26172135464333,-81.70181292600938,6.936840079945242,normal
82.72649450212867,-67.1644285162354,6.936840079945242,normal
88.54271533795585,261.9948225269984,6.936840079945242,normal
74.90661727630524,311.5555445123797,13.636098061650614,normal
79.88224735388275,-3.1411886434121663,13.636098061650614,normal
69.27142569935788,218.48890191652075,13.636098061650614,normal
59.52642353363086,320.22037143647424,13.636098061650614,normal
58.866800392187116,-27.187995087014446,13.636098061650614,normal
55.67658847537943,49.88514358215355,13.636098061650614,normal
55.34160576294601,118.3806851284763,13.636098061650614,normal
51.55020936146046,-33.37306878976806,13.636098061650614,normal
49.69555453149118,80.20448247936831,13.636098061650614,normal
45.523091410046305,119.28114394294715,13.636098061650614,normal
42.86775603347381,51.49099614373467,13.636098061650614,normal
40.77069431451869,95.71146848570572,13.636098061650614,normal
39.207048658526794,71.53393181503432,13.636098061650614,normal
37.77064899016334,59.56101198214517,13.636098061650614,normal
37.573697339211975,-16.032654309928848,13.636098061650614,normal
37.1691416126735,23.740013966767563,13.636098061650614,normal
39.501882440033285,-82.96469897244243,13.636098061650614,normal
41.78113910680167,-81.11844932080426,13.636098061650614,normal
42.63533631444274,11.376735049547666,13.636098061650614,normal
42.87598778148666,40.81736534520149,13.636098061650614,normal
44.346146951655626,69.3875292252392,13.636098061650614,normal
48.29785238885321,-27.547217024442556,13.636098061650614,normal
48.418608108999194,94.34715776222956,13.636098061650614,normal
49.2862971296859,-5.158463653405213,13.636098061650614,normal
50.44402037960857,20.488929510757885,13.636098061650614,normal
53.32384832696828,-62.19118509697891,13.636098061650614,normal
54.83934546858979,-15.157608902121172,13.636098061650614,normal
57.22188320951481,70.59249102044899,13.636098061650614,normal
59.440533299691275,4.431090743775442,13.636098061650614,normal
60.72110900906136,82.75795747499336,13.636098061650614,normal
60.1138068892528,31.14561803818228,10.61082165452487,normal
61.226033369325016,63.716447395988524,10.61082165452487,normal
62.309085035461024,73.01386209134746,9.745002165727016,normal
64.9886968954236,22.028157735951762,4.172463121444878,normal
69.29975421983121,-3.6235854707933206,4.311057324407614,normal
71.26219836989397,55.91567629844192,4.311057324407614,normal
71.7148961870136,92.24265295098724,4.311057324407614,normal
72.06282362732189,30.973218982169936,4.311057324407614,normal
74.38549431658394,-89.37208274609644,4.311057324407614,normal
75.24332036829784,50.606105902715136,4.311057324407614,normal
75.896716015618,140.03588395042527,4.311057324407614,normal
79.57590638851372,95.4623713104847,4.311057324407614,normal
78.84682930795178,35.566406049526705,4.311057324407614,normal
81.17964541692866,60.74010247147262,4.311057324407614,normal
81.50373214834018,152.12877337873337,4.311057324407614,normal
79.35101021316055,29.43513550502395,4.311057324407614,normal
81.14330094156965,80.98771909373514,4.311057324407614,normal
81.12899106406422,-10.513366071828475,4.311057324407614,normal
80.66778627272947,40.89955825504005,4.311057324407614,normal
80.16637681774678,96.13181996889121,4.311057324407614,normal
80.93370445217157,-74.76670030227775,4.311057324407614,normal
81.16831531929603,-0.7578232077036641,4.311057324407614,normal
81.27458836302719,128.83727169712938,4.311057324407614,normal
82.43112595996675,39.55196085306308,4.311057324407614,normal
83.88424954037328,84.23651405364903,4.311057324407614,normal
84.15272608672204,95.31218036660144,4.311057324407614,normal
84.92810389653985,-10.598993225810702,4.311057324407614,normal
84.91578407343628,37.21301164161274,4.311057324407614,normal
84.80803921148423,23.67247383194201,4.311057324407614,normal
84.66158543842373,-15.2924602221627,4.311057324407614,normal
83.64259048468833,66.41690804096275,4.311057324407614,normal
83.9057448671208,-0.5920636903690862,4.311057324407614,normal
83.3194964751514,56.27810353040413,4.311057324407614,normal
82.96783559817504,52.83561720078712,4.311057324407614,normal
82.28246814683953,88.66577320054785,3.679190372895718,normal
82.27907346363305,53.88466431187419,3.679190372895718,normal
82.2985319734425,42.56631141276895,3.679190372895718,normal
81.29551530414255,38.244200683152705,3.679190372895718,normal
80.51112302524368,86.90469280367275,3.679190372895718,normal
78.90310050382216,71.12502781232776,3.679190372895718,normal
78.52648309678125,54.59578179922391,3.679190372895718,normal
79.4525184990487,22.1220270758788,2.3328161089768855,normal
81.5615043881067,-26.52289647118993,2.3328161089768855,normal
79.18497430102269,116.92273401468266,2.3765300870840065,normal
77.96259984228587,57.11376960536436,2.3765300870840065,normal
78.25716469473136,32.67477248055472,2.3765300870840065,normal
80.00579737976172,-107.69331735336843,2.3765300870840065,normal
80.71413725857943,70.83975659879339,2.3765300870840065,normal
82.18932612064256,-38.24236908627608,2.3765300870840065,normal
82.08161947361688,45.141078722084785,2.3765300870840065,normal
81.34505473164305,32.124835518348014,2.3765300870840065,normal
81.02975021225348,19.272520235069194,2.3765300870840065,normal
81.13655428094245,16.53519870295288,2.3765300870840065,normal
83.00904776697922,-55.09122875435102,2.3765300870840065,normal
83.87186522660483,4.571665804056424,2.3765300870840065,normal
85.06047866590757,-25.365785144381977,2.3765300870840065,normal
84.1659629317251,-29.341724064316068,2.3765300870840065,normal
84.67234324946578,-17.299890398943887,2.3765300870840065,normal
83.84908521539475,-8.69733776865462,2.3765300870840065,normal
83.25856421346859,-6.112038777298192,2.3765300870840065,normal
82.20660489133421,-1.0884264439345073,2.3765300870840065,normal
81.70728718414333,1.1328426681926675,2.3765300870840065,normal
80.67695528729276,18.121819497329433,2.3765300870840065,normal
80.86696684809834,-57.49428385648324,2.3765300870840065,normal
81.31636764841647,-29.10178487347817,2.3765300870840065,normal
81.4557480469828,-19.92044763017535,2.3765300870840065,normal
81.73829548301839,30.248364518245527,2.3765300870840065,normal
82.02877111839322,53.10760933696596,2.3765300870840065,normal
83.36109237446222,26.387816201538822,2.3765300870840065,normal
84.01847798305148,20.54044317291297,2.3765300870840065,normal
84.86524394843853,-1.3146286581977158,2.3765300870840065,normal
84.43944962777391,11.642087647048736,2.3765300870840065,normal
84.69916655712727,-71.73357587458646,2.3765300870840065,normal
85.70919817810585,-14.695359640382895,1.872493486036774,normal
85.11854578941076,-2.980466017488308,1.872493486036774,normal
84.14244443166396,10.1003409761495,1.872493486036774,normal
83.34981738246454,29.98965145942222,1.872493486036774,normal
82.75239974750521,-27.76059806056939,1.872493486036774,normal
83.65232932017622,85.13033332944212,1.872493486036774,normal
83.22747111852976,-83.49929631080741,1.872493486036774,normal
82.8323276605281,18.198288666928534,1.872493486036774,normal
82.72537126679454,2.299569878602901,1.872493486036774,normal
83.28399874985564,-0.46659930432026203,1.872493486036774,normal
83.10549695460215,-8.238522751060014,1.3323212560689939,normal
82.88222755571023,-5.425189948563753,1.3323212560689939,normal
82.78894546922484,-10.68324668213546,1.3323212560689939,normal
82.3884478458634,11.928732558240576,1.3323212560689939,normal
82.79147213024528,5.468690374383601,1.3323212560689939,normal
83.03180769972637,-16.776053692229087,1.3323212560689939,normal
82.62808866774041,17.094751548761867,1.3323212560689939,normal
82.14336766178779,15.732043472552741,1.3323212560689939,normal
82.30764102099697,-12.57162306193601,1.3323212560689939,normal
82.50076574559056,-6.503542609676822,1.3323212560689939,normal
82.90593727631791,4.999343674748402,1.3323212560689939,normal
83.0126911589966,0.27931852368533844,1.3323212560689939,normal
83.1030684723195,15.009478504724111,1.3323212560689939,normal
82.94561650128915,-1.0893422423728198,1.3323212560689939,normal
82.48203054508464,8.315449819878271,1.3323212560689939,normal
82.37004910496233,-22.694858999043326,1.0100316209785802,normal
82.65990742393888,5.697639983961747,1.0100316209785802,normal
82.46794007836934,-1.6356160108262767,1.0100316209785802,normal
82.93510829650543,1.5957787787596793,1.0100316209785802,normal
82.61767775295279,8.73442760540628,1.0100316209785802,normal
82.1752348951297,7.259992119723018,0.9761013577467992,normal
82.58712939479422,-24.428923341988206,0.9761013577467992,normal
82.7018891304421,5.905068330239548,0.899929572671013,normal
82.94684266097747,-12.293220336688984,0.899929572671013,normal
82.8634618315018,1.8366337680358893,0.899929572671013,normal
82.84341638964911,7.531068457463543,0.5586274830611018,normal
82.56888518957398,2.773037671210507,0.5586274830611018,normal
82.83618564306887,-16.064936204879366,0.5586274830611018,normal
82.6983192921571,6.984794689010085,0.5586274830611018,normal
82.57309707378839,0.4707203972926687,0.4847210059526219,normal
82.77309753824112,-6.144549621858289,0.4847210059526219,normal
82.57129877444652,6.143633823419976,0.4847210059526219,normal
82.68861876685335,-3.918243618320395,0.4847210059526219,normal
82.59530988971453,6.642743972300335,0.4847210059526219,normal
83.00992357517478,0.36769307298250287,0.4847210059526219,normal
83.05497235172005,6.97197351087371,0.4847210059526219,normal
82.77368586508587,2.6104834484100237,0.4847210059526219,normal
82.14950811384286,7.976146498483459,0.6241777512430104,normal
82.17773232548241,-2.4323606521582257,0.6241777512430104,normal
82.91405448931548,-27.16899226941946,0.7363221638330657,normal
82.86867582135429,23.591425670151345,0.7363221638330657,normal
83.05111700279521,-2.262480041851241,0.7363221638330657,normal
83.07886878903224,3.632056606347712,0.7363221638330657,normal
83.1427304944422,-4.165051297445636,0.7363221638330657,normal
83.33660381793545,-16.574120136581165,0.7363221638330657,normal
83.0413973335925,1.6209632358132755,0.7363221638330657,normal
82.73209220514329,-3.2918374865145865,0.7363221638330657,normal
82.59712563970491,22.32487642996504,0.7363221638330657,normal
83.28160454003246,105.60712851089237,0.7363221638330657,normal
82.64591245095814,-89.09299317202067,0.7363221638330657,normal
82.75380453607873,-16.026930569689394,0.7363221638330657,normal
82.87505877043995,-4.384842922640657,0.7363221638330657,normal
83.03767134490258,-28.523458159683774,0.7363221638330657,normal
82.7274621773138,17.945528297954258,0.7363221638330657,normal
82.87373089497451,-4.024018337945498,0.7363221638330657,normal
12.19616153098716,0.0,0.0,normal
12.555256221389957,10.338667522732964,0.35909469040279696,normal
12.522447487344463,-11.354985110088307,0.35909469040279696,normal
12.851778533764959,63.005279762180066,0.35909469040279696,normal
12.079469450618909,-37.56322624173057,0.77230908314605,normal
11.926100995379972,-14.354140828845086,0.77230908314605,normal
11.525983109759895,-1.310291856822401,0.77230908314605,normal
11.836827971089866,8.47923447796918,0.77230908314605,normal
11.61445065140585,78.37894350530615,0.77230908314605,normal
11.930890797713415,37.888337972761114,0.77230908314605,normal
10.784914452815412,-2.0745333766674428,1.1459763448980027,normal
9.944498155558044,-4.043634392673219,1.1459763448980027,normal
10.049388785144739,35.49727856218541,1.1459763448980027,normal
9.510037393532501,-36.96726438548232,1.1459763448980027,normal
7.821848966022272,9.464986983569188,1.6881884275102292,normal
6.991312450340745,41.16853217732071,1.6881884275102292,normal
6.322037574257016,-22.57546096526081,1.6881884275102292,normal
4.266823785646689,-55.29520927040604,2.0552137886103274,normal
4.03485255402935,51.577258988571515,2.0552137886103274,normal
3.9581983371537346,-25.994514511278165,2.0552137886103274,normal
3.8546996785204497,21.461953286481194,2.0552137886103274,normal
4.4162437926347105,-13.006758760454412,2.0552137886103274,normal
4.42635555497873,-38.43015269915814,2.0552137886103274,normal
4.336191148117005,11.598818908361217,2.0552137886103274,normal
3.5827026001148736,-16.61229364796781,2.0552137886103274,normal
3.4206715017977,-19.58523437151121,2.0552137886103274,normal
3.284736753761481,-53.501943331464666,2.0552137886103274,normal
3.956753056844031,-54.844173981581974,2.0552137886103274,normal
3.5514274263425833,18.191718490583455,2.0552137886103274,normal
1.2576982519845463,32.53612886268995,2.2937291743580372,normal
1.376584449237121,-56.62553442051377,2.2937291743580372,normal
2.3181518697080903,1.9035062899915152,2.2937291743580372,normal
2.58136950793701,-37.17732777507424,2.2937291743580372,normal
3.24995784310426,7.699080799457502,2.2937291743580372,normal
3.4795806660907695,-21.490572276888813,2.2937291743580372,normal
3.223933594335727,-81.34020768076324,2.2937291743580372,normal
3.5135346090927415,9.188985440078117,2.2937291743580372,normal
1.494428040656287,-7.494855683908738,2.2937291743580372,normal
2.3667659979538187,73.08294209239556,2.2937291743580372,normal
2.1703057700958834,134.79315530065006,2.2937291743580372,normal
1.9143320525905934,55.03958444808519,2.2937291743580372,normal
1.1874165687643445,74.45241802138091,2.2937291743580372,normal
0.9173505886147091,62.17418428074283,2.2937291743580372,normal
1.807513485460874,-36.880720558489685,2.2937291743580372,normal
2.4197164468544337,-13.23113164525014,2.2937291743580372,normal
3.7204760784509907,34.763602124095705,2.2937291743580372,normal
3.7420505653950524,3.648119945239933,2.2937291743580372,normal
3.7678395638993285,18.158405985748985,2.2937291743580372,normal
3.244864906278206,50.18786424226246,2.2937291743580372,normal
2.6796787020411617,90.96672024619303,2.2937291743580372,normal
2.8848633347092676,-44.3683642568157,2.2937291743580372,normal
3.3174903458510174,-99.2648537528628,2.2937291743580372,normal
4.742132052932846,54.56519606308851,2.2937291743580372,normal
5.503038791229303,12.02226549043234,2.2937291743580372,normal
4.867968843801747,-17.863515908588884,2.2937291743580372,normal
4.4622250465478475,18.092238879926573,2.2937291743580372,normal
3.540234430309678,-18.439329995590167,2.2937291743580372,normal
3.2374648638328543,50.286542521187926,2.2937291743580372,normal
2.8781135104062012,36.796924154576175,2.2937291743580372,normal
2.4012926321365913,-26.834081213876058,2.019106568436454,normal
1.5312122342712107,95.48302588443848,2.019106568436454,normal
0.7058599394534283,-5.16286586953436,2.019106568436454,normal
0.6818877769709741,-65.53268004305767,2.019106568436454,normal
2.191998745040028,31.87857893908451,2.019106568436454,normal
3.835018402126961,38.5667225213833,2.019106568436454,normal
3.587939216907553,111.51881858963522,2.019106568436454,normal
2.4648611818192077,70.95746691280254,2.019106568436454,normal
1.6710556580339286,62.7728935600702,1.643019657086933,normal
1.8840476715699266,72.19334939456515,1.643019657086933,normal
2.6213869571392614,39.49741208943905,1.643019657086933,normal
1.9340908591471615,25.74655957838656,1.643019657086933,normal
2.822221325375433,-37.438905347399874,1.643019657086933,normal
3.8149938475405953,-137.59712950482688,1.643019657086933,normal
4.280984505941697,-34.66812917209589,1.643019657086933,normal
5.876279653536376,-65.47338149493308,1.643019657086933,normal
5.323324424217352,61.52922671291674,1.643019657086933,normal
6.439957283425426,25.766936299556782,1.643019657086933,normal
5.202531542502799,64.85315073481917,1.643019657086933,normal
4.885383086076072,66.65202599588044,1.643019657086933,normal
3.618157830658917,126.54195693824879,1.643019657086933,normal
2.812273419639583,113.98669137046497,1.643019657086933,normal
1.6504167457587682,111.16211149319466,1.643019657086933,normal
1.0702492410593427,178.14611777780348,1.643019657086933,normal
0.16909367931306685,197.49736328374198,1.643019657086933,normal
2.015298001701569,202.65084212442264,1.8462043223885023,normal
3.577160651498629,169.98192114624135,1.8462043223885023,normal
3.9454608085788143,264.6249224242354,1.8462043223885023,normal
8.419949449038953,85.55498363607401,4.474488640460138,normal
9.237334045404856,91.50590202547257,4.474488640460138,normal
13.963727965188383,84.0443588463983,4.726393919783527,normal
16.52529742135252,164.07244305495306,4.726393919783527,normal
20.106039920654798,141.12253121919895,4.726393919783527,normal
23.063791437264562,226.8421312880976,4.726393919783527,normal
28.146932468759985,90.29451739949889,5.083141031495423,normal
30.442739332678723,230.6546387142389,5.083141031495423,normal
36.433104644369514,205.32797696311292,5.990365311690791,normal
38.28787167833764,248.95133166163748,5.990365311690791,normal
40.148319438892415,274.25097708581865,5.990365311690791,normal
43.15600328526231,245.50972635117893,5.990365311690791,normal
44.734116138612244,278.88519296454353,5.990365311690791,normal
46.39873084053586,286.67070311503204,5.990365311690791,normal
45.452752320711284,267.988455128862,5.990365311690791,normal
45.13374648175101,291.92629451348705,5.990365311690791,normal
44.69461940027799,234.91886828497402,5.990365311690791,normal
46.48367497580186,344.3304133729155,5.990365311690791,normal
48.42068272879442,156.84008075106297,5.990365311690791,normal
48.51354681792601,241.1239233091922,5.990365311690791,normal
47.2823561729058,262.5545101821867,5.990365311690791,normal
46.2182608944154,28.863282109737835,5.990365311690791,normal
44.0868076747838,125.8319770242166,5.990365311690791,normal
38.97852715518937,46.25332544102308,5.990365311690791,normal
35.29021349616867,32.636409805078245,5.990365311690791,normal
35.5774331103016,-19.508993381065313,5.990365311690791,normal
33.12760515924062,57.75564111372981,5.990365311690791,normal
30.557293296187854,-3.369714406554621,5.990365311690791,normal
27.74633488341386,91.59038528515585,5.990365311690791,normal
27.50009661686719,-43.922136958380115,5.990365311690791,normal
27.271559025397917,51.34773468550242,5.990365311690791,normal
27.950425687523957,-46.79067560491652,5.990365311690791,normal
27.748109375169765,-22.318004527553875,5.990365311690791,normal
28.11688621589021,-42.54201476496313,5.990365311690791,normal
27.902679894432065,38.471020617460226,5.990365311690791,normal
28.224880325251817,79.80989302568707,5.990365311690791,normal
28.30137474401845,111.12891346432183,5.990365311690791,normal
31.469741930646382,19.589813409976426,5.990365311690791,normal
33.13401486735627,67.62690328512555,5.10828051959443,normal
31.973875034721818,-6.95876475559323,5.10828051959443,normal
30.236877046691873,76.90632473489174,5.10828051959443,normal
32.63201838323201,49.44170992435503,5.10828051959443,normal
31.91461282616815,102.04249848586461,5.10828051959443,normal
34.823215474557415,23.137881364751326,5.10828051959443,normal
35.874345210896685,-7.454674621376442,5.10828051959443,normal
36.468627910671096,47.26323237452712,5.10828051959443,normal
36.505850281563504,47.736247047984236,5.10828051959443,normal
36.76194400171265,52.899341869441855,5.10828051959443,normal
37.22290195801044,96.03525792334388,5.10828051959443,normal
36.560382710632474,89.06367186004803,5.10828051959443,normal
37.896727192556845,-4.289185330370585,5.10828051959443,normal
38.81882138994678,51.08970586798733,5.10828051959443,normal
39.86072071966534,12.715074010219965,5.10828051959443,normal
38.356151467719734,27.260847598834463,3.6883136590207,normal
38.15582775913043,13.408340433854113,3.1683671866279326,normal
39.10459030461937,36.6332235294446,3.1683671866279326,normal
40.00252394979886,35.81907049032867,3.1683671866279326,normal
40.660064594485824,41.71504041814458,3.1683671866279326,normal
41.406424868537805,-33.05287335348991,3.1683671866279326,normal
46.60757609280968,-194.2130479445637,5.201151224271875,normal
43.431228711126124,35.32957127839676,5.201151224271875,normal
40.800418273214675,44.46200559342943,5.201151224271875,normal
45.175137011890484,-54.094470908864004,5.201151224271875,normal
49.068457076426945,12.60242966397558,5.201151224271875,normal
48.729020623675076,11.97189606731493,5.201151224271875,normal
50.88573930514764,-33.117895699696014,5.201151224271875,normal
52.50938544352305,38.46987585784392,5.201151224271875,normal
53.052061501606914,39.737353705016524,5.201151224271875,normal
55.74635714718539,-67.57287063123596,5.201151224271875,normal
59.60923482081915,-61.167253722241185,5.201151224271875,normal
61.243053591293695,-13.426656587714989,5.201151224271875,normal
63.88610255936877,-53.596729427694704,5.201151224271875,normal
66.16982513705715,25.096336116325467,5.201151224271875,normal
64.710905667034,18.978282822946436,5.201151224271875,normal
66.74021016789234,-52.54538219608043,5.201151224271875,normal
66.80049277160207,-2.2661661364368557,5.201151224271875,normal
65.69284087873473,19.797472804374106,5.201151224271875,normal
63.248887729067505,31.071065505743146,5.201151224271875,normal
61.882432355629604,25.402673789648617,5.201151224271875,normal
65.57828406270689,-57.71832195023827,5.201151224271875,normal
57.62152492932989,78.14861787050563,7.956759133376998,normal
64.65917826071818,-50.84197988701899,7.956759133376998,normal
66.84902682492563,-26.35053475194894,7.956759133376998,normal
67.19518868236783,62.47365339636815,7.956759133376998,normal
69.48017190643183,2.2405235210316294,7.956759133376998,normal
68.36181249690233,0.08150688468089722,7.956759133376998,normal
67.34735032497723,-2.389342271151245,7.956759133376998,normal
57.287488655030465,112.28122849409417,10.059861669946763,normal
58.41032414602171,-8.864102660970833,10.059861669946763,normal
58.50818777840075,-13.628134280184623,10.059861669946763,normal
60.438936834105625,-22.392871806460203,10.059861669946763,normal
59.87076364909778,16.984111571343586,10.059861669946763,normal
60.88866362441008,-11.127521374328557,10.059861669946763,normal
61.87649761894169,-35.250811816795,10.059861669946763,normal
61.91185144983395,-4.04145934940224,10.059861669946763,normal
61.0906933806421,31.664050986989,10.059861669946763,normal
60.86372485476271,3.5895082528851305,10.059861669946763,normal
61.0205287471859,-8.535785603014634,10.059861669946763,normal
61.96700131715729,3.4471001566168216,10.059861669946763,normal
61.71096849659096,5.863000850866337,10.059861669946763,normal
61.61701024829674,-10.474092585341813,10.059861669946763,normal
61.821134764528324,-7.405678909798599,10.059861669946763,normal
62.12410705832105,-2.6448526175104625,10.059861669946763,normal
63.39625763912829,-22.453315114201093,10.059861669946763,normal
63.91614595759931,3.720926656836914,10.059861669946763,normal
63.635098430800284,3.699863079896907,10.059861669946763,normal
63.56344419020845,5.955497427863759,10.059861669946763,normal
63.431152233996,5.901464773974175,10.059861669946763,normal
63.241771573998165,13.302564645307555,10.059861669946763,normal
63.30491094208869,-21.987626902288326,10.059861669946763,normal
64.37390487182564,-10.564757546953148,10.059861669946763,normal
63.998670430803024,7.441395409827306,10.059861669946763,normal
63.5052103202894,11.812087624878789,10.059861669946763,normal
62.29477906602549,41.33085909091272,10.059861669946763,normal
63.17451802946201,-31.413119679095004,10.059861669946763,normal
63.30382898210753,-5.724255985370203,10.059861669946763,normal
63.68392291734743,-13.539758837805897,10.059861669946763,normal
63.795222741975024,6.825056832408837,1.9307490557048723,normal
63.98018221596228,-2.142532097875944,1.9307490557048723,normal
63.62196826575625,5.0483899079038865,1.9307490557048723,normal
63.232881973734784,17.141172590700595,1.272150580807235,normal
63.69866379261882,0.5673428658406272,1.272150580807235,normal
63.78418468481096,4.907355523175143,1.272150580807235,normal
63.90983420782859,-17.894424418229114,1.272150580807235,normal
64.26119441055144,-11.590920067008714,1.272150580807235,normal
64.5860693437103,8.774811410899064,1.272150580807235,normal
64.71848235726313,21.018702363048,1.272150580807235,normal
64.98799207675282,-15.139674877553396,1.272150580807235,normal
64.94342534052429,5.95320790863115,1.272150580807235,normal
65.35575357802732,0.9254236738207486,1.272150580807235,normal
65.38602084513728,-12.830923683390004,1.272150580807235,normal
64.50061250895259,-5.868495697024599,1.272150580807235,normal
65.07055051303693,1.9396806938667448,1.272150580807235,normal
64.87997844294176,4.664208580672017,1.2104312542639093,normal
65.06291259871448,-13.913408376567762,1.2104312542639093,normal
64.66213552176228,15.398390550838267,1.2104312542639093,normal
64.66358625884769,19.095964111502564,1.2104312542639093,normal
64.79553093225888,6.504982043690032,1.2104312542639093,normal
64.92366480519739,-4.1179292917713965,1.2104312542639093,normal
64.49942487130555,-4.855154484671647,1.2104312542639093,normal
64.8490068159677,6.877715774758855,1.2104312542639093,normal
64.04809674194183,11.36792089375255,1.2104312542639093,normal
63.051234099068516,11.359220720668636,1.2104312542639093,normal
62.91724380799926,-22.211541883237533,0.9968626428733174,normal
62.790258569585134,6.502234620610901,0.9968626428733174,normal
62.981969259121435,8.22807421815192,0.9968626428733174,normal
62.21990852418012,10.23369306591782,0.9968626428733174,normal
63.12412085053888,-6.396916735910866,0.9968626428733174,normal
63.22622373985789,3.9622419839539527,0.9968626428733174,normal
61.00305799678514,28.379964599733974,2.223165743072755,normal
61.877853518551824,-9.793647469410278,2.223165743072755,normal
62.411033720817144,-6.4729287744335,2.223165743072755,normal
63.13054712585697,-21.87452465219742,2.223165743072755,normal
62.75081927599409,-4.9192610231847125,2.223165743072755,normal
61.52812075457018,16.1310367052733,2.223165743072755,normal
60.64004244865859,23.18458755709656,2.223165743072755,normal
61.56305063698283,5.666560100708444,2.223165743072755,normal
60.9372025836031,3.120156810200189,2.223165743072755,normal
8.354080039325083,0.0,0.0,normal
8.382288414210182,51.02446023670695,0.02820837488509831,normal
8.339638526806578,29.216802805110596,0.04264988740360387,normal
8.271153467691502,-27.934800749612766,0.0684850591150763,normal
8.107204190385215,33.35803919761791,0.16394927730628694,normal
7.6611330977954895,64.89959401121587,0.4460710925897251,normal
6.932661457949852,44.48921464814408,0.7284716398456377,normal
6.507098322668406,-20.216688187261248,0.7284716398456377,normal
5.167516812146045,16.198397612023744,1.3395815105223612,normal
4.328741243361572,-24.277219923180837,1.3395815105223612,normal
3.590505184030834,80.77208218025342,1.3395815105223612,normal
3.3117906292972026,60.31648531455446,1.3395815105223612,normal
3.30646921196219,30.523302444310232,1.3395815105223612,normal
2.3260202529225538,-6.062121693985451,1.3395815105223612,normal
3.038822632808989,80.89926356106047,1.3395815105223612,normal
3.170612805416197,-3.2671076581755565,1.3395815105223612,normal
3.6159796791272583,41.07157277236162,1.3395815105223612,normal
3.85856456089357,57.594506131089204,1.3395815105223612,normal
2.5017258706182286,109.42006024978328,1.3568386902753415,normal
2.833681631161465,86.98542493998694,1.3568386902753415,normal
1.5778251615433299,226.99358030873103,1.3568386902753415,normal
1.6264651099478273,155.649404663587,1.3568386902753415,normal
0.8286626103121533,73.53350409513027,1.3568386902753415,normal
0.3771944757258837,171.80899535563452,1.3568386902753415,normal
0.3849609388452535,60.14065219041439,1.3568386902753415,normal
1.1260939396534437,107.0587908151236,1.3568386902753415,normal
1.0361627007133367,141.44515615476644,1.3568386902753415,normal
1.248030779597811,157.05217751724095,1.3568386902753415,normal
3.8042643811171897,146.7593002230154,2.556233601519379,normal
6.819359586797622,251.07573535981896,3.0150952056804328,normal
6.412036993319284,339.3492295138841,3.0150952056804328,normal
3.893343279279298,209.98275582039082,3.0150952056804328,normal
0.3857598241815529,302.2342454587447,3.507583455097745,normal
1.6135184112853824,281.42297573060875,3.507583455097745,normal
13.48960179376452,244.8762440375991,11.876083382479138,normal
21.918900777043696,136.27662389244597,11.876083382479138,normal
11.425363670505519,562.8640384622684,11.876083382479138,normal
13.401974469307905,141.67868452276497,11.876083382479138,normal
9.078357431932305,273.0294624961046,11.876083382479138,normal
19.68230925004635,267.4334817405947,11.876083382479138,normal
22.62698301681803,353.7107662470331,11.876083382479138,normal
33.73184384254656,209.90605777795994,11.876083382479138,normal
30.84269167481625,334.516108093836,11.876083382479138,normal
42.30325704522557,337.1490259683293,11.876083382479138,normal
38.546962588389476,260.9249087548473,11.876083382479138,normal
50.37100442193683,334.0401223320037,11.876083382479138,normal
43.30448860155894,116.56934807655406,11.876083382479138,normal
28.175390277796883,-73.21984344399498,15.129098323762054,normal
40.288222895030316,229.83793293601514,15.129098323762054,normal
23.486537651803726,-12.239404926307433,16.80168524322659,normal
55.36588619378622,62.241262755499235,31.87934854198249,normal
68.541972880207,154.8506002754038,31.87934854198249,normal
52.06776712843894,2.0403968780420856,31.87934854198249,normal
45.15077976225588,33.15919666074858,31.87934854198249,normal
40.084508248686376,273.80056400926054,31.87934854198249,normal
32.49285235780465,189.32762956968136,31.87934854198249,normal
23.14202171032043,36.64563782533844,31.87934854198249,normal
11.4865236381565,290.9213986748785,31.87934854198249,normal
10.21376709130858,348.37464303826664,31.87934854198249,normal
14.94427857977749,344.9841316640605,31.87934854198249,normal
19.501499316263832,-0.7143220668190425,31.87934854198249,normal
18.267009548881763,15.59305545027068,31.87934854198249,normal
24.53496689475386,63.492929018095296,31.87934854198249,normal
24.69401999900223,-145.0749196314809,31.87934854198249,normal
30.076860438194203,164.33826259879518,31.87934854198249,normal
35.15166161709237,-105.81788517340591,31.87934854198249,normal
36.27253909536433,-11.04085491996202,31.87934854198249,normal
38.28981363839186,-21.941821768505314,31.87934854198249,normal
40.384596572307586,30.548486876153213,31.87934854198249,normal
42.932991286325866,27.425846277004197,31.87934854198249,normal
45.42767623598797,51.32175100714429,31.87934854198249,normal
48.98337828565222,24.075629993746812,31.87934854198249,normal
53.37321347822071,6.752404075863468,31.87934854198249,normal
56.84950826779386,67.60348619363026,31.87934854198249,normal
57.486841835639765,-34.86143530395357,31.87934854198249,normal
59.81392945839929,125.57278246041908,31.87934854198249,normal
61.06535206340592,72.92747508523603,31.87934854198249,normal
63.221071768400485,58.84663029244605,31.87934854198249,normal
66.35761459852237,-8.054897100906267,31.87934854198249,normal
69.23391048492256,-45.980819861389605,31.87934854198249,normal
72.7096741224057,21.481633513919967,16.47420575176806,normal
75.79410520693378,102.54047479311276,16.47420575176806,normal
77.3306350874396,39.24833438162013,11.655498072163931,normal
78.60948695171352,53.681761220211826,11.655498072163931,normal
79.65701383615017,114.58367010042535,11.655498072163931,normal
80.70545744624167,49.37751286886631,11.655498072163931,normal
81.83190439162644,97.71422185447642,11.655498072163931,normal
82.72113358779201,98.1043515986622,6.267957345872098,normal
86.31694716593148,67.80656429403683,6.267957345872098,normal
88.51682873863781,-6.344187330626816,6.267957345872098,normal
89.98978043241031,64.25739099921991,6.267957345872098,normal
89.23771154957844,30.091732862273727,6.267957345872098,normal
89.75268363790093,125.3204802432285,5.382840439191973,normal
89.94662528766779,27.310455789287275,5.382840439191973,normal
88.2710532669797,135.9840265843066,5.07480117889817,normal
88.6707702472972,-52.192216551389805,4.389835192568491,normal
89.40843223118927,-8.646502299835884,4.389835192568491,normal
88.60673015523143,74.07107724028768,4.389835192568491,normal
89.37226396820083,-19.888374775780957,4.389835192568491,normal
88.17426653499544,9.762401579860247,4.389835192568491,normal
87.86173337268227,37.71528933052388,4.389835192568491,normal
87.87338487287629,-4.446654865948539,4.389835192568491,normal
86.92501940517045,41.632155330248295,3.5958135781394702,normal
86.88869277035519,57.46308918674494,3.5958135781394702,normal
85.09567670555259,-34.6313411766609,3.5958135781394702,normal
85.85074944825072,120.7025712407477,3.5958135781394702,normal
84.55507495285602,-11.293615035913374,3.5958135781394702,normal
85.05610550622474,41.38305840438319,3.5958135781394702,normal
85.72470515619891,55.756500505312516,3.5958135781394702,normal
85.3279432908292,-48.652659130549296,3.5958135781394702,normal
84.86703640263066,-3.5496311935777034,3.5958135781394702,normal
83.83224450670498,-14.120224086217188,3.5958135781394702,normal
82.8878238521318,-26.360315860665793,3.5958135781394702,normal
82.97720606644712,-48.43698881422124,3.5958135781394702,normal
83.60576614122179,10.288069357237337,3.5958135781394702,normal
82.6995481131604,-138.7126452998032,3.5958135781394702,normal
82.40607138156686,33.52002088424435,3.5958135781394702,normal
82.37599200196743,-9.835665381585278,3.5958135781394702,normal
81.7066897308556,21.7373699718164,2.1998815727063317,normal
81.29339565292022,20.076113267701345,1.7930160648026003,normal
83.39034289892834,152.76006348305614,2.0969472460081136,normal
82.7226860024126,0.45148817813049735,2.0969472460081136,normal
81.70348824153251,41.013076205671794,2.0969472460081136,normal
82.4988312282242,24.9096925865102,2.0969472460081136,normal
82.00188177193488,-35.80585149806529,2.0969472460081136,normal
79.85344125163232,-201.58947153526708,2.1484405203025574,normal
79.05856566344836,-73.48542472524821,2.1484405203025574,normal
79.35410726179785,28.975833582249365,2.1484405203025574,normal
80.02497601504534,30.206665451229867,2.1484405203025574,normal
80.22892669997512,-1.160773358580944,2.1484405203025574,normal
80.14212371483468,10.97033851080168,2.1484405203025574,normal
82.88572594275126,236.34719276990364,2.7436022279165826,normal
82.72335304791177,5.955431282723376,2.7436022279165826,normal
82.18521593100871,-14.33406280750212,2.7436022279165826,normal
82.90764700596121,5.285525395700133,2.7436022279165826,normal
82.59126893791897,-19.073772880350777,2.7436022279165826,normal
82.67244035509577,-2.1054185020730496,2.7436022279165826,normal
82.83941698208463,17.485779977960753,2.7436022279165826,normal
82.70674882361818,20.191045856657485,2.7436022279165826,normal
82.14997667673373,31.027677929310986,2.7436022279165826,normal
82.39626608925305,3.2716866457833707,2.7436022279165826,normal
82.44621880653087,11.173187661827857,2.7436022279165826,normal
82.61119317861957,-11.12327669690268,2.7436022279165826,normal
82.33060664166356,-1.2399898441961328,2.7436022279165826,normal
82.35744229533731,-0.1355380331913055,2.7436022279165826,normal
81.96902836401387,-14.783719390589491,2.7436022279165826,normal
82.27771268471389,9.289850058733803,2.7436022279165826,normal
82.6118061929044,-4.58997717807313,2.7436022279165826,normal
82.87307177741242,13.50618184800928,2.7436022279165826,normal
82.40079826880515,-7.073162157790865,2.7436022279165826,normal
81.56854427209689,17.125871551986542,2.7436022279165826,normal
81.79180847967999,-3.5395574208405116,2.7436022279165826,normal
81.86710274775018,17.40839508738869,2.7436022279165826,normal
82.07669022090357,1.2830323277095879,2.7436022279165826,normal
81.99354052200806,-4.477334082920896,2.7436022279165826,normal
82.17395240674533,-28.5728826727617,2.7436022279165826,normal
82.38287962921453,13.182905322897586,2.7436022279165826,normal
82.45652715863423,1.0994149246362315,2.7436022279165826,normal
82.11302174279196,-3.558789168793332,2.7436022279165826,normal
82.32572790650386,-5.489290344247872,2.7436022279165826,normal
80.53775526076792,-207.9954751985994,2.7436022279165826,normal
82.68704289375567,194.73197969380428,2.1492876329877504,normal
82.57511914485139,38.82157273657183,2.1492876329877504,normal
82.25436173531725,3.927855569983171,2.1492876329877504,normal
81.55986106700202,-11.267056907788051,2.1492876329877504,normal
81.33510154227459,-5.530043333957421,2.1492876329877504,normal
81.86885935873701,-24.98295638823523,2.1492876329877504,normal
81.88282968580957,32.58865480481491,2.1492876329877504,normal
81.21844869936062,10.66812532868593,2.1492876329877504,normal
79.34950643227141,-184.47504745230006,2.1492876329877504,normal
80.35463385039532,178.74307076483802,2.1492876329877504,normal
80.24516245685615,-1.9987280908109746,2.1492876329877504,normal
77.8870106041967,-230.55385764849692,2.3581518526594465,normal
78.20198813879468,25.347901700578035,2.3581518526594465,normal
0.9362567354368672,0.0,0.0,normal
1.3050077159356672,-106.06170230916733,0.36875098049880006,normal
1.5145586247054854,-91.68613949175844,0.36875098049880006,normal
1.3073958814382463,18.434394422101203,0.36875098049880006,normal
1.5015202077046796,-22.80230898405516,0.36875098049880006,normal
1.405722034379231,-18.224218011163277,0.36875098049880006,normal
1.4464440262371039,83.50963604532475,0.36875098049880006,normal
1.2410072735249986,5.876926244406967,0.36875098049880006,normal
1.2633695564458631,25.52223900795772,0.36875098049880006,normal
1.0941763639423296,36.68425487120026,0.36875098049880006,normal
1.0239390340482546,25.393568917601385,0.36875098049880006,normal
0.845917730923127,31.60567845788321,0.36875098049880006,normal
0.8339011117077137,-22.485441715277286,0.36875098049880006,normal
1.3861640177057195,3.4381472364431582,0.5522629059980058,normal
1.2776867876032296,-12.829003279407067,0.5522629059980058,normal
1.4458367031967818,-39.22285622684265,0.5522629059980058,normal
1.5711071666514873,46.43181554187799,0.5522629059980058,normal
1.2820155360130217,-55.284180388190485,0.5522629059980058,normal
1.5975422618648787,41.98514206340699,0.5522629059980058,normal
2.0594266584218337,1.1426911405132718,0.5522629059980058,normal
1.8375395174871696,28.97160481099778,0.5522629059980058,normal
1.5487881948960482,-3.667326525494207,0.5522629059980058,normal
1.6751847207192998,5.94973245211749,0.5522629059980058,normal
0.9900081589947514,10.70594678852757,0.6851765617245484,normal
0.7815365629301945,-36.68104956645829,0.6851765617245484,normal
1.0868186191976406,-28.742425521946732,0.6851765617245484,normal
0.8695494447253842,-51.597850984583154,0.6851765617245484,normal
0.39590478561737974,62.27174472569099,0.6851765617245484,normal
0.326341152563079,1.184360102158917,0.6851765617245484,normal
0.2600125399726571,12.049885276768986,0.6851765617245484,normal
0.0806126042511088,-140.9443469650402,0.6851765617245484,normal
1.062667098264633,35.78928799717374,0.9820544940135241,normal
1.5059725616049602,47.659905158730965,0.9820544940135241,normal
1.345872613638644,35.65214674428505,0.9820544940135241,normal
1.504288257916856,-44.8564082611984,0.9820544940135241,normal
1.5894174502574492,37.456046462999545,0.9820544940135241,normal
2.108024070208993,-35.340545333297555,0.9820544940135241,normal
1.9402698960828524,5.393383129046512,0.9820544940135241,normal
2.0235641994114326,40.95852874462087,0.9820544940135241,normal
2.3744698817657417,13.033226981538471,0.9820544940135241,normal
2.679864008052788,-5.996438321214807,0.9820544940135241,normal
1.9594108272685986,40.80558991836103,0.9820544940135241,normal
2.0884742065650497,-89.57979637560494,0.9820544940135241,normal
2.048110506446075,-80.3405054568686,0.9820544940135241,normal
2.129366368605127,27.92118065698558,0.9820544940135241,normal
1.0539498313640427,-50.88329697746195,1.0754165372410842,normal
0.2536781444764521,-4.043262981659864,1.0754165372410842,normal
0.8008069843286534,-60.22492869760271,1.0754165372410842,normal
0.474337456827462,-20.88874205309745,1.0754165372410842,normal
1.0912522253684018,86.11394614817759,1.0754165372410842,normal
1.4634508261671595,-79.45675714943897,1.0754165372410842,normal
1.2796700539854513,13.70725677870759,1.0754165372410842,normal
1.1266144366903368,-64.27162593434325,1.0754165372410842,normal
1.5070854335113801,-92.73656364577063,1.0754165372410842,normal
1.1834648233685983,33.63669691260035,1.0754165372410842,normal
2.2494803078591423,-63.423822830091474,1.0754165372410842,normal
2.170218056924018,-22.406453848421528,1.0754165372410842,normal
1.8641612952695232,-36.24810447595326,1.0754165372410842,normal
1.99627065537676,-35.32932676670065,1.0754165372410842,normal
2.4241017171246066,-23.97018466182679,1.0754165372410842,normal
1.84770066400253,47.15804601627352,1.0754165372410842,normal
1.7740603627095597,42.49455656704194,1.0754165372410842,normal
1.1734055125213254,-0.32717003401992895,1.0754165372410842,normal
1.2325637193365928,-37.91280238873066,1.0754165372410842,normal
1.0822264108674675,-24.765558138513445,1.0754165372410842,normal
1.881691629094027,-105.71003458890519,1.0754165372410842,normal
1.8012226679354013,-56.266377341266406,1.0754165372410842,normal
3.293318024729438,-75.83522069168724,1.4920953567940365,normal
2.801171075931988,-123.41934328830442,1.4920953567940365,normal
2.4557620448538247,22.64570695237592,1.4920953567940365,normal
0.07378363089889826,-101.66906111063244,2.3819784139549265,normal
1.8409147512201385,126.91495705976438,2.3819784139549265,normal
0.47539278196658086,-64.39388541521565,2.3819784139549265,normal
0.7419293104246771,63.19258298799201,2.3819784139549265,normal
0.42641341431494884,-34.13466389929968,2.3819784139549265,normal
0.11614736308597666,19.879300009714758,2.3819784139549265,normal
1.023159897249803,65.36532170237209,2.3819784139549265,normal
0.13721824609725553,91.88853159118014,2.3819784139549265,normal
1.0035220640498075,23.238001478624735,2.3819784139549265,normal
1.1271182903611554,1.4726085785977487,2.3819784139549265,normal
2.42141500513696,9.417872182931964,2.3819784139549265,normal
2.691204522380942,96.27041212379555,2.3819784139549265,normal
3.9792604903568,64.15028225482571,2.3819784139549265,normal
6.602919432382608,53.4267062902173,2.623658942025808,normal
7.269286484312682,-38.86798320183853,2.623658942025808,normal
6.575754227211002,185.22219772031255,2.623658942025808,normal
8.000610687759515,-70.89286972990404,2.623658942025808,normal
6.393426556304123,-57.19064985864811,2.623658942025808,normal
6.000787497919968,27.87218528450114,2.623658942025808,normal
7.136726126403974,-6.189901357426731,2.623658942025808,normal
6.9148078922764045,198.02487171076768,2.623658942025808,normal
5.6382634214777205,4.789870036200793,2.623658942025808,normal
4.601650506537194,9.166942611703243,2.623658942025808,normal
5.851982542501347,-46.43982880373292,2.623658942025808,normal
4.53102599600279,70.90202774345252,2.623658942025808,normal
5.955470420489718,-38.78487422888595,2.623658942025808,normal
5.505100509077943,-23.871507065841772,2.623658942025808,normal
4.46146377324871,41.35163647618995,2.623658942025808,normal
6.044566391407454,-100.99342866109234,2.623658942025808,normal
5.274617042684606,-85.52874908242886,2.623658942025808,normal
5.1092269397955095,-95.05377002387819,2.623658942025808,normal
3.4550033557552906,-9.18045068168727,2.623658942025808,normal
3.551216621785328,-3.5288115705732435,2.623658942025808,normal
0.18083645177235602,37.50023387837103,3.3703801700129716,normal
0.004295246442716103,6.320860951170188,3.3703801700129716,normal
0.46353563357006566,-6.970850962774511,3.3703801700129716,normal
0.3725149155206946,31.344446121412435,3.3703801700129716,normal
0.7742635370505295,-12.4862646223547,3.3703801700129716,normal
0.5665775484001796,-12.714986010728323,3.3703801700129716,normal
1.1142262955813496,-79.13508192354814,3.3703801700129716,normal
0.9441982304730712,0.09730389395274304,3.3703801700129716,normal
10.410154268708473,-62.17581453377053,9.4659560382354,normal
4.066274592257801,49.611019945237494,9.4659560382354,normal
5.830696577077417,27.069256446636977,9.4659560382354,normal
3.6546096486373223,98.25266415636696,9.4659560382354,normal
2.746739491131018,-1.872813770666913,9.4659560382354,normal
1.3588157418965854,-2.697263940370037,9.4659560382354,normal
5.315167237541124,4.513526977375003,9.4659560382354,normal
3.3544976298493294,4.389664844131628,9.4659560382354,normal
6.856431213061873,19.841981104504647,9.4659560382354,normal
5.30494480334924,32.4665317314416,9.4659560382354,normal
3.3538512143129804,26.73727845550409,9.4659560382354,normal
3.9440341050755086,-0.495219582634784,9.4659560382354,normal
7.390437234320147,2.41634187477,9.4659560382354,normal
7.990661462266337,3.877731886770844,9.4659560382354,normal
8.951509225702244,-14.380141824183147,9.4659560382354,normal
8.704699061557594,-12.051945829817397,9.4659560382354,normal
6.306407456005485,-1.632644865357672,9.4659560382354,normal
8.502189938086747,-8.017840861706027,9.4659560382354,normal
8.316173635258112,-9.68597302956411,9.4659560382354,normal
7.518611889051771,4.05768685299874,9.4659560382354,normal
7.772906283514302,-12.703080593115281,9.4659560382354,normal
7.840432636541644,-6.3895460527838885,9.4659560382354,normal
7.107440599927359,2.423897235947507,9.4659560382354,normal
7.458390213035622,17.413733812121606,9.4659560382354,normal
7.316545513256122,4.267863263936666,9.4659560382354,normal
5.199973181155719,18.678684433507264,9.4659560382354,normal
5.501544459821986,-18.7720961717019,9.4659560382354,normal
5.598281744937068,7.430125342231459,9.4659560382354,normal
4.969205243752854,-11.166136969339366,9.4659560382354,normal
4.88902491745343,-4.840468061056219,9.4659560382354,normal
7.481015318840063,7.116463378195557,6.343879676450672,normal
7.126253791486133,-23.986440135875363,3.956351495644539,normal
6.424558894005791,22.77575074476453,3.956351495644539,normal
4.857272954111195,-20.798077718967367,3.956351495644539,normal
6.064115111756803,19.770548598826398,3.956351495644539,normal
4.508685474973935,-37.570292682017005,3.956351495644539,normal
4.566907983185923,8.627993514374403,3.5019335832125433,normal
4.288325955138391,4.044636683692137,3.5019335832125433,normal
3.7726959107233817,-7.121271335308516,3.446403129244638,normal
5.315920952274397,15.640284488455848,3.446403129244638,normal
4.907748472122035,-1.4952746621302702,3.446403129244638,normal
5.304179236837602,31.03055520703782,3.446403129244638,normal
5.86167139862087,-15.803068179280318,2.5919904013866333,normal
5.961975415804441,-7.50476315265168,2.5919904013866333,normal
5.571859828630964,4.196201807919705,2.5919904013866333,normal
5.319576585020801,24.008877269069174,2.5919904013866333,normal
5.07568241874536,3.451655306427186,2.5919904013866333,normal
4.871049439861506,-10.283991314280733,2.5919904013866333,normal
4.892851161648584,-8.051954462174164,2.5919904013866333,normal
5.086156232373959,-1.9957601025554377,2.5919904013866333,normal
5.183129751174031,5.226936232802643,2.5919904013866333,normal
4.785089802240261,14.784926023026557,2.5919904013866333,normal
4.7843147739701655,3.6082573381064242,2.5919904013866333,normal
4.865693201072553,4.651126130941117,2.5919904013866333,normal
5.113582199956364,-5.112690013785188,2.5919904013866333,normal
5.378491350525569,-8.37683499280697,2.5919904013866333,normal
5.656383971543558,3.0296998321803494,2.5919904013866333,normal
5.471727821636602,-4.922661232653948,2.5919904013866333,normal
5.3060115254706846,-5.737495488131154,2.5919904013866333,normal
6.439190190445564,1.1607782172715464,2.5919904013866333,normal
5.978698753426039,4.902055702169838,1.567285939894596,normal
5.142165818861944,-10.066030591826589,1.567285939894596,normal
5.29901163183379,13.638113776416464,1.567285939894596,normal
5.838138692302006,-4.574656717811196,1.5554296367828684,normal
6.008931346371639,-10.520954914848001,1.5554296367828684,normal
5.371104374689693,-0.6371687926364327,1.5432250415510156,normal
5.947182226554138,5.938055984843161,1.5432250415510156,normal
6.217804944547941,4.8086439639752045,1.5432250415510156,normal
5.684510037898005,16.963846396551865,1.5432250415510156,normal
5.513415203224047,-26.193292450723575,1.1331786649748796,normal
5.853120801211325,15.674398088923985,1.1331786649748796,normal
6.168835409232954,5.823122914809568,1.1331786649748796,normal
5.943391441974157,-10.28467816529687,1.1331786649748796,normal
6.189490055781309,-15.553283359745159,1.1331786649748796,normal
8.897779035979449,-16.63530266049966,2.70828898019814,normal
7.319627701343525,16.05308194915419,2.70828898019814,normal
9.577917182490772,-12.896543629327207,2.70828898019814,normal
8.909906191205723,-7.673957452960097,2.70828898019814,normal
8.95717482682317,-0.6270949777330899,2.70828898019814,normal
9.172139937964923,10.21393251063476,2.70828898019814,normal
9.521697417633533,-1.5204591993886272,2.70828898019814,normal
9.393027711284411,-11.026706213063553,2.70828898019814,normal
9.09749954055846,-11.809716371459745,2.70828898019814,normal
8.841771705450574,21.454478340055633,2.70828898019814,normal
8.777298862298153,6.952305985338812,2.70828898019814,normal
6.170791756533785,16.968883304003537,2.70828898019814,normal
8.620192208889245,-27.96513912201835,2.70828898019814,normal
5.569247194355556,33.819399282892796,3.0509450145336885,normal
7.822486880737648,-19.86373138668232,3.0509450145336885,normal
8.066359878495668,-6.88545248643481,3.0509450145336885,normal
5.165489280338559,12.574868403436373,3.0509450145336885,normal
8.473221154541438,-22.003730202626528,3.3077318742028794,normal
8.085803396859392,-7.323892385068934,3.3077318742028794,normal
8.127868564087024,5.3494246640137435,3.3077318742028794,normal
6.949733916679664,-27.267756390300573,3.3077318742028794,normal
7.857215056504801,-36.80536960037909,3.3077318742028794,normal
7.884321722926893,-37.93409477023091,3.3077318742028794,normal
4.9006819307459475,56.731375479191165,3.3077318742028794,normal
3.606762898650987,26.27319611893418,3.3077318742028794,normal
3.19262717932688,-12.356907680982228,3.3077318742028794,normal
2.752955418342818,4.497271503326427,3.3077318742028794,normal
0.08042281968375439,-55.10582807433357,3.3077318742028794,normal
1.5244358974031098,70.49609879291555,3.3077318742028794,normal
2.6648034056522243,-3.4951558707825297,3.3077318742028794,normal
1.4612405725128759,259.4833848333525,3.3077318742028794,normal
1.7147758628509988,-132.68221609192813,3.3077318742028794,normal
1.97889166543885,-208.97396375900777,3.3077318742028794,normal
3.2879949429708497,-79.25322029832371,3.3077318742028794,normal
2.5667861779689356,83.5345916322444,3.3077318742028794,normal
1.8281810723732406,-2.7915914799195196,3.3077318742028794,normal
1.5362629106542915,-83.9057201312971,3.3077318742028794,normal
0.825084917329487,-56.06558789421569,3.3077318742028794,normal
0.6386683628437912,-111.60779531413498,3.3077318742028794,normal
0.20219628316078717,-68.48179371292441,3.3077318742028794,normal
1.158391384018281,-61.20987305474318,3.3077318742028794,normal
1.4480957085381736,11.903586010331802,3.3077318742028794,normal
1.063859702237014,-31.5701911553828,3.3077318742028794,normal
0.32166937829515424,-6.707100172577899,3.3077318742028794,normal
0.7793265466884106,-39.64206429702494,3.3077318742028794,normal
0.1477554070966513,-0.8143763547997811,3.3077318742028794,normal
1.0709917164930238,-26.802300351698392,3.3077318742028794,normal
1.0464624515180614,-57.48462209355475,2.983639792180946,normal
1.0696417612951215,-19.762306386632755,2.983639792180946,normal
2.3193315772906744,-33.24587868441839,2.983639792180946,normal
3.7317789891581565,-61.93724828083227,2.983639792180946,normal
4.251832270458429,-45.17991508979893,2.983639792180946,normal
4.871026350088041,-14.643205763363621,2.983639792180946,normal
4.2180848512033915,41.97346559613266,2.672532598659064,normal
4.495988537891817,-53.948713062481424,2.672532598659064,normal
2.9369322300459926,-34.6120253555149,2.672532598659064,normal
2.902434437004392,20.72321095820843,2.672532598659064,normal
3.270888736283562,13.0281900740868,1.5590563078458244,normal
2.6591795228504633,14.03648736577593,1.5590563078458244,normal
2.5977179809765096,17.44922111462202,1.5590563078458244,normal
2.6709355658393337,14.54498606805603,1.5590563078458244,normal
2.8623955335542397,34.4171886172707,1.5590563078458244,normal
2.88332302894107,41.03293760470238,1.5590563078458244,normal
2.509493564349654,27.595155374659214,1.5590563078458244,normal
1.9903289084886182,39.59650317962118,1.5590563078458244,normal
1.6459209000214878,24.567745045865987,1.5590563078458244,normal
1.068881646766247,48.17435656981758,1.5590563078458244,normal
0.9187079883853252,49.32116881642768,1.5590563078458244,normal
0.7418696775496151,31.050473886505795,1.5590563078458244,normal
0.6522230824355734,36.73164759131372,1.5590563078458244,normal
1.1489849348492402,30.015618355526033,1.5590563078458244,normal
1.226424687540491,29.685243016764133,1.5590563078458244,normal
1.1301748619102456,30.706361527421155,1.5590563078458244,normal
1.0166314894949904,3.1460066042462165,1.5590563078458244,normal
0.8819297266408563,17.704500742286275,1.5590563078458244,normal
0.4871905609828483,31.375354417138603,1.5590563078458244,normal
0.6676317274712079,-2.8792794596463445,1.5590563078458244,normal
1.2605671197961232,19.970193294183556,1.5590563078458244,normal
1.9718097186952481,0.28481422135814666,1.5590563078458244,normal
3.3408598302175467,7.374948310601785,1.5590563078458244,normal
4.079772135097994,-0.33426749452001137,1.5590563078458244,normal
4.167469365758532,3.331227428264497,1.5590563078458244,normal
4.76060487077522,2.4268735903507674,1.5590563078458244,normal
4.71552974636532,-0.5096434539736612,1.5590563078458244,normal
4.6712872919734885,12.769705141680571,1.5590563078458244,normal
3.1448029238813655,-5.094145036349488,1.526484368092123,normal
3.334171484457221,0.3344964448587237,1.526484368092123,normal
3.5580749402683036,-6.8101278249984505,1.526484368092123,normal
3.5308075691038265,3.5988703742192185,1.526484368092123,normal
3.6829019308115085,-9.722834034096797,1.526484368092123,normal
3.496246850405587,13.584539397157776,1.526484368092123,normal
3.5424487947900207,-4.842986514782055,1.526484368092123,normal
3.8693431527360342,15.221534318950983,1.526484368092123,normal
2.954769706253994,-10.454101415943999,1.526484368092123,normal
2.7359550362519522,31.63177879649642,1.526484368092123,normal
3.185613395346704,5.178398760995628,1.526484368092123,normal
2.997147449772652,50.7505057810088,1.526484368092123,normal
3.082872225679949,29.631439687166733,1.526484368092123,normal
3.086022438375073,4.304037417453215,1.526484368092123,normal
3.7189734053824663,31.736867001965383,1.526484368092123,normal
3.755472346185444,20.58881710938429,1.526484368092123,normal
3.449638098178654,47.897326659975654,1.526484368092123,normal
2.667695290586619,-18.376927887084406,1.526484368092123,normal
1.5243681958987878,1.260600564950125,1.526484368092123,normal
1.397079215581222,-6.771435217756066,1.526484368092123,normal
3.2615516660756505,-60.551182930267785,1.8644724504944286,normal
3.718687098559682,-26.18894239428804,1.8644724504944286,normal
2.3138649659093202,73.25357667236693,1.8644724504944286,normal
7.880709983913679,0.0,0.0,normal
6.936323666227877,46.57144310056019,0.9443863176858018,normal
5.026607428025419,43.43390211241995,1.9097162382024582,normal
5.145635531174607,18.072455884401496,1.9097162382024582,normal
5.026249053031432,29.522397039348046,1.9097162382024582,normal
4.2227268197417525,-29.57001879398415,1.9097162382024582,normal
3.131577263443514,-26.90056760081273,1.9097162382024582,normal
2.8213397292542823,-29.540255197336588,1.9097162382024582,normal
2.505815762734342,-8.230206849910342,1.9097162382024582,normal
2.4056983452960536,-19.834918707424233,1.9097162382024582,normal
1.8912724496899613,-18.14033977983229,1.9097162382024582,normal
1.0226178501333558,-85.18043724566641,1.9097162382024582,normal
0.5482142980722621,2.8070505899805482,1.9097162382024582,normal
0.9681582367957864,4.429166607272843,1.9097162382024582,normal
0.3714544834994867,-51.89981375270466,1.9097162382024582,normal
0.1085179184107877,32.264082192075676,1.9097162382024582,normal
0.07345765927931566,-36.95825928488357,1.9097162382024582,normal
1.3102498321550904,-2.373532357271591,1.9097162382024582,normal
2.0020759119365708,-29.112918634700584,1.9097162382024582,normal
2.2597576187832,12.718900650478314,1.9097162382024582,normal
2.5733658112348,20.074630135808853,1.9097162382024582,normal
3.3830990921395685,-37.79095313878506,1.9097162382024582,normal
4.2448500892998435,-5.035084749794234,1.9097162382024582,normal
3.800319643080002,74.90970689482204,1.9097162382024582,normal
3.6187636718760277,23.280627396238494,1.9097162382024582,normal
3.841390644631478,-28.180745682773193,1.9097162382024582,normal
3.777081646550044,56.27586378749877,1.9097162382024582,normal
4.4079571504471815,63.900038019516,1.9097162382024582,normal
3.565077687408647,69.34116691280606,1.9097162382024582,normal
3.027416085148269,35.76771541898096,1.9097162382024582,normal
2.246575298919593,71.16510301044319,1.9097162382024582,normal
1.113564460234935,84.54818976764909,1.9097162382024582,normal
0.5731044368631046,21.01699139581945,1.2367921728757747,normal
1.0368806304297853,80.96282112533471,1.2367921728757747,normal
2.197792914266835,51.02762589555928,1.2367921728757747,normal
3.4266129390661537,93.86419551833696,1.2367921728757747,normal
3.5084123869159893,66.6560325937088,1.2367921728757747,normal
3.8490941727782944,28.9135025371619,1.2367921728757747,normal
3.741756136875397,-106.70340978449445,1.2367921728757747,normal
3.393482738380624,24.656277938214604,1.2367921728757747,normal
5.069870741123898,146.80653648130843,1.6763880027432743,normal
6.517026419830868,290.79778014587237,1.6763880027432743,normal
7.61201959593465,16.489261493494478,1.6763880027432743,normal
9.492730179747166,117.0590808611561,1.8807105838125162,normal
13.01995586479554,168.21789553270813,3.527225685048373,normal
14.351566458872826,74.76329289439036,3.527225685048373,normal
15.785483591781484,202.78842751422664,3.527225685048373,normal
20.413833902194003,82.92275396457687,4.62835031041252,normal
26.686594239768784,290.94671260448195,6.2727603375747805,normal
32.20936442179543,150.05958311951557,6.2727603375747805,normal
36.878439598165436,85.39977205788462,6.2727603375747805,normal
36.96904930040035,393.3224954364204,6.2727603375747805,normal
43.532013843873585,361.8403945085737,6.562964543473235,normal
46.361830074413106,235.70662198031843,6.562964543473235,normal
53.57449155794902,119.8465561625723,7.212661483535911,normal
59.193711028779035,215.1182263762239,7.212661483535911,normal
64.06213649906513,205.89105351399186,7.212661483535911,normal
68.59124332830964,232.07683689377615,7.212661483535911,normal
71.87600108609958,211.23728232412486,7.212661483535911,normal
73.86823810863979,238.18570063031714,7.212661483535911,normal
74.85464255850266,235.75538848867174,7.212661483535911,normal
71.3699109898711,193.0878989899266,7.212661483535911,normal
73.8314502717756,97.15433217698182,7.212661483535911,normal
80.30417375145426,26.66474833506664,7.212661483535911,normal
80.91027468224033,103.10842521095549,7.212661483535911,normal
79.72725161995251,67.81063119289088,7.212661483535911,normal
81.02777901064614,46.99465854981422,7.212661483535911,normal
78.83780974780895,39.343811556185905,7.212661483535911,normal
76.1535126590825,-19.967481187877617,7.212661483535911,normal
76.24692673292542,-90.63381500373065,7.212661483535911,normal
77.56182114711486,-105.36862695022289,7.212661483535911,normal
75.97583244326597,-72.2637231528535,7.212661483535911,normal
80.71426021661864,-97.61360736832809,7.212661483535911,normal
81.76198823185794,-53.20792382536515,7.212661483535911,normal
80.59369894355274,17.294481258182834,7.212661483535911,normal
75.4142643492926,-44.23992320471036,7.212661483535911,normal
76.55524531913765,-84.9814790496146,7.212661483535911,normal
75.04308779677429,-104.20143606015145,7.212661483535911,normal
76.7447485928972,12.195977152454942,7.212661483535911,normal
71.10827972727043,90.51201320821907,7.212661483535911,normal
68.29298260857988,74.47195307335939,7.212661483535911,normal
63.58106767322965,44.8370267436092,7.212661483535911,normal
56.18152691046416,100.74336403119128,7.39954076276549,normal
54.12744862051205,142.82954759233513,7.39954076276549,normal
50.2907776325524,167.50311131167967,7.39954076276549,normal
47.52874764847652,164.92169167936203,7.39954076276549,normal
42.77759291069504,210.3688721542463,7.39954076276549,normal
38.670883455627084,156.3005514350231,7.39954076276549,normal
36.189240506031844,89.34276176145666,7.39954076276549,normal
37.853672754463574,200.70051120939996,7.39954076276549,normal
36.38807661757604,58.570637089026036,7.39954076276549,normal
35.63956874910649,86.31878034206404,7.39954076276549,normal
33.634078695937845,86.17980724079426,7.39954076276549,normal
33.974742688893855,41.78076326939115,7.39954076276549,normal
32.555024967216596,54.86369560194353,7.39954076276549,normal
31.012765281614538,131.2705114081381,7.39954076276549,normal
31.219393489834683,-21.270897770297523,7.39954076276549,normal
33.17766845119698,-48.61013499554667,7.39954076276549,normal
34.80206662993492,-39.765309874864116,7.39954076276549,normal
33.65661847438502,29.615007615070663,7.39954076276549,normal
33.41381963558422,44.70217475572139,7.39954076276549,normal
34.013651571747246,31.421200030090976,7.39954076276549,normal
33.713759858930764,37.52662950548034,7.39954076276549,normal
32.72687085531378,91.96333197090304,7.39954076276549,normal
32.2535517932508,102.5062847557009,7.39954076276549,normal
30.898130153407035,42.46418123856794,7.39954076276549,normal
29.596875476394555,42.90605617341256,7.39954076276549,normal
30.301931773293227,-21.824729618685677,7.39954076276549,normal
37.78373336988042,52.075991349783905,7.4818015965871965,normal
37.210746864007525,2.615762243834082,7.4818015965871965,normal
39.37140063477319,28.57992130396573,7.4818015965871965,normal
45.649691278727246,25.600356328801023,7.4818015965871965,normal
48.493561398447255,155.96078853175396,7.4818015965871965,normal
51.540575040439975,120.85645789189853,7.4818015965871965,normal
50.6756006304475,74.13310597306403,7.4818015965871965,normal
54.78058751487854,18.343304613894336,7.4818015965871965,normal
55.82118634691813,114.54863595930573,7.4818015965871965,normal
57.66179910766876,39.60779176337547,7.4818015965871965,normal
57.89155240490286,90.91725602411285,7.4818015965871965,normal
59.743185194002535,29.51770354910747,7.4818015965871965,normal
63.64787677475986,24.622278752813347,7.4818015965871965,normal
65.84027288884737,2.554632395334852,7.4818015965871965,normal
68.2107897479363,-6.50884068533559,7.4818015965871965,normal
68.83144093089797,73.45930393511185,7.4818015965871965,normal
69.67163202078736,115.32111576768176,7.4818015965871965,normal
73.26404588004128,41.96140540596753,7.4818015965871965,normal
74.4148697342959,-99.45368449337795,7.4818015965871965,normal
76.0635923347895,57.195558923908536,7.4818015965871965,normal
76.23867392594548,37.872574078822424,7.4818015965871965,normal
77.04929771236398,78.49026757152411,7.4818015965871965,normal
78.23150399933691,-16.797887095655383,7.4818015965871965,normal
80.54067656569744,20.22779818317209,7.4818015965871965,normal
81.320312035324,-41.55616259007376,7.4818015965871965,normal
80.32344132688822,0.6291566429808365,7.4818015965871965,normal
79.30440714928295,57.92545389400421,7.4818015965871965,normal
79.91193394802255,32.861300206346236,7.4818015965871965,normal
80.12666125226923,14.800978711347211,7.4818015965871965,normal
82.51922104915509,-149.14973286507384,7.4818015965871965,normal
82.76805117322242,46.68786455360086,6.278290643954058,normal
82.62207773362526,104.68429317807234,6.278290643954058,normal
82.94030659365211,28.691420316022377,6.278290643954058,normal
83.22050508817892,52.272431087657836,4.104986884431042,normal
83.36549692306279,14.63773683127249,4.104986884431042,normal
82.42585864496021,-8.83910135209649,4.104986884431042,normal
82.9773112860817,-29.59669155559524,4.104986884431042,normal
82.68101855578064,-17.33981350538451,3.904691580757323,normal
82.63794192498938,24.25229435140977,3.904691580757323,normal
84.08815383482076,-36.525427904404935,3.904691580757323,normal
84.63233160291425,34.80097090479371,3.904691580757323,normal
84.5234801235282,27.505684415732073,3.904691580757323,normal
83.47301169019893,133.33953927663075,3.5924138592539236,normal
83.40611514191399,57.53349022123012,3.5924138592539236,normal
81.75292545394299,72.26830216772235,3.5924138592539236,normal
81.3573218229316,24.744080548324924,3.5924138592539236,normal
81.6056478754191,38.64871709909354,3.5924138592539236,normal
80.68316881525574,32.999586455385696,2.3925597968858625,normal
80.74649789225008,24.839324057597132,2.3925597968858625,normal
83.52455159469221,-51.654493031105694,2.7780537024421363,normal
81.2732165678694,150.26266242894934,2.7780537024421363,normal
82.8593672088665,-5.004863251659784,2.7780537024421363,normal
83.30231783328837,-4.62709452497915,2.7780537024421363,normal
82.58674191627263,61.443053116259506,2.7780537024421363,normal
81.35980079796309,85.4718915420691,2.7780537024421363,normal
82.65410893994681,6.550280769898738,2.7780537024421363,normal
81.65491171628999,38.37077089655397,2.7780537024421363,normal
82.41098586576794,-41.273866323408775,2.7780537024421363,normal
84.57822761913702,-174.83777732861347,2.7780537024421363,normal
84.78895301355094,-37.31897118117771,2.7780537024421363,normal
84.74508621095794,-30.72290026259041,2.7780537024421363,normal
85.05288128024682,-1.2693029216469278,2.7780537024421363,normal
85.38746582095318,-4.767670281453035,2.7780537024421363,normal
85.63729957169969,-24.68272174908225,2.7780537024421363,normal
84.88193827616688,49.34987484761039,2.7780537024421363,normal
84.52985215706484,23.061292584020283,2.7780537024421363,normal
84.79362837659573,-12.728745532446355,2.7780537024421363,normal
84.51527581026258,4.4105071216822544,2.7780537024421363,normal
84.54677566891833,21.195344024961397,2.7780537024421363,normal
84.32903752663974,-5.719189571201345,2.7780537024421363,normal
85.05850651338692,3.2973486070633213,2.7780537024421363,normal
84.31937878854713,28.524515224052568,2.7780537024421363,normal
83.92175536865524,3.364660125635507,2.7780537024421363,normal
84.34987920260411,1.29311379896498,2.7780537024421363,normal
84.38494017858187,33.65575928609278,2.7780537024421363,normal
84.35984881931755,6.714667403690674,2.7780537024421363,normal
84.46404163774449,26.658108763506796,2.7780537024421363,normal
84.74354057726198,16.701956734152848,2.7780537024421363,normal
84.62115594180727,15.26964088317464,2.7780537024421363,normal
84.34053524677313,-3.409992372837183,2.251335026822815,normal
84.68536697362926,4.079444346663954,2.1672417533690833,normal
84.43691969271852,-2.0161402467573675,2.1672417533690833,normal
84.19949931393339,-8.671280457152912,2.1672417533690833,normal
84.07841392404009,15.793480184171784,2.1672417533690833,normal
83.96977065298276,6.923470481710515,2.1672417533690833,normal
83.81413850600777,5.487033517350338,2.1672417533690833,normal
84.09508763726478,-3.7973770307424144,2.1672417533690833,normal
84.11844866147109,-3.8917047370408513,2.1672417533690833,normal
84.34428375193086,2.610038475248012,0.7553612955328077,normal
84.14085043356584,23.984879883068572,0.7553612955328077,normal
84.2025873827477,-1.0110464830434402,0.7553612955328077,normal
84.04610875974348,9.96988907396052,0.7553612955328077,normal
84.07901979240555,-12.967312207113762,0.7553612955328077,normal
84.0767082968368,5.019974000727009,0.7553612955328077,normal
84.13836424494538,-1.0966740610910506,0.7391277248397898,normal
84.22637185124441,14.47472390194121,0.7391277248397898,normal
84.34091854039345,15.232550862736904,0.7391277248397898,normal
84.43869443408424,-8.058150366213072,0.7391277248397898,normal
84.18643826784144,-1.6956092059374364,0.7391277248397898,normal
84.11615633008576,-6.055289262575387,0.7391277248397898,normal
83.97626184436157,-6.3414776918788975,0.7391277248397898,normal
84.15753015624996,9.58754133241103,0.42812383394887377,normal
83.79997713741642,-5.271819818514098,0.42812383394887377,normal
83.73796710570515,-14.846082007805444,0.35755301883354207,normal
83.72928284799777,-6.768241877656291,0.35755301883354207,normal
83.73087486180157,2.2890495329411946,0.35755301883354207,normal
83.8765482449418,-5.915171407588389,0.35755301883354207,normal
84.00170845692892,-1.9515761371064957,0.35755301883354207,normal
83.88646829387369,-1.4735269847979127,0.35755301883354207,normal
84.07845343822926,1.5000852710372783,0.35755301883354207,normal
84.15564372065305,4.531851015706942,0.35755301883354207,normal
83.97362237544657,2.892105791169551,0.35755301883354207,normal
84.06175301156526,-11.117848101582759,0.35755301883354207,normal
84.16007798867302,9.924098925271958,0.35755301883354207,normal
83.8042949272763,14.194488191967213,0.35755301883354207,normal
83.63690963454924,-25.979040858455427,0.35755301883354207,normal
83.43173085194105,-25.94103503504392,0.35755301883354207,normal
83.97890644997094,-25.522970977517357,0.5471755980298809,normal
84.4408945754645,-50.36916355741777,0.5471755980298809,normal
85.60434874402861,-60.59456166106046,1.1634541685641153,normal
86.24210450269443,-37.81533639296172,1.1634541685641153,normal
86.21419543566967,-27.221785493862992,1.1634541685641153,normal
86.02733957662778,28.331738698073725,1.1634541685641153,normal
85.8505027708944,1.7578838081538801,1.1634541685641153,normal
85.91839652250265,8.990895694999072,1.1634541685641153,normal
86.02636957565485,-17.27204408532544,1.1634541685641153,normal
87.16338363249653,-11.677861620043867,1.1634541685641153,normal
87.1153517974279,-96.08146899320883,1.1634541685641153,normal
87.1476509616928,-80.12268637227133,1.1634541685641153,normal
87.45502136245443,-44.68981141557548,1.1634541685641153,normal
87.07510910747898,-39.173014301577574,1.1634541685641153,normal
87.32558590106754,-77.52226382824792,1.1634541685641153,normal
86.11913228936824,-108.24379038637767,1.2064536116993025,normal
86.38691826156615,-18.06558736209821,1.2064536116993025,normal
84.98576975111462,40.88007104468715,1.4011485104515344,normal
85.17617912896061,-46.78791602848537,1.4011485104515344,normal
84.3465834092228,2.3824614362658605,1.4011485104515344,normal
83.61768743057623,3.8243932184686655,1.4011485104515344,normal
83.69446856048941,-36.34043570370315,1.4011485104515344,normal
81.6166084019368,-38.55507624502543,2.0778601585526104,normal
79.18819090462674,58.20065268762246,2.4284174973100647,normal
79.00937554225094,-5.821072652033394,2.4284174973100647,normal
77.05861382010752,-54.70594853971144,2.4284174973100647,normal
78.6527690603902,-95.32409993390002,2.4284174973100647,normal
76.98339681875778,26.600871077646094,2.4284174973100647,normal
73.5693984939753,-20.361276466599247,3.413998324782483,normal
72.58328435913381,-4.258941729523115,3.413998324782483,normal
74.817931389779,-90.01221373528342,3.413998324782483,normal
75.25815387003254,-87.54000360758799,3.413998324782483,normal
74.27756048543331,-26.529667396435382,3.413998324782483,normal
73.72945588272471,1.3521830907732244,3.413998324782483,normal
73.10514804854421,20.727826606851185,3.413998324782483,normal
72.42108969532457,-3.199128738126357,3.413998324782483,normal
72.16589616972641,1.7695602960694634,3.413998324782483,normal
72.10167478791791,-12.28068892752878,3.413998324782483,normal
72.78378003253505,-25.70361311409373,3.413998324782483,normal
72.93958905212598,-15.878191959245623,3.413998324782483,normal
72.00162794083657,29.284173790795805,3.413998324782483,normal
71.53115435250287,-6.695206590498036,3.413998324782483,normal
71.89027367640644,-31.016644066427535,3.413998324782483,normal
72.18812067075567,-18.391842171504212,3.413998324782483,normal
72.75480230740743,-45.87051039951003,3.413998324782483,normal
72.07136622513565,2.437638565435577,3.413998324782483,normal
70.07080678481046,42.40465404527281,3.413998324782483,normal
69.35184342089921,34.6864955330723,3.413998324782483,normal
68.41224515998063,-3.9814534284704317,3.413998324782483,normal
67.38804215729216,0.37090020437734905,3.413998324782483,normal
64.563172527666,48.65981730687376,3.413998324782483,normal
65.44096846057077,-8.05471610506143,3.413998324782483,normal
64.94393763867296,4.823992164339965,3.413998324782483,normal
65.10112252801926,-42.99946807673722,3.413998324782483,normal
65.30241871097068,-55.30854689645291,3.413998324782483,normal
64.0136935268935,43.60733230057788,3.413998324782483,normal
63.6580446029884,-30.591940437341126,3.413998324782483,normal
64.89630106622072,-84.31042442058373,3.413998324782483,normal
64.7168883087017,-41.031636436846284,2.824869629626164,normal
62.817516621325055,-57.83364464588364,2.824869629626164,normal
61.75260073253946,-16.462703207255114,2.824869629626164,normal
62.3428628822146,-64.18336456452649,2.824869629626164,normal
58.36193119771204,20.927013753646428,3.9809316845025577,normal
57.59630426743724,-62.78790978324256,3.9809316845025577,normal
55.06410101140238,-19.98946045924813,3.9809316845025577,normal
53.330086827745895,-172.79347614041265,3.9809316845025577,normal
53.39316782186606,-112.29965280646702,3.9809316845025577,normal
51.77740211155991,-47.602980675141765,3.9809316845025577,normal
47.27186693952956,-30.743734780243706,4.505535172030349,normal
45.40127990200678,-34.507227100956584,4.505535172030349,normal
43.098249266946404,4.092494539040194,4.505535172030349,normal
39.44525282379377,-64.32073501059216,4.505535172030349,normal
38.435820964285064,-43.337628324802246,4.505535172030349,normal
34.273449967216585,-22.07428592903834,4.505535172030349,normal
33.41037246312801,-10.55050815933148,4.505535172030349,normal
30.8934670828158,-78.9630508567335,4.505535172030349,normal
30.48967354920164,-61.30614057168071,4.505535172030349,normal
29.76544702500714,-26.210510060076107,4.505535172030349,normal
28.946151613707787,2.031479946568036,4.505535172030349,normal
26.349049073750688,22.190135005220398,4.505535172030349,normal
25.954004972424606,50.887508040572285,4.505535172030349,normal
24.870134304564584,35.15263924672186,4.505535172030349,normal
24.87219918214952,31.693193513301033,4.505535172030349,normal
25.9334219407676,-44.209014854345575,4.505535172030349,normal
25.204624794395478,-14.8586742986948,4.505535172030349,normal
22.060260077801427,52.18474295291924,4.505535172030349,normal
23.55918257530281,-133.22620865862655,4.505535172030349,normal
26.28468938866635,52.900442976921454,4.505535172030349,normal
27.46616702734805,-149.48125354157904,4.505535172030349,normal
28.83785588598757,-78.53079185311348,4.505535172030349,normal
33.76219172296081,-274.15157291774784,4.924335836973238,normal
47.95260995693496,-165.45606271455753,14.19041823397415,normal
45.14366515504085,-15.254301183363971,14.19041823397415,normal
46.600843099531005,-19.313368913861517,14.19041823397415,normal
47.56420225477918,-182.85219810282896,14.19041823397415,normal
51.764642020758316,-179.47151142515247,14.19041823397415,normal
53.10315951911522,44.53389595929092,14.19041823397415,normal
61.50935092869248,-283.68737138214084,14.19041823397415,normal
61.521916095333076,-75.46170713726265,14.19041823397415,normal
63.16356259849676,-35.20690057291781,14.19041823397415,normal
68.72817209091079,-76.59203695763979,14.19041823397415,normal
71.5866928038455,-26.43648444385416,14.19041823397415,normal
71.2997937055529,-4.864974347416228,14.19041823397415,normal
75.03456218583851,113.28620155996208,14.19041823397415,normal
73.31339653517031,97.207677700204,14.19041823397415,normal
70.74281387977247,99.73872816896424,14.19041823397415,normal
68.29572677525786,15.887121038239894,14.19041823397415,normal
69.0426573316936,-47.55970898463107,14.19041823397415,normal
70.01147953441176,-54.67069012522125,14.19041823397415,normal
69.07143868287251,-162.79496822352178,14.19041823397415,normal
70.35333339068701,-242.48791405035095,14.19041823397415,normal
68.11544156984814,-222.4629662258692,14.19041823397415,normal
67.10180063850181,-281.3600870750447,14.19041823397415,normal
65.52371488375371,-270.03229114172484,14.19041823397415,normal
61.95585623862141,-194.32537775823496,14.19041823397415,normal
56.183811044316336,-287.88289375573027,14.19041823397415,normal
50.8125283841161,-253.4040565469606,14.19041823397415,normal
46.76920386004345,-174.5694470572985,14.19041823397415,normal
41.35221445840783,-398.9008803004045,14.19041823397415,normal
36.977374232191444,-174.58501570785262,14.19041823397415,normal
33.43249892120425,-256.85938116699947,14.19041823397415,normal
29.383470067500355,-233.96865688684406,8.406191409577254,normal
25.548873339198416,-311.47832842420263,8.406191409577254,normal
24.00066655623465,-218.57252071791729,8.406191409577254,normal
23.452393286010455,-182.61145639609887,8.406191409577254,normal
22.03154979857403,-162.87120882108823,8.406191409577254,normal
20.854526236413708,-99.41201545807135,8.406191409577254,normal
17.294473846761452,79.94158633420807,5.772045194305072,normal
15.789773567988217,-5.040808518380305,5.772045194305072,normal
13.481834652491802,16.690280246237265,5.772045194305072,normal
11.600631802289463,38.460519587983555,5.772045194305072,normal
9.794432567475829,72.98388771635285,5.772045194305072,normal
6.677279409873177,127.1812221795061,5.772045194305072,normal
5.6309052858775495,44.50081257686344,5.772045194305072,normal
1.9376979891909192,-22.18452571200605,5.772045194305072,normal
1.041472579458586,-172.06552725163624,5.772045194305072,normal
1.9953060874776627,-146.0211209559279,5.772045194305072,normal
3.3059404822682876,-6.527385695554457,5.772045194305072,normal
3.628329207181099,-16.153619703607323,5.772045194305072,normal
2.693926270151894,-156.42040714921538,5.772045194305072,normal
3.359159930209131,-52.62444285570115,5.772045194305072,normal
4.218071453567913,98.44962100800952,5.772045194305072,normal
4.4010340666864725,-22.335747678050023,5.772045194305072,normal
4.785134974560655,-3.140631823176719,5.772045194305072,normal
4.249601999154781,15.284064780011537,5.772045194305072,normal
3.64150372096146,26.134498413253095,5.416989401635618,normal
3.442986593576521,94.3554093383935,5.416989401635618,normal
3.4873609094579776,65.733475573006,5.416989401635618,normal
4.341805932013569,112.7488541651018,4.374840226216385,normal
4.321372772484095,-68.10609212730382,4.049028853703895,normal
4.624767545844336,53.582830667752745,4.049028853703895,normal
5.000448224156321,-13.41307930459691,3.834596728301939,normal
4.681184577494847,-53.43183765245221,3.69320729668663,normal
4.089968480907436,8.29946444980179,3.69320729668663,normal
3.1093405201402087,25.502594361350944,3.69320729668663,normal
2.0674986216987232,-71.27786125158877,3.69320729668663,normal
0.9265617316917564,14.395392469338278,3.69320729668663,normal
0.2129586572807484,-15.847398084252566,3.69320729668663,normal
0.13032734640716495,19.469284370146067,3.69320729668663,normal
0.1333855885801844,49.7981604032714,3.69320729668663,normal
0.12622335939239213,27.936226288776272,3.69320729668663,normal
0.10737076477190347,56.25571612207581,3.69320729668663,normal
0.1122180419860464,14.066848152497847,3.69320729668663,normal
0.3094278404004266,-3.818554974510874,3.69320729668663,normal
0.3861076184497577,43.23482944099643,1.310634394790625,normal
0.26275468012941133,-23.380793346494723,1.310634394790625,normal
0.16966785387257596,17.389152390596436,1.310634394790625,normal
0.36366974499431004,-39.68345998408331,1.1409368900069667,normal
0.2569891948648484,-8.10039177837827,1.1409368900069667,normal
0.35258098886704015,-7.798749173892371,1.1409368900069667,normal
0.7731116413954254,-9.951000637626487,1.1409368900069667,normal
1.090234684270201,37.43150047157985,1.1409368900069667,normal
1.3737347657465964,42.875605724534665,1.1409368900069667,normal
1.6896231948773583,50.15051559742989,1.1409368900069667,normal
1.6028124711732386,52.22297772707419,1.1409368900069667,normal
1.5857702346094187,83.1700207674951,1.1409368900069667,normal
1.793359210907982,41.084409583209855,1.1409368900069667,normal
2.01860725784861,20.749920353593414,1.1409368900069667,normal
2.1244399006299326,11.575749588468375,1.1409368900069667,normal
2.212488796924732,-12.412335605008396,1.1409368900069667,normal
2.058577977590654,21.97915689513785,1.1409368900069667,normal
2.092022835050654,19.938976820318988,1.1409368900069667,normal
2.092296596362741,23.390752703834483,1.1409368900069667,normal
2.0752811964835254,18.387148681263636,1.1409368900069667,normal
1.7989365186222745,56.79890176089387,1.1409368900069667,normal
1.6577193723428458,44.534124910034365,1.1409368900069667,normal
1.50127995275963,-30.72679242522894,0.713603074411008,normal
