sudut,kecepatan,delta_sudut_puncak,label
0.2654522963096487,-179.38705444335938,62.51820924790484,normal
36.25806312292767,-36.63524218766,3.909062461202304,normal
1.6781026506420371,-93.0878448486328,2.3882925767557026,normal
81.72190220187521,-59.07309353599048,5.75382915724046,normal
2.058731570810439,-79.48539733886719,1.9898805895517813,normal
76.38838553103604,-79.24902324684211,2.695279131747625,normal
9.801058377378084,-44.55554646253538,2.9093824691685217,normal
51.65034063127552,89.52919006347656,50.03755208416193,normal
5.150676969332319,-23.407516479492188,2.1062559651575583,normal
2.6221702229573616,-6.5313720703125,15.3024321408965,normal
19.132598605538927,30.810470581054688,4.852344328773569,normal
46.976628206001,135.22865295410156,5.592984754986055,normal
10.04938878514474,35.49727856218541,1.1459763448980027,normal
20.466994443250226,-18.901162281241184,2.199357019505868,normal
59.34444996418381,52.188262939453125,5.025505746764079,fall
80.277176556778,13.754448850215596,2.2851879189527864,normal
1.859950707110461,-12.661628723144531,1.103705911513701,normal
88.54541020022842,-66.34656079391841,1.2377995887367064,normal
1.064583211535569,-27.882957458496094,2.195062570198413,normal
81.26149785490779,-179.4257354736328,56.96384603609644,fall
18.35682757392862,-0.0392532348632812,3.5870467551436445,normal
1.870073423656736,7.398948669433594,1.163607466939237,normal
83.1495515860052,92.35084533691406,6.105657713347583,fall
78.68600536562744,-15.714797973632812,6.33739040024912,fall
50.37382814501137,169.573974609375,7.427901300526258,fall
71.51675095524145,9.912643432617188,43.66478246060224,fall
4.247554430261853,23.475946203846227,5.939677733468814,normal
83.8993322316323,-126.7439787351642,2.952407213378052,normal
64.47507231334895,-2.874031862925998,7.365663028706933,normal
76.34409016566615,-74.381103515625,4.142698743828717,fall
84.76825678547551,-91.3887583464103,1.5768729845789269,normal
4.195251421389723,17.414703369140625,2.561960978387657,normal
87.27658190142319,-30.70102501890437,1.1079960848472865,normal
4.75706540205301,-37.14683532714844,4.822320425576994,normal
24.473567030175666,41.23077392578125,25.095720339330317,normal
82.75014254478013,164.95811462402344,7.443565969485604,fall
84.52222263158941,-141.7357635498047,8.656952983578705,fall
11.453586601183778,-95.05315563421904,1.1854973731183094,normal
85.81326920490345,-22.836685180664062,4.716383931112077,fall
2.011526468801493,-102.16472625732422,3.101239625472119,normal
0.0828222001621722,170.17192840576172,1.5770205341313333,normal
23.21497571175226,-50.98547781439557,2.4861280991613164,normal
5.255747750889809,30.39344787597656,12.266520559042334,normal
6.052772246199968,620.2867126464844,76.69737029858017,fall
77.33565851373622,34.32792663574219,18.2213742865502,normal
2.2240084876679123,10.906105041503906,5.591210019614618,normal
21.859238177383613,163.06262969970703,18.81486926331424,normal
4.026389812458399,-50.70233731900687,5.971416466511721,normal
64.25353943983897,371.0902404785156,6.283606398139348,fall
0.3216693782951542,-6.707100172577899,3.3077318742028794,normal
4.4079571504471815,63.900038019516,1.9097162382024584,normal
1.5141420271633856,30.00732421875,1.2275232585508378,normal
87.95301293522148,53.472747802734375,4.753890298938515,fall
2.833681631161465,86.98542493998694,1.3568386902753415,normal
16.857167576206603,8.878247681809944,3.0400910892950463,normal
87.33528812032574,-52.348231321797584,0.2944982649502776,normal
59.60509275234015,190.1932311755632,7.365663028706933,normal
76.9972186270256,-44.6208489270618,1.718342295235388,normal
44.77040796982634,-230.56079864501956,20.939485944905613,normal
88.34557906985968,21.02136279247828,1.0097207777788242,normal
11.018232525524176,11.728248596191406,2.3990528481022,normal
62.31152346430726,268.5955810546875,6.4504585365000295,fall
64.33226615440583,-197.4389623417368,5.75382915724046,normal
4.566907983185923,8.627993514374403,3.5019335832125438,normal
82.23199400874981,-195.42526245117188,13.100915807619003,fall
85.37578392728993,12.682113647460938,6.909297164945116,fall
87.33250921681605,-68.95042419433594,56.96384603609644,fall
3.606153718270959,-21.29230499267578,2.048110465818001,normal
0.8199570287684873,-14.87079620361328,0.8466583717563787,normal
5.282840394700403,-374.2570495605469,55.53682090937392,normal
65.9517819363592,-13.304443359375,7.770959819671454,normal
2.5780488091325098,-18.73844146728516,1.23613138542122,normal
68.00619085320331,27.644805908203125,4.659345377714004,fall
6.363933471101501,71.1507797241211,1.9875752976005363,normal
3.4149035129616663,22.67292022705078,2.9573117447359736,normal
2.718561848575751,27.784423828125,0.8962376852628582,normal
4.358912688991788,-9.734573364257812,2.09844598588691,normal
11.675546485761307,91.40493392944336,2.321320347605985,normal
84.62115594180727,15.26964088317464,2.7780537024421363,normal
82.44621880653087,11.173187661827855,2.7436022279165826,normal
66.35761459852237,-8.054897100906267,31.87934854198249,normal
2.651717327566785,-3.905343260879011,3.350368159289071,normal
12.641547559893038,-7.80293087352475,32.83876998007711,normal
30.20792528881693,-346.6552734375,47.1274478254786,normal
16.50708090378764,103.29826354980467,7.921166199480561,normal
1.90433091346148,70.85426330566406,3.3264095484902945,normal
1.8289235351522275,-16.172332763671875,3.245219477868557,normal
31.347251096419907,159.50225830078125,5.151073739662099,normal
1.5318440227788932,-11.90826416015625,1.269318708838025,normal
82.80812030273829,-146.19232177734375,12.404824644320705,fall
1.997348964259784,69.28684765418528,3.3143238617521678,normal
80.87007779949678,-70.83147918184385,3.227471664556745,normal
78.25033534630606,25.03692626953125,6.33739040024912,fall
4.260560806844282,-30.51704406738281,2.1062559651575583,normal
9.076895235304589,16.67737641050091,0.9646458147548662,normal
68.09824460551033,38.03306579589844,4.672878618919157,fall
21.18461726029996,1.1094655948807444,5.971416466511721,normal
88.44478364639966,219.1571044921875,8.29161096419827,fall
88.48497875134554,-215.0283050537109,12.404824644320705,fall
3.867850109407384,425.9532165527344,5.782517744399332,fall
3.5875595336378527,-15.260467529296877,1.0089741066543274,normal
1.6329480888285708,7.4631500244140625,0.9392588351035857,normal
0.3156044289898658,-9.710540771484377,2.058179686298101,normal
84.4962671297597,-79.45449829101562,56.96384603609644,fall
53.09206696166226,-40.95726013183594,4.659345377714004,fall
6.1979412322156735,-35.538368225097656,4.222204531224987,normal
27.836460339968568,253.83987345926272,3.612480571979578,normal
2.807650998916981,-23.145103454589844,2.8363558978082346,normal
2.724069445746314,-0.0329642104083574,0.9993430732799792,normal
1.6091781813944428,-44.47734832763672,1.1791484910506829,normal
0.1453971482847848,12.810173034667969,1.5172557398912938,normal
17.955298917737856,55.3289794921875,8.362749014013891,normal
55.30324975147124,235.3466033935547,11.326634477622292,fall
75.28985843756715,347.3442077636719,8.605457471693697,fall
57.144205423707085,-40.19805908203125,4.319885329244123,fall
30.22142748141497,-71.20916108656796,9.471575789495546,normal
82.37149746001445,52.12715148925781,12.404824644320705,fall
28.67454852578805,19.16244506835937,62.019929456871694,normal
43.64990797439863,-169.67784281126004,5.971416466511721,normal
72.12726000437064,-240.21446228027344,25.46107057549876,fall
87.45502136245443,-44.68981141557548,1.163454168564115,normal
2.0850010145957008,18.74187469482422,3.177285685005355,normal
82.64649175788105,19.89692687988281,81.15073438437585,fall
80.30517432581738,86.96365356445312,10.980983693836734,fall
86.06220576577239,33.302764892578125,2.085632004551641,fall
3.375325779404799,-15.924612723461106,0.5811669411444211,normal
1.7250851846872466,42.58380889892578,1.4792112415776344,normal
77.4414026997626,69.67094421386719,20.90493668751464,fall
3.24557184169352,-36.81026458740234,1.1736170916004989,normal
23.364922994712938,50.202369689941406,5.592984754986055,normal
45.51071887514787,-61.96492199186198,2.3148170208276966,normal
77.33453452522137,198.603515625,8.720257569215534,normal
10.636620752262006,13.371505737304688,3.387899840320147,normal
1.843417736568353,-22.743873596191406,0.9392588351035857,normal
86.168151574954,2.4698638916015625,6.704089964898401,fall
0.729582748874998,38.58386993408203,1.8790371609603491,normal
23.30478032399113,-346.951163946454,6.73077817741402,normal
77.0910162311557,-29.14306640625,15.98611265857184,fall
89.86593853455797,148.1421661376953,11.326634477622292,fall
85.44982672495118,-27.82905578613281,56.96384603609644,fall
3.543697922957225,3.757562975457535,7.554301139492004,normal
26.084970644608628,-108.69461059570312,87.00292613304994,normal
20.282607027626508,33.34395832362677,5.051175371605154,normal
16.437617218372694,124.45541381835938,3.822549711520555,normal
89.70442928929774,-12.674558744852138,0.7709555956279672,normal
71.12133885797286,244.7474670410156,5.753365323112689,fall
80.59369894355274,17.294481258182834,7.212661483535911,normal
2.450851399329385,16.613616943359375,0.5645136160008875,normal
5.327646341784437,54.5962142944336,1.0540975901458034,normal
9.23959411180645,151.3751220703125,10.3025293651428,normal
16.75703234585689,272.07000732421875,2.469985729692312,normal
46.98882018734583,288.4723663330078,54.531127701934345,fall
1.8840476715699264,72.19334939456515,1.643019657086933,normal
89.23753386732037,26.19931310528016,2.6510823084528568,normal
6.553079703494648,-7.830865730959311,0.7918601259977338,normal
3.076481962578153,-14.232215881347656,2.556856787639002,normal
85.338219258104,92.552490234375,10.980983693836734,fall
12.67461223578112,241.52847290039065,1.7616968013234668,fall
58.98779930673779,-207.31613159179688,69.46927255994777,fall
78.97920294759008,103.2180573176539,6.31509806553909,normal
0.1802111804255226,4.30572509765625,1.4384947267276198,normal
56.176471126995416,-78.56220245361328,13.492052529945916,normal
1.8948000255505464,-10.909767150878906,1.6689210437718112,normal
75.78233514476844,390.1190185546875,17.07236949069349,fall
8.918063215079878,-5.169639587402344,1.881132889427872,normal
71.64494880801294,104.04225792942572,4.869507263324877,normal
19.538384020128294,-149.97971703448766,3.534126580799505,normal
7.319627701343525,16.05308194915419,2.70828898019814,normal
72.07009979859397,109.16061401367188,7.443565969485604,fall
66.105622686967,81.97517395019531,6.528399632310851,fall
63.02652907415177,277.9119873046875,13.660132652545087,fall
5.506765245637669,74.07600402832031,3.8985122770767138,normal
1.4740934922901945,0.939788818359375,0.2629533656912366,normal
14.435468277869871,247.8519058227539,2.7116985573533565,fall
87.03039864119418,1.9271136800414497,0.2391822478986398,normal
83.07619502353765,-45.752192794712535,5.72496186829197,normal
2.5727347422227704,3.77197265625,1.5484498396387845,normal
78.74007127189834,216.4031982421875,53.13386748577328,fall
79.62272202855203,386.1078643798828,15.98611265857184,fall
81.4557480469828,-19.92044763017535,2.3765300870840065,normal
81.31270469741415,473.360595703125,6.105657713347583,fall
79.77917681733928,151.55662536621094,7.846472735702346,fall
20.92765247033068,247.6223373413086,5.053523303941105,fall
80.6118383122757,-75.73150634765625,10.980983693836734,fall
3.0406456437936544,47.46139526367188,2.048110465818001,normal
0.4669652072106015,-23.92467498779297,1.5419265595745832,normal
86.4274644723918,13.705234361337263,0.8619307817546371,normal
33.43249892120425,-256.85938116699947,14.19041823397415,normal
4.904662062651291,-81.24229431152344,1.141271698565028,normal
4.226169479522562,16.348342895507812,62.51820924790484,normal
3.9732945029651017,-5.432281494140625,1.7817807953573643,normal
86.67565386283287,420.3007507324219,14.196964144007056,fall
14.793349940325989,-225.84326618742787,9.978827157000277,normal
5.589911622274029,-10.946273803710938,2.71161105561397,normal
67.01079438654006,223.61297607421875,27.601792611475915,fall
2.2951617694908766,-2.8704044049332897,0.9777090323522062,normal
12.88940940721002,45.76560974121094,1.876112549008166,normal
68.54223882344716,33.273468017578125,13.66648291794803,normal
84.58844923979261,-19.34555053710937,4.410392354369776,fall
0.1196273317242762,-59.16526794433594,3.0307970793104038,normal
1.770133022163331,25.62297821044922,3.7017664722505135,normal
5.386051958525445,0.0,0.0,normal
0.0964830193607186,-52.668113708496094,1.5419265595745832,normal
2.018597493914752,-22.384185791015625,0.8458375273869532,normal
89.61382015656775,-7.832256705467007,1.347249133338977,normal
9.275380686474117,22.937278747558597,2.254761726385386,normal
73.71197016459138,-220.33699791830765,3.6851292744195945,normal
1.642163231685333,27.10121154785156,75.69505380881779,normal
78.80298028077458,-17.08138147201447,0.2385868446100971,normal
4.416546505758332,-48.68419647216797,2.9573117447359736,normal
5.240145575440248,-79.43292617797852,66.98046843169796,normal
76.36429994582338,112.44140625,5.87118195251319,fall
20.950556252153763,61.440276313883885,4.402141888633746,normal
1.668905006323277,-5.768280029296875,0.6478941040683655,normal
60.227485922619614,269.7889709472656,6.283606398139348,fall
82.14997667673373,31.027677929310983,2.7436022279165826,normal
89.42972567528524,-70.22963647569375,0.6199342485366515,normal
0.3379145571443629,41.11392974853516,1.886906459659176,normal
82.68346133228442,-23.327865600585938,10.980983693836734,fall
89.4594188167946,190.68626403808597,10.980983693836734,fall
72.41332230142297,341.48231506347656,15.98611265857184,fall
28.551156145765905,-147.10922241210938,6.396554207074789,normal
48.45669574661244,40.01157123725204,1.6713211232490863,normal
66.48426627947761,60.99220275878906,7.770959819671454,normal
47.611728419090966,56.742095947265625,5.592984754986055,normal
12.105432768349107,-59.945068359375,8.722879059094815,normal
79.11841416965625,167.26181030273438,7.443565969485604,fall
17.109531955260575,469.1221618652344,5.973168089635336,fall
89.99798047689552,133.62281799316406,12.404824644320705,fall
5.249687781376659,-15.788636847420982,2.9093824691685217,normal
25.144580347230416,-56.51561737060547,18.81486926331424,normal
20.531440301454666,6.974510872565441,2.1316881730720336,normal
50.21120980908801,3.2804489135742188,4.530614464157551,fall
83.14750692865493,13.090228579400264,5.3825410283241695,normal
65.58275473761383,30.53466796875,6.528399632310851,fall
16.510031922004146,-184.5857248250869,12.206283666995375,normal
15.49373685567477,42.25182871752184,6.536813399369397,normal
19.389880609973755,-20.48545294317408,3.976576248599329,normal
68.41973712415837,-2.109375,13.828688491782223,fall
3.6541785160126623,-46.99115753173828,2.734065062144824,normal
1.4849276896825483,-37.37194061279297,1.0819518522538685,normal
57.585941748842224,15.281295776367188,13.828688491782223,fall
0.1778696964478114,-29.9945068359375,1.5847215498252418,normal
1.9558438963078264,-10.072059631347656,0.961871439134338,normal
77.72449977948654,-73.51368041573738,3.030439593760917,normal
81.33066557829673,-38.06739807128906,11.326634477622292,fall
64.65374996951851,46.39640808105469,58.37573960521315,normal
9.12838217846218,0.2606964111328125,47.9142977169124,normal
86.38873401002829,28.143140495508494,3.4463215000706526,normal
72.48813320412872,202.6318359375,6.4504585365000295,fall
77.26416570155288,-29.04747275283983,7.2544616007800755,normal
4.125893814239881,-18.64173889160156,2.7751272997736947,normal
4.69375266889648,-1.1328457406510783,1.8783861455516249,normal
2.325899822672199,11.797142028808594,2.058179686298101,normal
57.87237700881334,-34.18510437011719,4.659345377714004,fall
83.5671656544459,350.3887939453125,7.846472735702346,fall
84.85921180262139,132.75604248046875,12.858144427116272,fall
87.23810164001254,-85.506591796875,56.96384603609644,fall
71.980220164494,246.8360137939453,27.966568136131905,fall
83.33594982510454,-34.90608215332031,15.98611265857184,fall
74.65435085248915,143.16490173339844,5.753365323112689,fall
84.44037130870639,34.52064514160156,6.9114989286239705,fall
8.69820300597315,43.79533791643608,1.7382101347875327,normal
67.10732359447525,-80.56961059570312,47.96744785594403,fall
79.30079147424436,9.090922387299855,2.952922074282625,normal
61.43525691866943,-344.11804893124656,8.756000928119931,normal
12.515838120885714,-136.1114263218598,3.264463978209511,normal
46.47844348126253,140.26035529076512,5.929917637484586,normal
42.243561515226034,243.4247589111328,4.270883690912051,fall
50.00161339495083,-67.82478332519531,44.1038489339239,fall
13.536503219112593,215.5916976928711,1.7616968013234668,fall
3.496246850405587,13.584539397157776,1.526484368092123,normal
75.33182236093032,-124.76720662719238,2.7961831753621595,normal
43.53263710287634,-0.052429627565125,29.17037571717085,normal
83.93455049606128,165.13239681851573,8.056928037675164,normal
71.42309304070818,231.20864868164065,25.46107057549876,fall
86.33624650492989,34.506683349609375,9.655901071331485,fall
5.367264793495156,40.02456665039063,55.53682090937392,normal
29.461076734195107,-6.704874582059573,11.730076506517864,normal
2.6436314282129487,6.4968109130859375,1.3407601217160343,normal
4.3985408933807975,1.9979095458984373,1.6618944330540617,normal
16.439585976560245,49.14642333984375,3.477015420057373,normal
3.706269087401103,117.53311157226562,70.79779083865623,normal
71.49921633594842,-81.20338439941406,5.88082349103896,normal
2.647685280563648,45.657949514981226,2.669614776772235,normal
78.65600438817222,269.8764038085937,12.3398799356058,fall
88.85441466085314,6.4375151722981965,1.4865291344337948,normal
40.89429412779973,-28.73850582569925,4.907767353556437,normal
82.0325660112974,-2.9154443283681144,6.936840079945242,normal
51.78127273521032,95.943603515625,56.96384603609644,fall
43.96752836731169,81.2548828125,44.48289182219919,normal
81.49464595215633,-3.9846038818359375,81.15073438437585,fall
48.92726957512944,341.77356719970703,5.270157659270225,fall
3.595920843404829,-26.053733825683597,3.094463094794256,normal
11.23662966719778,99.77554321289062,1.635424822899635,normal
85.01562528952647,407.6726531982422,6.449834292746473,fall
52.17501924254791,245.965576171875,5.288457446530707,fall
70.936421462817,437.67333984375,30.792844995403527,fall
7.493105649059644,278.8774108886719,63.431671329709374,fall
62.94227677279238,54.908294677734375,4.943944404716596,fall
78.70136627907696,14.722240032735137,2.2851879189527864,normal
29.26539798318204,83.97274017333984,5.461932321951871,normal
1.1397727127066708,-25.006370544433597,2.058179686298101,normal
79.81333088067989,402.26600646972656,7.846472735702346,fall
89.50761842863332,-8.336396701533605,1.6866048118440204,normal
23.52146956569124,-95.01983642578124,30.22346408022705,normal
15.531370399068742,3.2312995967112723,2.199357019505868,normal
1.6323109022873252,27.74832350522598,0.9038900604835032,normal
54.99451442263059,104.73861694335938,27.601792611475915,fall
83.00992357517478,0.3676930729825028,0.4847210059526219,normal
30.953679020050497,332.5956344604492,4.0951989844454495,fall
68.1983428481929,71.83982849121094,7.443565969485604,fall
3.139401382339168,109.33971405029295,3.243593104944667,normal
55.65287288660271,160.33424377441406,27.601792611475915,fall
53.74348687089166,56.721038818359375,4.659345377714004,fall
9.428997736945272,245.63186645507807,15.80854175494424,fall
1.3349933419501965,-54.87773895263672,3.254069712282161,normal
64.99566205964516,-335.03082275390625,27.966568136131905,fall
61.09092710249713,-21.27410888671875,30.51987712410997,fall
25.78972239094501,10.286694374032676,2.4861280991613164,normal
50.105782058579095,184.3064117431641,8.861414624784686,fall
28.76566198050018,-22.89997100830078,3.681727883138095,normal
3.5196985333243447,15.214805603027344,3.2153672535875195,normal
65.0313506380328,29.260025024414062,25.46107057549876,fall
0.4158448156083695,-40.11051177978516,3.2358577682729006,normal
21.240081982873207,-10.42776213393002,3.292184395562128,normal
1.0784722239473927,-47.041969299316406,2.8363558978082346,normal
2.584214521181837,7.046356201171875,0.939619717520389,normal
72.5571531867845,167.6433563232422,6.283606398139348,fall
74.7668723487069,-39.55685930872208,1.319343990107157,normal
9.844938480627958,82.14546203613281,6.389343663143137,normal
60.08368538029523,97.88475036621094,68.60986319469703,normal
4.034639054478418,157.41336822509766,1.6915652227926348,normal
49.75942693035573,43.63806072421973,11.04914501837137,normal
1.1215017554034696,-15.114898681640623,4.3084791572029015,normal
86.90536043779663,223.5472869873047,8.656952983578705,fall
8.062730327647689,10.958902012067549,0.9646458147548662,normal
45.14366515504085,-15.254301183363973,14.19041823397415,normal
79.4640616100556,195.4642868041992,6.11428138585859,fall
41.24783512984494,-2.58636474609375,27.86856044839734,normal
77.47751440057868,21.335220336914062,6.11428138585859,fall
18.458130288049105,36.954169858785086,2.1316881730720336,normal
7.530044956623935,8.711074745229308,0.9646458147548662,normal
0.2767554013513263,-63.78610610961914,1.894364967720489,normal
6.190859109816778,4.240423097029551,7.392445299373989,normal
25.19165518444771,-50.71094512939453,8.362749014013891,normal
89.25075528793082,190.0064849853516,11.326634477622292,fall
0.9929188615935136,155.94554901123047,2.2038783290495374,normal
83.92652926470222,106.38084411621094,62.68506213754557,normal
69.79857636837285,289.720458984375,7.838003081940975,fall
0.877289302365334,0.1344680786132812,2.8617440895662245,normal
0.8919716687571131,-486.4984130859375,66.73143131665721,normal
30.53331833339656,-14.198032694459974,11.730076506517864,normal
84.17609295192425,-40.17951965332031,76.69737029858017,fall
61.2455447551384,-79.53117370605469,6.283606398139348,fall
2.730916574197767,224.0068817138672,2.2366324745379207,fall
21.15962153637344,-193.4925842285156,68.14964535970834,normal
19.33278504765845,-6.755875305452777,4.402141888633746,normal
83.6984877378069,176.0932159423828,56.96384603609644,fall
84.74508621095794,-30.72290026259041,2.7780537024421363,normal
82.49369034884329,-16.591644287109375,4.306660257453988,normal
65.07361601929642,110.72227478027344,8.29161096419827,fall
69.51263417741393,175.86204528808594,27.601792611475915,fall
0.3305478750828143,-41.19415283203125,3.2358577682729006,normal
19.73972833897388,44.528795966949936,4.357424479345468,normal
2.698295272078272,-9.16728973388672,1.2275232585508378,normal
83.89527671440288,-145.13763427734375,13.100915807619003,fall
0.7100512955972513,-4.405975341796875,1.1512305007257613,normal
51.89654890455891,323.1110000610352,5.270157659270225,fall
73.01873269396471,9.902114868164062,6.102669876006658,fall
78.12604576407371,16.741104125976562,7.846472735702346,fall
6.029733602517711,2.010955810546875,1.6266856069637463,normal
16.036031820154488,-256.9175720214844,7.457053488319314,normal
10.74181931815387,-383.4710732776284,9.978827157000277,normal
49.06845707642695,12.60242966397558,5.201151224271875,normal
64.25396031852145,26.443405151367188,4.672878618919157,fall
19.342773208109545,-4.498254060213238,0.5687841122439288,normal
28.187500262000277,57.2554428045037,4.45085276753386,normal
70.25131884254337,70.64998626708984,4.306660257453988,normal
88.11716394361164,254.68826293945312,32.752801875212,fall
42.86775603347381,51.49099614373467,13.636098061650614,normal
86.55630590575555,447.0240783691406,6.449834292746473,fall
39.2593818810072,138.87618866597631,8.932358889014228,normal
3.5932515604159376,15.779342651367188,1.2014701967724166,normal
0.5363538157516884,-0.4432296752929687,3.351800535745266,normal
45.8054507340338,33.055605333359345,6.28822695941281,normal
89.66204509225625,108.98345947265624,12.3398799356058,fall
79.07731964594356,438.9067840576172,12.3398799356058,fall
44.21268735322373,-1.8354034423828125,15.092027628598125,normal
41.71092321390507,335.679931640625,12.288351780307115,fall
84.84726456211892,284.970703125,32.752801875212,fall
72.14396587405761,-195.33370971679688,15.98611265857184,fall
11.232421968981312,44.29845370055112,3.6518041771883247,normal
76.00814235623977,348.4295654296875,19.39418980708193,fall
3.824829165610227,20.40252685546875,1.736895038708952,normal
81.29339565292022,20.076113267701345,1.7930160648026003,normal
4.472251840169634,-14.095687866210938,6.389343663143137,normal
83.3220825920731,-69.3017578125,10.980983693836734,fall
19.087831492943938,4.992973409220202,4.468496956270343,normal
2.3121262977619894,-24.843857704494937,4.738785570411906,normal
87.64298672402337,346.6429138183594,11.374029841886298,fall
66.80049277160207,-2.266166136436856,5.201151224271875,normal
89.8956367011209,396.4219665527344,6.106646935870316,fall
0.5030111639019069,0.58868408203125,1.473058980416876,normal
19.68462718830524,-142.39334106445312,3.0472270966128576,normal
63.90983420782859,-17.894424418229114,1.272150580807235,normal
30.54212199508254,89.34139251708984,5.592984754986055,normal
82.38497839563905,37.59983722782482,4.500269030088248,normal
88.43324719138599,-605.2745819091797,62.019929456871694,normal
23.77052105722145,211.2421417236328,3.5189278286073247,fall
77.74359312352395,-126.53597633502312,3.030439593760917,normal
78.71313989043871,11.45755603594164,1.9312266789652028,normal
27.71568453442884,-60.23906707763672,7.209537360385838,normal
83.49542223052225,320.0855255126953,6.105657713347583,fall
85.8401027008894,69.11041259765625,12.404824644320705,fall
74.91062996472762,2.994003295898437,4.5069210358819305,normal
21.678914026458084,7.370362240712142,2.537932976383214,normal
83.02684528199724,51.88888549804688,11.326634477622292,fall
4.935311628218575,-27.06306199952723,2.9093824691685217,normal
4.6769976720187865,46.22389590058462,1.880823528407345,normal
25.09528969995189,101.8490982055664,8.343778508919975,normal
58.14934667714333,289.8369598388672,12.3398799356058,fall
81.87614208583643,139.4732666015625,10.980983693836734,fall
10.189858373897524,-180.7971890928866,6.026290780231024,normal
10.555240316045168,-33.951873779296875,3.7361920131834943,normal
0.1316948187192853,-39.46815490722656,2.705836163325611,normal
85.26143518031675,217.22946160632412,8.056928037675164,normal
77.7788768625444,12.655444515450196,1.644166673619182,normal
2.165366833899346,0.0,0.0,normal
64.22718433391813,57.30995178222656,11.326634477622292,fall
3.126242390735977,-4.372444152832031,3.4729017264148494,normal
86.699670279322,15.172576904296877,4.753890298938515,fall
84.53419533133739,-8.576534181885437,4.500269030088248,normal
0.4375569774108124,-47.308387756347656,3.2358577682729006,normal
1.0200569150514744,8.480644226074219,2.5585524425392623,normal
2.065862569316802,84.04446403655677,1.1315685912416344,normal
42.82524963253655,169.96124267578125,4.133940015601056,normal
77.33120029943903,-37.69088745117188,3.172615287399111,fall
62.20274476850774,67.80339527479906,5.929917637484586,normal
63.88292451728083,330.7027784178629,7.365663028706933,normal
53.32099403679828,-25.302470456536017,5.929917637484586,normal
63.658519853102895,-107.8399658203125,13.828688491782223,fall
4.892851161648584,-8.051954462174164,2.5919904013866333,normal
1.4927855604444225,-35.7565537316987,1.0098085588235417,normal
29.28439051507813,64.64378356933594,14.853867853478224,normal
19.45188315004417,-5.162118527114938,1.696606051284114,normal
69.76751794968304,-164.23439025878906,53.13386748577328,fall
87.80935452165667,14.161126327228455,5.327486160143636,normal
68.22451763138434,-39.09542083740234,4.943944404716596,fall
48.51362310493728,22.17355857810548,5.431917471163231,normal
76.02409387826168,906.466827392578,20.226138913549377,fall
73.41029146314723,216.02394104003903,5.87118195251319,fall
52.560534617865024,-131.29531860351562,27.601792611475915,fall
63.72957558457874,506.3484191894531,6.9065276937256215,fall
64.07928125537227,176.70639038085938,27.601792611475915,fall
5.796779511833724,11.778030395507812,2.387766873133966,normal
0.5402496466405119,10.4022216796875,3.365382545841875,normal
18.64911839534576,223.40686798095703,8.343778508919975,normal
1.571149705412619,-36.3621711730957,2.048110465818001,normal
21.78464545686055,33.74680607932248,2.1316881730720336,normal
65.09314606843225,208.06827554282688,10.355487602449957,normal
3.7802568945017896,-108.74061584472656,3.4411941397896717,normal
12.448889665166156,-61.42295837402344,2.792156682366944,normal
0.8358360546433292,-27.98423767089844,1.736895038708952,normal
78.86364611764701,-33.96995544433594,28.084669937743094,normal
0.9606820873870364,-18.691635131835938,1.1512305007257613,normal
77.60716099004566,12.266006469726562,10.980983693836734,fall
78.04657532543897,51.96418762207031,6.33739040024912,fall
88.43079148971455,47.71769432548668,5.205734184205809,normal
70.39878271394373,379.6685028076172,6.283606398139348,fall
58.82951188679632,46.35795593261719,54.754919670128174,normal
32.761470011814986,41.64034285330621,29.17037571717085,normal
4.157625575074096,163.5028839111328,5.554764066021645,normal
3.4912592460699843,209.05723571777344,1.795688172631441,normal
63.620848465829845,88.28109741210938,5.025505746764079,fall
1.792960569448799,23.865623474121094,0.3724062644505475,normal
84.864573886002,-13.11859130859375,4.753890298938515,fall
51.77740211155991,-47.602980675141765,3.9809316845025577,normal
85.90465685772683,-88.76792907714844,11.326634477622292,fall
9.953136171487184,-29.867477416992188,3.072057780675173,normal
1.7718274604595463,-41.904144287109375,1.2485715922836942,normal
2.968284351499409,-1.6989898681640625,3.563721630017576,normal
87.76972027966728,369.7174072265625,6.449834292746473,fall
2.7049636812910807,-57.306060791015625,2.3882925767557026,normal
84.22170521261803,-18.82186889648437,6.909297164945116,fall
4.495988537891817,-53.948713062481424,2.672532598659064,normal
0.6224300206304613,3.2834243774414062,2.791605232602488,normal
5.813494764698919,69.31503295898438,4.347329407392365,normal
0.7310544377003894,209.5081329345703,62.65377358576289,fall
19.864977113147614,3.083303602410663,7.465262912718767,normal
1.342125181725618,0.0,0.0,normal
5.30372620046758,49.11655426025391,2.1078752859051706,normal
3.9835180260022303,19.860877990722656,1.6837933549370852,normal
5.385625688142594,12.992467681986136,2.9093824691685217,normal
39.28155241938991,185.7584381103516,47.1274478254786,normal
14.259956353660376,123.80172571731792,32.83876998007711,normal
67.50639880755553,425.1990509033203,6.4504585365000295,fall
86.96045005576865,174.02801513671875,6.105657713347583,fall
9.847099010188767,83.2595443725586,3.094463094794256,normal
45.932277377732746,-128.12118530273438,7.209537360385838,normal
21.8480930003394,2.3840715384358933,4.747505153255901,normal
53.91443251444152,105.9356689453125,25.13454012025801,normal
1.7061221319951243,10.808258056640623,1.221170149725753,normal
86.21301038428251,-49.10408020019531,10.980983693836734,fall
24.52195566147887,-2.2830916988222625,2.1316881730720336,normal
15.6904673838838,371.0576248168945,2.7116985573533565,fall
2.5997925294661104,-133.20545196533203,1.9898805895517813,normal
83.17688260689528,277.01499938964844,5.186673052525819,fall
24.538469071756843,39.249114990234375,60.79748625162003,normal
54.88188383045101,-1.257476806640625,4.179947005628172,fall
18.2121566280806,106.73495392434734,3.31255800488945,normal
3.781725900357168,-107.9146957397461,2.5658596497834507,normal
2.673525898600788,17.969512939453125,1.4676450602425066,normal
59.81012964757456,64.15397644042969,54.531127701934345,fall
2.1889186758346937,-0.647735595703125,62.51820924790484,normal
85.18161159975995,-186.2065887451172,4.410392354369776,fall
84.07083374225684,-83.57688903808594,10.980983693836734,fall
0.0692071581195462,-56.54966354370117,7.621690426761063,normal
62.094392060059945,-91.0784912109375,27.601792611475915,fall
41.00089289165789,-97.4882908893352,4.647422894184652,normal
86.33847030993408,710.4837799072266,32.752801875212,fall
66.44385961905665,44.78302001953125,7.770959819671454,normal
86.35189440642336,-92.60169982910156,5.8257546045982025,fall
15.453258645343936,-27.613556960167028,4.801181296067487,normal
59.37009432969136,249.53819274902344,27.601792611475915,fall
1.2875685235776413,-9.666595458984377,2.3053431853419304,normal
0.6494523674436556,95.94074249267578,4.341841992782942,normal
4.218071453567913,98.44962100800952,5.772045194305072,normal
79.63800692631327,-219.4713592529297,54.531127701934345,fall
66.8350467694102,-69.80644226074219,20.3955133224924,normal
18.29677238480181,13.641270200921468,2.047515018124088,normal
67.83596908481216,395.91087341308594,19.496122412212834,fall
34.48262449968515,32.75493621826172,4.133940015601056,normal
1.8910102983908892,110.2001953125,2.8363558978082346,normal
81.5611501180018,183.1780242919922,17.07236949069349,fall
0.632942374001335,-23.530540466308597,2.724863911568483,normal
75.93170198650459,-75.12657165527344,6.33739040024912,fall
51.670034331384926,3.2098388671875,30.51987712410997,fall
71.2963229653181,-22.80624389648437,5.8257546045982025,fall
9.172139937964925,10.21393251063476,2.70828898019814,normal
9.971588247605872,4.637603759765625,62.51820924790484,normal
61.80433255479646,273.0292510986328,27.601792611475915,fall
5.375993599628792,-31.49860382080078,1.1736170916004989,normal
61.86853147696719,86.53633117675781,4.179947005628172,fall
1.6258258232519636,20.730972290039062,1.4384947267276198,normal
59.828729552851705,-163.55117797851562,7.323082587488571,fall
86.1634569430816,93.24737548828124,12.404824644320705,fall
86.35803080491269,247.40936279296875,7.443565969485604,fall
88.35610348357012,35.5718994140625,54.531127701934345,fall
60.2614855138051,18.262481689453125,4.659345377714004,fall
83.09811266727178,368.84559631347656,4.410392354369776,fall
54.90353785583758,99.3816375732422,27.601792611475915,fall
69.08427203959013,95.41854858398438,76.69737029858017,fall
1.8200729113627128,-46.589012145996094,3.4411941397896717,normal
26.059727667738784,281.5272903442383,66.98046843169796,normal
52.49059498818098,-44.197998046875,7.780145667382975,fall
88.44524879622327,75.82603454589844,56.96384603609644,fall
76.8022774930088,-23.899657056655936,7.2544616007800755,normal
0.250039484391468,-35.13347625732422,1.2485715922836942,normal
4.621374003406571,-53.74855041503906,1.1803296602675126,normal
0.0566141330001811,11.643333435058594,1.1791484910506829,normal
72.02001554198671,19.461593627929688,6.528399632310851,fall
3.4019466746045857,62.92585584339214,1.1315685912416344,normal
5.907648819701557,-51.7694091796875,4.951014283497465,normal
26.30593627564172,49.3969640480322,4.747505153255901,normal
1.8903319752940877,-53.4347185476693,0.60843124417827,normal
22.368323331949068,73.8455714810914,2.537932976383214,normal
0.8822196466380411,-27.124900817871094,2.768436879692464,normal
84.73232591649493,16.237690668433466,0.2600783775089184,normal
17.60897962466618,-10.776901245117188,28.688902250125373,normal
51.09306361318989,-464.8260498046875,51.45423145859221,normal
9.521697417633533,-1.5204591993886272,2.70828898019814,normal
1.915268397285024,16.02619171142578,2.3356492303360143,normal
11.16706088516558,15.482254028320312,4.011726804073453,normal
75.9936303073367,-103.57795715332033,27.601792611475915,fall
3.393482738380624,24.656277938214604,1.2367921728757747,normal
2.709369647413506,-70.5630111694336,19.38153750746268,normal
62.1903086928009,-26.42738342285156,53.13386748577328,fall
21.272808145166817,-144.52354431152344,19.38153750746268,normal
89.95380506763539,183.48085867743748,10.997816060747647,normal
4.493225735160835,-17.471923828125,1.4792112415776344,normal
20.83980601901631,-64.14608575737732,11.730076506517864,normal
0.5891012707669943,-29.25098419189453,1.7001466311756397,normal
10.102967433881162,-99.38873291015624,70.79779083865623,normal
19.655642550924064,-6.675729511650812,1.696606051284114,normal
83.56547338944499,37.51899719238281,10.980983693836734,fall
2.360834465546213,73.81839752197266,2.195062570198413,normal
5.323365501498087,4.631881713867188,3.7361920131834943,normal
1.7748478612474945,11.922454833984377,2.3322737630798858,normal
31.480925772140075,-320.4619145160876,5.613090623565309,normal
28.43132143921831,59.86827850341797,4.306660257453988,normal
78.31371371485916,149.54947985408734,8.056928037675164,normal
30.8101999696794,59.27696228027344,5.862497699303027,normal
46.2182608944154,28.863282109737835,5.990365311690791,normal
55.794317176247134,-30.54061889648437,24.03826575414021,fall
22.57030997023657,12.65283212917672,4.133211859421163,normal
10.167059434052394,-26.41173388805909,32.83876998007711,normal
75.56618063511272,197.2743988037109,53.13386748577328,fall
82.27887995840014,-38.1646728515625,8.656952983578705,fall
1.7913851717297218,22.571152114732616,17.603257552026026,normal
1.9290058915517072,-26.90254211425781,3.715800329232356,normal
0.0526721047615709,33.846588134765625,0.9812477412698052,normal
0.2266298840157053,-35.59673309326172,2.195062570198413,normal
79.00734486669515,3.099517822265625,15.98611265857184,fall
19.88351636334436,632.7433776855469,62.65377358576289,fall
34.64273746329777,94.92324829101562,27.914006796792677,normal
61.111748715904014,203.29373902324195,10.355487602449957,normal
84.22205462027982,264.37522888183594,12.3398799356058,fall
2.722439138981873,41.68464660644531,4.4939205985514326,normal
81.17703717261142,112.58584136820986,2.901177831783869,normal
48.453421945158105,167.8227996826172,28.95274257465968,normal
2.4165184457451128,240.94070434570312,66.98046843169796,normal
17.0898523159069,138.13018798828125,73.23882112903976,normal
85.95320456641153,51.0552978515625,4.410392354369776,fall
1.2979924696455445,-54.737892150878906,1.0594978220740732,normal
14.291726770975576,269.8329162597656,2.7116985573533565,fall
73.31284305952772,263.24904669401315,2.5295754888963278,normal
84.43869443408424,-8.058150366213072,0.7391277248397898,normal
1.1966566563512575,33.52569580078125,2.791605232602488,normal
0.8134749723388587,9.474449157714844,1.3599851005140455,normal
1.466047959759006,9.564629350046571,0.8677102143789859,normal
0.2396007986241446,-25.18077850341797,1.3502129663621978,normal
10.38259697065551,109.30057525634766,1.4658392254517236,normal
7.822486880737648,-19.86373138668232,3.0509450145336885,normal
4.764647874425744,14.03606414794922,1.5484498396387845,normal
4.373931238099473,1.3524627685546875,2.3200681657508087,normal
61.49652699602213,271.90096435409345,7.719979667983672,normal
1.071127449894102,-34.31144714355469,3.2810992779504584,normal
83.11245904372637,18.336410522460938,8.29161096419827,fall
28.14921148140378,153.96360797591723,29.17037571717085,normal
11.910695168055092,-45.92628479003906,3.072057780675173,normal
3.2978687587753512,63.41079711914063,2.784014984608147,normal
22.005502871541573,7.6160257187279266,3.292184395562128,normal
83.690570565906,71.68006896972656,81.15073438437585,fall
76.63828206886572,594.4608306884766,43.422339385712746,fall
38.68010691455942,130.9490203857422,5.861115080911517,normal
3.773886330421364,10.600433349609377,3.2810992779504584,normal
85.4817184060402,1.6504669189453125,10.980983693836734,fall
83.5289523071537,53.91769409179688,11.326634477622292,fall
33.19787276140476,319.0708923339844,14.081886142969404,fall
0.1840052423488734,6.4453125,1.2031252755771316,normal
84.42221665575215,-26.531295776367188,6.9114989286239705,fall
89.84623635333641,-19.408509760854663,2.787957897661954,normal
15.150719367661749,13.266220092773438,8.347616158678003,normal
54.83934546858979,-15.157608902121172,13.636098061650614,normal
10.12298231309571,30.27008056640625,2.2563529702884164,normal
65.75555226043043,121.03614807128906,4.284425264487144,fall
11.516624743597356,13.669924773428177,3.292184395562128,normal
75.85599975167906,471.0536956787109,43.422339385712746,fall
86.94624814525456,147.98709869384766,11.326634477622292,fall
68.36181249690233,0.0815068846808972,7.956759133376998,normal
0.3128686511306399,27.41683959960937,1.6837933549370852,normal
61.558077707468,-137.91961669921875,30.51987712410997,fall
86.34888927353697,-11.912155151367188,10.980983693836734,fall
81.96902836401387,-14.783719390589493,2.7436022279165826,normal
87.87261542031784,-23.57222478820751,0.3451751691826388,normal
75.33089920869584,149.8711395263672,9.33077663453733,fall
13.723980229006369,242.9105758666992,5.973168089635336,fall
71.16004981659607,315.8345031738281,17.07236949069349,fall
83.61190276378963,40.41915893554688,5.829408943200306,fall
71.52556021632992,180.15953063964844,15.98611265857184,fall
31.68499186809252,-48.57039610676621,4.357424479345468,normal
4.811975674448035,-1.9556808471679688,1.1736170916004989,normal
64.08958945883262,68.15437316894531,7.846472735702346,fall
75.78521523459814,-113.56681823730467,15.98611265857184,fall
0.1629996001669802,-14.377555847167969,4.657407984361509,normal
2.046919961820466,4.401397705078125,1.2251377347600751,normal
1.0940812931498638,3.0485916137695312,3.2412939594707213,normal
69.15779281476792,139.80079650878906,4.284425264487144,fall
76.0635923347895,57.195558923908536,7.4818015965871965,normal
6.199498489077,22.712860107421875,9.41586993596002,normal
3.0794130726489084,15.252227783203123,1.8790371609603491,normal
61.6400797904212,189.2811584472656,6.4504585365000295,fall
83.41535304285212,24.72129884739087,4.500269030088248,normal
78.36109311740306,107.266845703125,62.68506213754557,normal
89.89012429136106,118.00689725589858,5.654565785457166,normal
0.449000142589824,-29.01397705078125,1.2874866577813295,normal
49.90654628465861,206.50918219694293,9.833990026020174,normal
58.8701958055738,116.51195526123048,6.11428138585859,fall
0.6522230824355734,36.73164759131372,1.5590563078458244,normal
77.82410698148654,3.770876004874984,11.563175688907322,normal
26.56653442617433,39.623565673828125,2.6082329544724168,normal
11.580029448770569,-1.5291715277285447,2.590930920465423,normal
4.728956247015949,-3.7387847900390634,2.825900414178344,normal
1.853133522587936,25.00717163085937,2.784014984608147,normal
15.135168744487569,234.1403961181641,52.704511281602734,normal
53.37321347822071,6.752404075863468,31.87934854198249,normal
68.48799913341604,-10.021820068359377,27.601792611475915,fall
1.1545495869555178,-10.350837707519531,4.657407984361509,normal
83.39855946372684,208.0002593994141,5.186673052525819,fall
55.79718011740716,32.10731506347656,7.443565969485604,fall
0.0032731711470049,-45.10723114013672,1.6837933549370852,normal
36.400142515279775,263.250145796502,6.529443811279119,normal
15.889558254664262,110.55819608355816,6.511217739384577,normal
72.6636758175268,147.05886840820312,53.13386748577328,fall
1.2039765064161712,-105.40399265522902,6.026290780231024,normal
1.7931327587440424,112.38533020019533,2.3322737630798858,normal
1.535080742694189,22.258644104003903,1.2171689151795246,normal
79.17891641305873,-39.29883101487619,1.0152330115698476,normal
0.0695043510148258,87.12318420410156,5.576786354225896,normal
7.097618002732108,-16.638107299804688,1.2606970243381823,normal
62.0299785598177,45.25382995605469,7.443565969485604,fall
4.268975728755319,-65.1214599609375,2.768436879692464,normal
71.9882818049583,272.5245666503906,20.90493668751464,fall
5.529397412476002,-34.992713928222656,5.591210019614618,normal
3.071834179371466,9.444659372561308,0.8677102143789859,normal
2.340558239501372,24.07047271728516,3.303958873780623,normal
65.86264415335896,23.27911376953125,7.613534906306988,normal
82.04173685320949,196.20803833007807,6.449834292746473,fall
21.638348782174408,16.803336106255784,2.537932976383214,normal
2.555603554935947,-41.252288818359375,2.5658596497834507,normal
60.39850572195052,27.08953857421875,4.672878618919157,fall
86.1123198604325,-8.888397216796875,4.753890298938515,fall
14.294526711276022,47.346954345703125,2.083649001744172,normal
69.23391048492256,-45.980819861389605,31.87934854198249,normal
72.18812067075567,-18.39184217150421,3.413998324782483,normal
6.439683070940955,-93.5295867919922,2.1062559651575583,normal
0.9081947755198356,-67.20623016357422,7.457053488319314,normal
33.91634459311343,53.77819061279297,7.50984819572227,normal
86.68249722738243,-119.40559387207033,62.65377358576289,fall
19.37583926397638,-3.0212700807478026,0.5687841122439288,normal
59.87076364909778,16.984111571343586,10.059861669946764,normal
26.927151695550887,90.52345275878906,75.69505380881779,normal
87.08310178514341,367.4370574951172,14.196964144007056,fall
1.3709357751765512,-9.534416198730469,1.7153416370279322,normal
2.758413296438938,-24.91344451904297,1.5446501352732334,normal
76.99576441377147,152.33070373535156,19.496122412212834,fall
43.65711191585921,413.41495513916016,4.0951989844454495,fall
25.671167736107297,427.72911071777344,65.62805702472092,normal
4.047618704527987,1724.2998504638672,15.80854175494424,fall
31.994423295522346,-161.6290283203125,66.98046843169796,normal
62.14318953771021,54.605712890625,11.326634477622292,fall
11.644010051050838,-44.368743896484375,8.722879059094815,normal
68.67707490149846,416.0206604003906,7.838003081940975,fall
34.22246482260389,-65.32060084262017,2.7982765700041767,normal
88.09402826814282,85.517578125,12.404824644320705,fall
74.37168848196531,-422.5069427490234,73.23882112903976,normal
45.09519310214671,-13.062531862579752,5.541998211092896,normal
77.20210508394395,20.839346766730912,3.227471664556745,normal
51.86806131672492,-67.467041015625,5.025505746764079,fall
72.4689946086623,-26.600822501239023,5.178071588520339,normal
37.1691416126735,23.740013966767563,13.636098061650614,normal
71.22447917945514,271.3417053222656,12.3398799356058,fall
0.4008221133176347,-25.83045959472656,0.8466583717563787,normal
11.565323026284432,-8.65851307615483,5.760953825954815,normal
82.76670794229237,-69.85244750976562,10.980983693836734,fall
3.778699376169439,47.69886016845703,1.4800008359075547,normal
67.5544365085874,8.036727905273438,5.004704914992402,fall
29.18300496041905,125.19012451171876,3.822549711520555,normal
77.31788822910835,53.063507080078125,43.66478246060224,fall
63.48854630060984,-55.51666259765625,24.03826575414021,fall
75.18091818625471,151.83609008789062,7.443565969485604,fall
58.96719668336378,153.43460083007812,8.29161096419827,fall
83.6684657504397,-167.01278686523438,35.900352127888354,fall
1.1997153468237796,-52.708282470703125,2.527226559428013,normal
1.4706991894916472,-14.929962158203123,2.306708788088939,normal
69.3574404622961,116.1797332763672,6.283606398139348,fall
77.0747359788989,-79.07020568847656,3.172615287399111,fall
1.072925488112774,-43.117332458496094,1.4134796103820366,normal
79.97321571206534,-0.0119056402864953,2.2851879189527864,normal
7.533602451188129,38.94378662109375,1.4904692360403424,normal
17.124096043951504,-147.58872985839844,2.792156682366944,normal
2.6119296978597664,43.303070068359375,1.7817807953573643,normal
65.42744764791018,138.446044921875,20.90493668751464,fall
3.6902277362987914,-52.10884094238281,1.671856316824101,normal
63.24072358057529,-66.52290344238281,7.770959819671454,normal
3.295590106457576,-7.1312575183413225,2.669614776772235,normal
57.87057918184375,207.66403198242188,10.806495719654706,fall
73.32655936465747,-26.17894142393857,4.042233355151993,normal
1.7263115327011185,-134.7393035888672,9.314886529826875,normal
89.9595183064689,15.852689142116946,1.0102327179956632,normal
74.8208480795281,173.4646224975586,5.2313479269713525,fall
64.45957644195376,-47.27081274390803,2.7861531134367823,normal
7.3488038231121315,37.35248565673828,2.1150975948482627,normal
71.6355300579781,-38.80485534667969,13.66648291794803,normal
9.037997638285304,-113.61968994140624,22.357455390439885,normal
76.85332528993332,-198.057861328125,62.06309788758306,fall
63.618107769940565,1289.710464477539,19.496122412212834,fall
80.83389997595253,93.49319458007812,4.410392354369776,fall
39.636142772723055,-1.450400395742652,2.6381784939201083,normal
0.6232801284546539,3.7250217934618535,1.0803056206533177,normal
6.505608015586896,49.7515869140625,1.9194853515915304,normal
1.8949004960995104,-18.160629272460938,3.2358577682729006,normal
42.95462580017313,29.39377534629925,4.561566033235955,normal
9.77305662630385,29.60723876953125,2.254761726385386,normal
4.419666146352801,160.75721740722656,6.983343872819654,normal
35.37033997847314,-6.303377082536041,4.747505153255901,normal
0.1249020900658367,11.977500915527344,2.705836163325611,normal
86.85971598214468,258.4080505371094,7.443565969485604,fall
28.033144207861863,-341.3308236159336,12.206283666995375,normal
17.990433520667757,-117.06893920898438,63.34080027221184,normal
5.589729362326334,196.69356883034123,4.107510643215705,normal
84.89742594921557,454.0738677978516,6.105657713347583,fall
8.061388230024454,67.58983612060547,1.2606970243381823,normal
4.974617296660821,112.5688934326172,4.347329407392365,normal
80.79963896552646,-11.875762939453123,4.306660257453988,normal
53.73138209394788,-104.5474365167148,2.7982765700041767,normal
66.51014669925257,361.7354965209961,12.3398799356058,fall
82.17925285332595,52.52861022949219,81.15073438437585,fall
3.0109762775321056,-77.94696807861328,2.8363558978082346,normal
4.61439533121108,26.371192932128903,4.558004941777854,normal
80.50057204056466,-35.29380798339844,12.404824644320705,fall
71.496773096488,-51.87469482421875,15.98611265857184,fall
0.7549124320986956,-46.48395538330078,1.3502129663621978,normal
23.84274866026861,5.4922194103122655,2.4861280991613164,normal
6.166905940044695,-11.506690979003906,3.2026154892199497,normal
1.596946485683754,-139.90962982177734,4.384013247830552,normal
88.60673015523143,74.07107724028768,4.389835192568491,normal
8.553254952635758,1246.5998840332031,49.317324229208,fall
1.6151226771845415,-11.60980224609375,1.165083678378024,normal
27.560981671143335,184.21909071514523,6.511217739384577,normal
58.031209639804,-18.05461604828409,5.431917471163231,normal
86.8244991226431,45.655059814453125,4.410392354369776,fall
12.815832041145947,-101.748046875,7.457053488319314,normal
2.4248453362068227,23.243408203125,2.679376237873192,normal
39.001059438544566,127.40330515900088,11.04914501837137,normal
14.995780046453651,-29.009961528477497,4.801181296067487,normal
71.2700611141433,191.40792846679688,12.858144427116272,fall
2.5303903306148228,-79.40920558025597,6.511217739384577,normal
24.86544373557017,-135.21217346191406,19.38153750746268,normal
63.80498821299541,135.13641357421875,66.73143131665721,normal
86.44519606102324,176.58897399902344,56.96384603609644,fall
83.70659382851204,406.6399383544922,7.443565969485604,fall
80.98099046925391,273.7268829345703,56.96384603609644,fall
82.68101855578064,-17.33981350538451,3.904691580757323,normal
87.53803377451987,134.05864867215723,5.654565785457166,normal
3.539389516513661,105.48946380615234,2.4919315248262843,normal
8.146804115697062,-25.1934814453125,2.825900414178344,normal
79.70859547889233,-250.4095458984375,53.13386748577328,fall
70.3764625792174,-19.4659423828125,6.102669876006658,fall
4.095627443934794,-39.228057861328125,2.768436879692464,normal
64.38864307030362,724.2333984375,14.196964144007056,fall
74.32950571447182,337.51922607421875,7.838003081940975,fall
50.44049844383092,382.6657104492188,8.932355732441817,fall
3.964986531408113,-24.41997528076172,1.3759844873873457,normal
48.76090149378354,9.467010498046877,47.9142977169124,normal
31.19441590948477,80.3967625914569,1.9944064586747672,normal
81.24951334883609,-135.02357482910156,12.404824644320705,fall
87.19355734081059,-61.63375854492188,84.92594444149884,fall
76.10368930598226,169.96353149414062,4.284425264487144,fall
79.76380172221093,229.4570159912109,6.704089964898401,fall
82.72649450212867,-67.1644285162354,6.936840079945242,normal
7.606642321494039,90.3083038330078,5.554764066021645,normal
4.083463131157221,193.37596893310547,1.0936563266782149,normal
83.24351041478612,207.49351501464844,56.96384603609644,fall
60.9125330402058,87.264404296875,7.427901300526258,fall
59.135976886717806,173.97262573242188,11.326634477622292,fall
86.61930852686115,143.89251708984375,56.96384603609644,fall
1.47788574244581,26.20594024658203,1.6618944330540617,normal
2.756600926688444,197.1261849983117,2.6072652631772333,normal
83.84391415607294,121.7120361328125,56.96384603609644,fall
80.26893319357359,222.81463623046875,6.106646935870316,fall
1.839922512485868,-87.36213684082031,3.303958873780623,normal
14.970046167518534,-35.639152320599,1.1854973731183094,normal
79.77551019961066,-125.97138203810744,1.0152330115698476,normal
74.47539908705157,143.69773864746094,76.69737029858017,fall
86.09197231986535,355.5194091796875,6.106646935870316,fall
85.4507021680333,-58.297119140625,4.734620310711691,normal
18.341412371548756,26.821517944335938,2.2499133528251765,normal
5.961975415804441,-7.50476315265168,2.5919904013866333,normal
56.53895933155703,71.09275817871094,4.179947005628172,fall
84.98932775221442,139.7039794921875,11.326634477622292,fall
8.419949449038953,85.55498363607401,4.474488640460138,normal
76.56904858922906,-96.61937233914531,2.1233034671633817,normal
6.566930152169599,735.6781768798828,8.079173867461215,fall
1.241927873321218,9.100799560546877,3.104365823475804,normal
85.24236301278248,6.253589285745297,5.674490445645034,normal
3.770100381993476,-2.816619873046875,1.5006992042321032,normal
65.54252430758659,892.5119018554688,14.270806573093296,fall
6.790243247022741,5.851364135742188,2.1150975948482627,normal
62.9422268744832,-93.78971099853516,6.85103147116476,normal
84.7985632725373,-23.386798705853057,0.296144458727511,normal
63.9930100845466,257.5139236450196,10.16683035551698,fall
4.8179242942086775,16.915740966796875,4.822320425576994,normal
3.825303660201897,-299.7406768798828,54.94974486110288,normal
82.73403209359888,157.7728271484375,8.29161096419827,fall
2.741714533527443,5.5792236328125,2.7785773286943303,normal
2.936932230045993,-34.6120253555149,2.672532598659064,normal
14.54566624915016,10.831172244147924,1.9624662323560624,normal
4.176830971585979,-31.759071350097656,1.4371159097043962,normal
62.11881697855014,128.26560974121094,25.13454012025801,normal
1.314156322197507,-64.40048217773438,1.1545830510166533,normal
28.41820208361161,113.2269287109375,5.861115080911517,normal
1.18573468095151,-12.181549072265623,1.1512305007257613,normal
81.8870279893527,82.02472686767578,6.11428138585859,fall
0.927399491016403,13.207855224609377,3.254069712282161,normal
12.440278970587231,221.5001678466797,2.689827295978784,normal
85.63659722673388,-38.95500183105469,19.39418980708193,fall
2.139810463075679,11.553382873535156,1.3908188649438549,normal
75.43376830604811,-135.3417205810547,68.60986319469703,normal
81.32806632229004,47.07733154296875,12.404824644320705,fall
33.815617686950866,-77.87818908691406,7.209537360385838,normal
87.59219239294889,186.361083984375,29.199717734043595,fall
87.40324782927316,0.0,0.0,normal
10.736976472752067,-18.10487851546952,32.83876998007711,normal
80.90615336852153,309.5807647705078,14.196964144007056,fall
89.04334243899609,209.08790588378903,8.29161096419827,fall
4.458707638703725,86.4748764038086,2.3882925767557026,normal
67.50998561897147,84.37225341796875,4.659345377714004,fall
80.52543359672205,1.4863733988447716,0.8078526254503515,normal
3.956753056844031,-54.84417398158197,2.0552137886103274,normal
2.4727627927947,-63.598480224609375,2.757474663104275,normal
84.32142471550019,0.0,0.0,normal
76.80046271173447,91.90200805664062,5.2313479269713525,fall
3.319910832801081,-6.138038635253906,2.7751272997736947,normal
53.76191219409593,120.63125610351562,27.601792611475915,fall
56.9499156196951,17.780799865722656,6.11428138585859,fall
2.5747537249884567,128.9861297607422,2.4919315248262843,normal
24.68909770395478,-86.20712893603351,7.223149704405092,normal
82.9177768698405,-82.2712436378098,3.227471664556745,normal
64.48878062730832,29.476547241210938,12.919201057106529,fall
5.3924020421016525,17.402995584860935,0.2522267203065498,normal
9.794432567475829,72.98388771635285,5.772045194305072,normal
66.39586605777929,78.68179321289062,4.284425264487144,fall
24.123690528939605,191.20399475097656,51.17683584091738,normal
19.17966719942432,-14.155809881677916,1.856826611484767,normal
88.42017682003313,0.0,0.0,normal
86.02673208198789,269.75486755371094,8.29161096419827,fall
6.932661457949852,44.48921464814408,0.7284716398456377,normal
74.0976431751195,-92.15812683105467,8.720257569215534,normal
89.69784277957926,54.45716857910156,12.404824644320705,fall
18.95524610366288,-89.5407485961914,7.457053488319314,normal
13.868459929417169,208.43719482421875,16.679066472894938,normal
52.56467237702948,-14.606552124023438,7.427901300526258,fall
1.3193614229729993,115.82438313985114,7.554301139492004,normal
60.68881403181845,53.915863037109375,68.60986319469703,normal
9.56116831642298,-25.796241760253903,4.558004941777854,normal
89.33709502544791,79.52064514160156,5.8257546045982025,fall
17.58722035161937,304.7750473022461,2.7116985573533565,fall
44.21436008422621,25.01331465607045,10.355487602449957,normal
64.390095175017,76.9189453125,30.51987712410997,fall
14.19919319049192,1209.3576049804688,69.46927255994777,fall
0.1418672601432424,-21.185073852539062,1.3599851005140455,normal
2.631195327024166,22.404441833496094,2.9956194960025755,normal
67.08457214037368,57.58827209472656,7.846472735702346,fall
0.8656903138341167,71.0372543334961,2.65186787058762,normal
18.51849944548091,-26.614635130853337,1.856826611484767,normal
82.58948975035776,225.81573486328125,12.3398799356058,fall
31.453733418720685,205.6688690185547,62.019929456871694,normal
0.7512907009288173,27.443577288150383,0.683429163096263,normal
6.354530338624814,2.752238256818785,32.83876998007711,normal
5.606875923389958,-16.20288848876953,4.164479109272477,normal
79.61755414096652,44.98824054347212,2.952922074282625,normal
85.50075335423223,-176.1596309972752,8.056928037675164,normal
35.38468279476909,-235.1158905029297,60.79748625162003,normal
10.04933228551852,14.093284606933594,1.7232064799329052,normal
73.00816409094315,-167.21365831007813,4.042233355151993,normal
75.41973221442365,49.996490478515625,5.419129990524155,fall
60.61686676401333,-101.98402404785156,20.3955133224924,normal
80.33667778113133,179.9292755126953,6.704089964898401,fall
8.6243578264551,125.27755737304688,2.9819028899260624,normal
84.55507495285602,-11.293615035913374,3.5958135781394702,normal
75.70365825764506,93.0255889892578,8.720257569215534,normal
0.4991673297380274,3.5373687744140625,2.9956194960025755,normal
86.26351225431024,24.7320556640625,12.404824644320705,fall
82.12142275619176,120.37857055664062,81.15073438437585,fall
2.1915629037765627,26.50922673125461,7.554301139492004,normal
85.47466791974273,321.1621856689453,7.846472735702346,fall
58.657475669839314,335.17433166503906,7.323082587488571,fall
53.330086827745895,-172.79347614041265,3.9809316845025577,normal
2.060257917773058,-16.519775390625,1.3908188649438549,normal
57.72483275310644,93.51402282714844,5.025505746764079,fall
19.67990565289001,578.7812805175781,44.1038489339239,fall
44.346146951655626,69.3875292252392,13.636098061650614,normal
8.01778633113793,-9.550739673483491,5.760953825954815,normal
7.822735737296879,-11.033821105957031,2.3990528481022,normal
83.8669994788543,-11.019973754882812,5.829408943200306,fall
82.77372128867556,86.05865478515625,4.306660257453988,normal
8.190767551578089,-0.6314849853515625,5.554764066021645,normal
72.69737594344684,-106.85599580786148,1.319343990107157,normal
73.84890337943018,164.16343688964844,4.284425264487144,fall
1.8007279615363303,11.383781433105469,0.9392588351035857,normal
86.48763383736613,-118.87435913085938,56.96384603609644,fall
76.24324676081989,147.7194311680207,11.563175688907322,normal
2.2050788242668853,-1.6272354125976562,3.177285685005355,normal
1.8515849743121988,79.25537109375,1.263955305046184,normal
12.60259563874123,-71.97715759277344,55.42305662624253,normal
77.36422644844805,19.09523986390913,4.17233778102711,normal
29.0426053643829,72.59021759033203,11.714347452673724,normal
88.53385628431076,91.03687701904904,12.982484998789545,normal
4.748309861600745,71.08840942382812,70.79779083865623,normal
4.609976520810092,-32.27886199951172,2.466287209253603,normal
63.29698327492894,160.52215576171875,20.3955133224924,normal
86.63817131788466,13.266677856445312,9.655901071331485,fall
0.559368533181228,2.7212905883789062,3.2810992779504584,normal
0.5619534527469869,52.86460876464844,1.656330730869738,normal
80.28284695916112,70.45218992641747,1.9312266789652028,normal
9.346146369358806,18.589761698737345,18.17604997683798,normal
5.938108216028709,-6.862335205078125,0.8783504515345091,normal
88.63491615196617,237.43331909179688,17.07236949069349,fall
36.21292422949577,155.93649903361683,11.04914501837137,normal
0.687510468992711,-2.894439697265625,2.9956194960025755,normal
70.83357026181362,3734.256820678711,70.83373705243714,fall
46.886561796017205,281.8498992919922,4.471101257684047,fall
11.658465755375657,-31.49848937988281,2.792156682366944,normal
74.36139433530894,-2.240753173828125,9.11305226760603,normal
80.23719593366461,299.9922180175781,6.704089964898401,fall
81.02950183418011,-64.30193295456395,2.952407213378052,normal
86.88732847676984,253.3447265625,44.1038489339239,fall
20.854526236413708,-99.41201545807137,8.406191409577254,normal
3.1067669541224743,2.9769515991210938,1.5446501352732334,normal
65.69284087873473,19.797472804374102,5.201151224271875,normal
53.703512010059534,264.89559173583984,6.4504585365000295,fall
19.786264633383503,-4.411036004389256,1.8993717644226005,normal
53.952961036962726,94.97119903564452,3.99247932201412,normal
74.94669744380815,255.1728057861328,5.8257546045982025,fall
0.5974490927703681,22.35608477390481,0.8677102143789859,normal
2.2970340687918958,2271.086654663086,43.33964909952249,fall
53.052061501606914,39.73735370501653,5.201151224271875,normal
61.960573286431874,364.8575592041016,7.823567248303149,fall
52.94702297231868,106.60079956054688,4.179947005628172,fall
34.758851806730604,-159.5935821533203,6.85103147116476,normal
9.5100373935325,-36.96726438548232,1.1459763448980027,normal
70.29955662562706,-72.90307764854602,1.802221825967905,normal
2.8602230762129506,17.1771240234375,1.5446501352732334,normal
38.26050784271142,340.2401733398437,47.1274478254786,normal
84.90691471962542,27.16987609863281,10.980983693836734,fall
0.5086457947658695,-8.801765441894531,1.6757409587130598,normal
1.851384009782011,3.5010910034179688,0.793833632781759,normal
3.179218637863616,7.100830078125,3.177285685005355,normal
2.8461492054432505,1.7443084716796875,2.058179686298101,normal
83.58067129364613,183.92486572265625,4.410392354369776,fall
4.412667011162339,-62.45109558105469,28.688902250125373,normal
14.445693315659655,-0.034332275390625,20.939485944905613,normal
86.86812431326065,-160.29075622558594,12.404824644320705,fall
87.72011380065172,2.410125732421875,1.8854097851385347,fall
79.69123489969117,-76.65456049486181,1.4686700752543371,normal
1.2713516697806464,-18.174705505371094,1.165083678378024,normal
80.41104900514007,334.6479034423828,12.404824644320705,fall
79.32732980663806,277.7570343017578,8.29161096419827,fall
62.77147309225749,316.7571258544922,43.422339385712746,fall
81.93432892188751,-145.94078063964844,12.404824644320705,fall
67.43296208495586,-11.505661010742188,68.60986319469703,normal
78.49846285354145,192.71900940130237,11.563175688907322,normal
18.260872198459424,105.46852111816406,70.79779083865623,normal
62.74621498963181,122.91343688964844,4.179947005628172,fall
9.93472083570036,7.021625790784766,5.630486363335832,normal
3.285659114060689,-28.099822998046875,3.094463094794256,normal
64.0136935268935,43.60733230057788,3.413998324782483,normal
29.42830281162957,76.02767944335938,6.151285404346702,normal
27.662029447623723,-18.050158862913182,4.704469256661351,normal
72.18993181065905,159.92340087890625,9.516790710048411,fall
75.44609278463084,158.4807586669922,6.106646935870316,fall
58.70497646509678,40.45417785644531,76.69737029858017,fall
88.04838485197041,31.574249267578125,9.655901071331485,fall
24.836178786529143,234.47799682617188,63.34080027221184,normal
53.943879524480266,416.0248947143554,5.270157659270225,fall
7.820357546804664,113.8205337524414,1.449536234089777,normal
30.55729329618785,-3.369714406554621,5.990365311690791,normal
38.610858034701,-92.74125286069894,4.747505153255901,normal
18.502380562840585,3.405195043806496,4.468496956270343,normal
22.12010710951863,-89.72454071044922,70.52625860760732,normal
82.5660013114401,225.25428771972656,6.704089964898401,fall
86.90021363350208,-72.04479119297646,1.4729738563673322,normal
1.3496356489970804,-169.91999259074592,5.883930565373665,normal
86.6680365005318,14.690404977407844,0.7283614458146559,normal
54.77364403586779,162.7873992919922,11.507389076981454,fall
80.17729558171627,280.43724060058594,12.3398799356058,fall
5.062875871117257,-53.20598602294922,3.047866679762002,normal
55.56860592383128,199.7197723388672,8.932355732441817,fall
0.4260791316941592,-13.519248962402344,1.4134796103820366,normal
87.42848102912811,18.046188354492188,12.404824644320705,fall
58.08088161009546,181.8083953857422,7.427901300526258,fall
1.055043701814108,-35.08827209472656,2.791605232602488,normal
77.39114409665603,-269.1545104980469,32.752801875212,fall
0.0193988729624513,19.951171875,8.09731756641174,normal
43.14975662641689,-7.491941933683789,29.17037571717085,normal
80.0696211145237,455.7563781738281,14.196964144007056,fall
1.8272777983177089,-21.860504150390625,2.724863911568483,normal
19.669938537264223,-94.70072404109078,5.630486363335832,normal
82.14781309051499,14.681002500582496,1.671728042929388,normal
0.158359307227938,55.50384521484375,3.2412939594707213,normal
41.493604954868815,207.44922637939453,8.182617390809554,fall
4.633087437522505,79.91226196289062,55.53682090937392,normal
2.084987870762258,13.765754699707031,2.3112880188140563,normal
4.885383086076072,66.65202599588044,1.643019657086933,normal
0.1178148727708171,21.810035705566406,0.939619717520389,normal
68.682451367324,15.933723449707031,5.690368124001388,normal
1.8212194425071568,-26.36524200439453,1.2472311858679723,normal
29.061602440567714,106.42707824707033,63.34080027221184,normal
81.29263198971907,74.1650390625,6.105657713347583,fall
14.559100659524717,56.96468353271485,2.344749313728567,normal
80.75065981543854,66.28807067871094,81.15073438437585,fall
24.73061643598329,266.7382049560547,87.00292613304994,normal
86.17632382415054,68.95317077636719,12.58913336110561,fall
2.80362618016402,41.84991928533266,0.8669508284047476,normal
16.90853128602367,64.7061538696289,5.461932321951871,normal
25.799663660772985,292.6659393310547,3.5189278286073247,fall
1.9016175115155756,5.484962944435503,2.234447711260429,normal
89.36411417124117,20.75673947474568,1.9907190310915863,normal
84.2004590555326,254.5685577392578,7.443565969485604,fall
10.73646335524288,-52.98182111568536,7.392445299373989,normal
21.581527219565437,-86.65077209472656,27.86856044839734,normal
63.221071768400485,58.84663029244605,31.87934854198249,normal
80.17730871749644,42.26991789000183,5.929917637484586,normal
2.334351404477253,11.3397216796875,2.3322737630798858,normal
73.4558655583557,-1.9430923461914065,5.2313479269713525,fall
12.93139276581375,302.05467224121094,2.7116985573533565,fall
0.9100843934972852,-61.131844975252136,3.602542790431965,normal
48.7999839960703,63.03514642970956,10.355487602449957,normal
85.90228807207995,137.9930877685547,13.100915807619003,fall
82.1682030140298,147.44247436523438,5.186673052525819,fall
1.8377561719479767,18.37554931640625,1.7225202872518242,normal
9.588404442039732,23.07066852733361,8.159360081309835,normal
76.84655640931963,121.49940490722656,11.326634477622292,fall
88.76194888247973,18.93888542268747,0.6860808456597027,normal
82.14950811384286,7.976146498483459,0.6241777512430104,normal
82.83106182173826,-32.123680114746094,8.720257569215534,normal
1.73139018618256,-12.824652474539995,1.004694435984368,normal
8.327608696681795,272.2947692871094,68.60986319469703,normal
7.469132774611618,-39.55718994140625,62.51820924790484,normal
82.83134161373523,-179.227294921875,23.53648824128744,fall
82.09891980937768,284.1014099121094,44.1038489339239,fall
84.78893795502555,26.05293273925781,6.9114989286239705,fall
6.590517409227737,-116.67869567871094,4.3084791572029015,normal
15.3875498985466,-77.69743656557668,6.6423364522329535,normal
85.22728249439395,171.53709411621094,6.704089964898401,fall
81.9839912726035,-9.979216106292084,0.8078526254503515,normal
0.1493356635112105,128.8306852320043,1.6378414659069709,normal
8.892379557203997,-51.91738128662109,8.347616158678003,normal
70.79436090678388,482.6834106445313,6.704089964898401,fall
81.46397158819714,8.025283813476562,56.96384603609644,fall
4.622161451114675,5.649261474609375,2.3356492303360143,normal
81.41586461669496,-43.640899658203125,81.15073438437585,fall
86.36690046744606,-47.60261535644531,9.655901071331485,fall
80.70545744624167,49.37751286886631,11.655498072163931,normal
74.81184263241344,-3.226318359375,10.980983693836734,fall
52.4508815112828,9.53211389779042,5.555275468577058,normal
82.5835532909876,-85.93505859375,8.656952983578705,fall
69.78402734307774,216.02691650390625,11.326634477622292,fall
0.2147389461315391,0.7395172119140625,4.657407984361509,normal
82.94980341487032,265.72540283203125,7.443565969485604,fall
72.54752835941758,58.404257856672906,3.030439593760917,normal
0.0349126505583476,-48.6631965637207,1.3502129663621978,normal
75.5779679531785,-12.31220811357897,2.218862015465419,normal
65.27270495933931,82.9599380493164,5.004704914992402,fall
2.6401438550010816,-1.773834228515625,1.103705911513701,normal
7.009846118812311,46.3271713256836,2.9819028899260624,normal
63.77742187447318,138.01849365234375,62.06309788758306,fall
24.21813362399783,25.83188208227188,2.4861280991613164,normal
28.956131796696976,-22.642261998267795,6.499549310405797,normal
0.1696624767771124,-58.783836364746094,1.2485715922836942,normal
65.52855191968277,-244.49268361326435,4.093923574272239,normal
15.981308934074146,63.0085069156673,4.746689070570891,normal
22.320860128901653,-67.19078063964844,10.189452466090462,normal
78.35055739532046,305.1500701904297,6.106646935870316,fall
77.85677798529484,95.52902602187191,7.2544616007800755,normal
82.6977896616744,-4.492997615037443,1.034758436751687,normal
0.7441142116534891,-38.315391540527344,1.7225202872518242,normal
74.71454546458469,-130.13351440429688,6.106646935870316,fall
87.80933232208575,20.983654271207783,5.654565785457166,normal
3.1390400075044305,0.0,0.0,normal
6.553919180163605,-10.090484619140623,8.347616158678003,normal
4.753908452190139,-12.562728099285636,2.9093824691685217,normal
2.3931491785773145,28.49384307861328,1.537807753469742,normal
3.5703930943623385,-29.326629638671875,1.736895038708952,normal
81.58494795211637,36.78955078125,7.871618699870979,fall
2.725424370398206,-14.980631203703595,0.9993430732799792,normal
54.87780728010834,60.18722534179688,4.319885329244123,fall
39.36666275786191,121.65550231933594,5.861115080911517,normal
8.355912262308012,29.9817195382944,2.016267581461663,normal
58.19147248230773,126.43157958984376,4.179947005628172,fall
27.82839189271115,21.662750244140625,5.862497699303027,normal
0.5563844662815096,-46.734352111816406,1.1791484910506829,normal
2.2979005215807966,-14.60895538330078,1.076950751126324,normal
81.62260323010958,344.0080261230469,6.704089964898401,fall
11.61445065140585,78.37894350530615,0.77230908314605,normal
19.413904359297646,-69.34181213378906,2.084537398169937,normal
60.54702593396277,37.736663818359375,13.828688491782223,fall
8.697948591500117,65.58059692382812,4.824236073843508,normal
81.38501641440976,5.2814483642578125,8.605457471693697,fall
1.7150204482167657,0.2034759521484375,1.894364967720489,normal
80.46743032633309,310.00328063964844,12.404824644320705,fall
84.2202624158222,124.75959777832033,8.656952983578705,fall
76.58090926315569,-141.19246410845395,2.6252366445730786,normal
74.88371111437046,-93.12240600585938,13.492052529945916,normal
2.70340813619272,10.767745971679688,3.851810657791285,normal
78.87620880832155,3.661900206580912,2.2851879189527864,normal
80.42470887407809,425.4553985595703,6.106646935870316,fall
0.3224642009887534,28.42815399169922,1.8790371609603491,normal
1.424397873478304,-5.3089141845703125,2.825900414178344,normal
7.255248532371799,-12.031820349406162,0.7918601259977338,normal
81.35980079796309,85.4718915420691,2.7780537024421363,normal
85.27815440795467,-11.156387329101562,56.96384603609644,fall
52.181572179615344,-186.6332244873047,68.60986319469703,normal
88.34192183091494,133.99417877197266,11.326634477622292,fall
88.73924625621898,388.6122894287109,11.374029841886298,fall
77.63633186243523,0.5681991577148438,5.2313479269713525,fall
1.7628104609523254,-36.71184539794922,2.4412183649107844,normal
11.811431695556228,-27.197456947207897,2.590930920465423,normal
54.59847391601199,60.50605773925781,47.1274478254786,normal
66.30388653790996,-47.59048461914063,4.659345377714004,fall
79.18819090462674,58.20065268762246,2.4284174973100647,normal
89.89832364479604,312.0531463623047,5.186673052525819,fall
23.36733075704808,321.3706970214844,63.64246934223289,normal
89.24639709018385,-6.236274494115363,2.6510823084528568,normal
21.078578875104785,176.6242218017578,66.73143131665721,normal
83.13252152420628,71.53404235839844,6.105657713347583,fall
31.987006940835027,182.9722595214844,8.343778508919975,normal
67.54899678530626,-49.51629638671875,30.51987712410997,fall
81.97257918999577,-10.674362182617188,10.980983693836734,fall
2.021166792354998,-24.23778533935547,1.4134796103820366,normal
7.290347505671059,1.0873031616210938,1.2606970243381823,normal
5.231026165775053,27.95821930290332,1.8608299828877604,normal
1.7871774453039877,115.52021026611328,2.65186787058762,normal
1.455348850078768,-25.573997497558597,1.1866620663855545,normal
59.743185194002535,29.51770354910747,7.4818015965871965,normal
69.5554438901542,57.0263671875,12.404824644320705,fall
88.45133452548384,118.62785339355467,5.186673052525819,fall
7.780627555975173,-16.34654476801049,18.17604997683798,normal
20.049267225886187,22.14090000302007,4.169401535774236,normal
10.38433086361166,-61.83517456054688,15.3024321408965,normal
80.10989748717823,33.57805344759827,2.952922074282625,normal
60.357049698433954,104.55802917480467,7.427901300526258,fall
86.73150585753952,-0.0345611572265625,4.753890298938515,fall
7.752774672616971,-19.068145751953125,25.095720339330317,normal
8.82545583576817,54.3621826171875,1.635424822899635,normal
8.066359878495668,-6.88545248643481,3.0509450145336885,normal
13.111426991754056,32.44892120361328,5.756699007710297,normal
84.9765476682435,234.3669891357422,25.46107057549876,fall
41.022754184309335,46.68937683105469,19.59504583239713,normal
1.653210718160065,-48.92234802246094,3.563721630017576,normal
5.170022419675221,219.59976196289065,1.509970683918345,normal
5.582171364799838,10.447883605957031,1.4800008359075547,normal
46.53065138560783,-81.13087650005667,2.7982765700041767,normal
26.809226111282857,-55.917727094836806,4.440413464558855,normal
70.92477697876902,-5.765533447265625,19.39418980708193,fall
5.166090042090135,228.5846328735352,2.423543617924212,normal
5.738486130110088,163.81999969482422,4.347329407392365,normal
6.278980244277065,-14.11810802318224,3.3133878672651926,normal
64.74632216186639,106.35269165039062,4.659345377714004,fall
72.65595125573975,-115.63156127929688,53.13386748577328,fall
78.86979025448207,332.0416259765625,5.753365323112689,fall
70.64519863257597,97.803955078125,8.720257569215534,normal
61.514776814038576,41.63898468017578,6.222066302412962,normal
1.5812575277609815,-7.952613830566406,1.6435523000395422,normal
16.751499138536147,10.616426586528958,5.541998211092896,normal
1.982535815573747,-61.07975006103516,3.10086149208092,normal
0.1412449059214555,2.9682540893554688,1.6042059900447907,normal
28.12007264839296,224.72579956054688,12.288351780307115,fall
20.700017884125074,3.7985336496869206,4.747505153255901,normal
67.66031912825211,-131.01173400878906,53.13386748577328,fall
7.934933744241649,92.75413513183594,1.635424822899635,normal
77.02599364842241,96.68001927878036,3.030439593760917,normal
87.07148085714073,6.28473623252388,0.2066714947422099,normal
32.52204002535336,25.038018761121837,5.613182891790821,normal
19.149598345909983,-112.82808612182696,4.647422894184652,normal
2.588844186432729,1.4123153686523438,1.4792112415776344,normal
3.203064854942092,6.607933044433594,1.6618944330540617,normal
9.171272164725345,32.42809295654297,2.71161105561397,normal
38.20403527028104,-186.8954860693267,4.647422894184652,normal
80.62561776692586,-22.21641540527344,10.980983693836734,fall
79.42005823288098,305.0672149658203,5.87118195251319,fall
18.69230775507288,7.621164080031508,1.8993717644226005,normal
0.807388665636467,-49.61116790771485,3.2810992779504584,normal
64.82045807648483,19.94819641113281,6.4504585365000295,fall
3.6297548469420793,-99.92660522460938,4.657407984361509,normal
89.74194389205573,-1.2038002267566654,1.347249133338977,normal
0.0111902282142604,22.945632934570312,4.341841992782942,normal
23.478378189206563,-16.95519346257484,2.079495276041332,normal
22.868964791118017,-119.37915802001952,3.0472270966128576,normal
83.20940851240171,574.3842315673828,15.98611265857184,fall
9.80448397279867,14.052074106936074,6.2863990620966135,normal
81.61153306915472,30.809783935546875,27.966568136131905,fall
37.86546283882731,554.5710754394531,44.1038489339239,fall
1.4197596862604411,-98.46336364746094,1.3675041912181047,normal
0.740441923157087,5.185432434082031,1.3762191523596303,normal
3.3532133591694104,-5.045814514160156,2.784014984608147,normal
71.75154426392102,98.84902954101562,4.284425264487144,fall
0.180836451772356,37.50023387837103,3.370380170012972,normal
79.19605763801547,169.0271759033203,5.186673052525819,fall
60.30087613587198,-289.64698791503906,25.13454012025801,normal
14.402881167948635,-10.824085163303137,7.719979667983672,normal
30.8555857423139,491.28868103027344,69.46927255994777,fall
5.139032452737164,15.989456176757812,1.4904692360403424,normal
82.53728994910725,112.29286193847656,53.25526594883006,fall
78.66888258095145,30.003662109375,5.8257546045982025,fall
86.15469162897294,-183.3171219634819,4.500269030088248,normal
57.28748865503047,112.28122849409417,10.059861669946764,normal
32.803189078512126,21.718895167764536,4.907767353556437,normal
14.47858597626421,282.2760772705078,5.973168089635336,fall
83.02214109116893,66.93946838378906,14.181923987871556,fall
15.337688238800036,13.763578562030824,4.746689070570891,normal
6.722186580990676,-61.69063568115234,1.9780374507931688,normal
3.173979113259412,-0.5587005615234375,1.5172557398912938,normal
1.0236383665322186,-39.18376922607422,1.7225202872518242,normal
84.68536697362926,4.079444346663954,2.1672417533690838,normal
29.04359293373451,8.571510314941406,13.492052529945916,normal
2.1076530713793664,-3.1542205810546875,0.9406994913534964,normal
73.11112135187501,50.49819946289063,15.98611265857184,fall
41.20146013777045,-25.824556681257796,2.7982765700041767,normal
87.64741828461531,-41.9696044921875,11.326634477622292,fall
88.51465997797618,270.9791564941406,7.846472735702346,fall
6.091806691920644,9.55730438232422,3.177285685005355,normal
5.515451550034999,144.98964570924258,2.100998826445156,normal
78.20198813879468,25.347901700578035,2.3581518526594465,normal
88.20108630828655,-19.01333354465512,1.1079960848472865,normal
20.96018914916469,-8.128730311130035,6.647066402572797,normal
10.629571170786718,-151.77172093858104,9.942848573821124,normal
4.018065899906688,-56.586570739746094,3.2810992779504584,normal
85.74066768583684,399.47113037109375,30.792844995403527,fall
3.9283809392960207,116.63123376932224,1.141736955618783,normal
4.08269022755224,124.35894012451172,3.8985122770767138,normal
83.3194964751514,56.27810353040413,4.311057324407614,normal
5.0435437007256665,-32.137699127197266,16.679066472894938,normal
88.13097883868657,-20.98248063556388,5.72496186829197,normal
85.56797638645256,-0.1676311132758943,5.56096167486642,normal
1.236810170345667,64.18498992919922,3.897948187147177,normal
10.076302939946176,13.065261840820312,5.461932321951871,normal
0.8410873537827167,187.7665328979492,1.5770205341313333,normal
84.89523170890395,-42.34509209845369,5.327486160143636,normal
1.4344302411135812,-17.287216186523438,1.894364967720489,normal
44.60508894544989,-52.481231689453125,21.73765387424992,normal
2.063560309379824,-20.544204711914062,3.192821262595526,normal
50.84169573148236,-65.91796875,63.393264661625295,fall
85.94673169924742,191.9496917724609,5.186673052525819,fall
40.38459657230759,30.548486876153213,31.87934854198249,normal
65.38026609353898,26.26739501953125,13.828688491782223,fall
84.13731036070217,-117.70065307617188,10.980983693836734,fall
57.57557438365154,-50.52131652832031,12.404824644320705,fall
57.62776888276992,679.9477386474609,57.1167143513312,fall
0.950958714430369,34.48539733886719,2.362372064289656,normal
3.3474030835370745,-21.90586240699269,1.0613189634987674,normal
1.894106228485224,-12.01274871826172,1.3502129663621978,normal
32.514514938334,249.3208694458008,8.932355732441817,fall
72.69665867149729,126.58790588378906,5.186673052525819,fall
2.723134125226128,-64.2245864868164,2.784014984608147,normal
73.0691219987241,219.50294494628903,7.838003081940975,fall
5.026249053031432,29.522397039348046,1.9097162382024584,normal
85.18188598608249,70.2762222290039,8.348682491410386,normal
58.91336047637645,110.4206085205078,24.03826575414021,fall
82.32086077989298,447.6473236083984,6.704089964898401,fall
16.733474710996116,-46.64285659790039,20.939485944905613,normal
67.34354099671864,13.78143310546875,4.943944404716596,fall
62.89310976292744,738.3235931396484,43.422339385712746,fall
36.71780511318519,-61.484813358445386,3.4081479616569013,normal
50.301523545812806,-628.6406707763672,27.601792611475915,fall
37.52173740399866,121.52847290039062,5.861115080911517,normal
56.839681354223806,15.98224639892578,4.599177527978931,fall
44.00540526932815,-108.88938903808594,6.2688946599819815,normal
1.7259794429369957,-29.481353759765625,4.951014283497465,normal
3.542039656286939,110.62705993652344,4.118083873382105,normal
1.7058509439661589,19.439735412597656,0.7580002416390796,normal
83.62594969468601,15.150198074845786,4.500269030088248,normal
2.2076887885618306,-1.2511825561523438,0.7580002416390796,normal
30.03496664789302,-303.90209197998047,19.59504583239713,normal
60.57088169570085,125.7513427734375,27.601792611475915,fall
70.7211438698311,136.84158325195312,6.283606398139348,fall
85.61244467815743,-48.35105895996094,2.085632004551641,fall
84.88193827616688,49.34987484761039,2.7780537024421363,normal
83.40611514191399,57.53349022123012,3.592413859253924,normal
85.94270431763537,62.58590698242188,12.404824644320705,fall
47.11518155435244,511.4472198486328,69.46927255994777,fall
0.0743573193843027,-34.94121551513672,0.8466583717563787,normal
5.165952534643151,5.47210693359375,1.807536074064291,normal
61.91505969666677,539.71435546875,9.516790710048411,fall
2.2625650713744525,12.55645751953125,0.8458375273869532,normal
58.004019530023655,-72.26325988769531,13.828688491782223,fall
62.1653852723705,122.0441436767578,4.306660257453988,normal
85.7695818190998,60.06229768123593,4.247096895990964,normal
82.72335304791177,5.955431282723376,2.7436022279165826,normal
5.524090610110741,3.610267639160156,4.164479109272477,normal
66.63871761976165,103.51112365722656,6.11428138585859,fall
6.706082057476177,-52.98963700120296,3.264463978209511,normal
82.19199084539143,-111.9891357421875,56.96384603609644,fall
5.2051601268314736,33.454742431640625,2.1078752859051706,normal
0.5909949778563706,-15.068206787109377,1.5446501352732334,normal
4.41114958153382,208.3067321777344,5.554764066021645,normal
14.935364630141663,39.399261474609375,28.688902250125373,normal
87.11393817576383,-21.323259874456497,1.2447977720820944,normal
88.07787356298194,-20.880370536451387,2.416077386969277,normal
88.52507312005545,63.18122863769531,56.96384603609644,fall
75.24487643447983,-115.59654235839844,19.496122412212834,fall
3.607750955183589,-92.1746063232422,3.897948187147177,normal
37.48227551200949,293.04278701185973,6.499549310405797,normal
1.2480407507880888,95.34358978271484,8.07118492941097,normal
1.5191251008576707,-6.432380676269531,1.0654337024005145,normal
72.01240270758474,376.36024475097656,19.496122412212834,fall
81.74801478967039,17.091233495126826,0.8078526254503515,normal
2.6709355658393337,14.54498606805603,1.5590563078458244,normal
3.198868168754922,-41.08680725097656,3.104365823475804,normal
87.32988142614026,179.8944854736328,6.704089964898401,fall
87.34272443031513,11.167083843808577,0.8619307817546371,normal
86.64594779897803,43.08666695737325,6.1554135138026425,normal
82.0070278873954,2.41241455078125,81.15073438437585,fall
50.66183848798129,27.631988525390625,13.828688491782223,fall
58.27508809462648,118.44703674316406,4.530614464157551,fall
4.688440385871288,216.6109085083008,2.0524515248818647,fall
3.8490941727782944,28.9135025371619,1.2367921728757747,normal
70.36002800826857,-5.894622802734375,25.46107057549876,fall
64.98798281648959,92.64724731445312,4.284425264487144,fall
71.71085137035725,325.41297912597656,7.838003081940975,fall
15.1725564280026,-4.3430003738121234,32.83876998007711,normal
10.147775371400918,18.092994689941406,2.792156682366944,normal
1.7076397295142498,-53.674163818359375,2.2205931064499245,normal
15.219736465349866,2.851238250732422,2.469985729692312,normal
17.099558006216924,115.88459014892578,4.252224850036251,normal
71.67175690061767,-80.7110595703125,13.828688491782223,fall
45.20275015925231,104.74113464355467,16.279080599201034,normal
58.47915234114827,-3.1615447998046875,10.83601137595896,normal
4.222902283400925,-14.03594970703125,2.1421773607412766,normal
11.563734604188468,-7.677841186523437,3.072057780675173,normal
2.439896246383941,-10.377845764160156,4.3084791572029015,normal
2.461932758605139,-1.8317413330078125,76.77248926482086,normal
5.503038791229303,12.02226549043234,2.293729174358037,normal
76.80301226072301,-31.036148071289062,3.9777004107543945,fall
2.688016820854537,-64.59949493408203,9.41586993596002,normal
80.39050942586537,-359.0483093261719,65.62805702472092,normal
4.78880355379248,98.21914672851562,3.7361920131834943,normal
84.53124213502971,-23.35861595223492,4.714490202948412,normal
35.635904213803926,-78.16547267745695,5.541998211092896,normal
0.4717976931901264,-21.59923553466797,2.058179686298101,normal
71.47086030388995,154.37049865722656,7.838003081940975,fall
4.465732482714221,-16.88477219104191,1.5573409288485704,normal
0.1454768007684555,-4.299430847167969,1.2472311858679723,normal
25.774353179000123,12.590785995943389,4.133211859421163,normal
24.9607731046692,7.377662658691406,5.461932321951871,normal
7.172341335249911,-3.902549743652344,1.7817807953573643,normal
84.2425458446652,-7.275719942774053,0.2187258961533444,normal
19.85616045947223,304.5881652832031,3.966756254607177,fall
4.913673866033728,-9.850959777832031,2.048110465818001,normal
75.10357736307228,100.30677795410156,5.2313479269713525,fall
11.825368030206889,90.18756866455078,1.7287212216009646,normal
56.70769762814876,85.00785827636719,5.025505746764079,fall
63.858181314446725,533.4143829345703,20.226138913549377,fall
84.34428375193086,2.610038475248012,0.7553612955328077,normal
75.54536420937603,81.95594787597656,32.752801875212,fall
2.4451124312840107,33.21521759033203,3.563721630017576,normal
0.1055307424723937,-9.58454132080078,1.103705911513701,normal
1.389915222962957,-6.468544006347656,16.600164878606694,normal
2.8720143404340464,121.18995666503906,2.65186787058762,normal
57.41564148431599,-222.29309385305584,5.75382915724046,normal
28.224880325251817,79.80989302568707,5.990365311690791,normal
0.2945278666106093,56.04419370654054,2.0827633981120504,normal
75.08337011102653,85.72013854980469,53.797111480362815,normal
3.704317771427674,7.993011474609375,1.5927119681039428,normal
1.8205660396630292,51.06239318847656,1.5172557398912938,normal
67.93177205255365,15.630111694335938,13.828688491782223,fall
9.650367853806715,319.4146728515625,3.281024912007036,fall
6.358266902497585,-63.82061004638672,3.0163044500593403,normal
82.07586901049447,-85.71830749511719,21.73765387424992,normal
83.346650019609,96.82159423828124,11.326634477622292,fall
1.8401899243920676,-16.792945861816406,2.466287209253603,normal
1.3001029137886244,14.829139709472656,0.7580002416390796,normal
12.77955297972832,55.80196380615234,1.7232064799329052,normal
9.756800620052571,20.408935546875,1.7232064799329052,normal
82.75380453607873,-16.026930569689394,0.7363221638330657,normal
76.62337338848056,13.92179030676553,4.17233778102711,normal
7.173401270515304,-61.4604377746582,1.8966771053549345,normal
11.075889527421136,-36.32698059082031,4.4181065060681295,normal
40.65265175291358,419.988899230957,4.0951989844454495,fall
86.01720080825976,52.06764221191406,20.47467650067317,fall
4.3820891391235,-29.091623148192507,32.83876998007711,normal
2.1754908325969406,-23.31504821777344,16.600164878606694,normal
2.0366950889070177,-30.140153097819567,6.026290780231024,normal
65.78371090244212,79.03358459472656,6.9065276937256215,fall
15.347457265574944,266.3953399658203,77.52154317673971,normal
47.67622825880292,68.33988189697266,5.592984754986055,normal
70.39270033867992,120.13961791992188,7.846472735702346,fall
66.69741135731195,129.49905395507812,76.69737029858017,fall
75.06689391655651,70.81491509745129,3.030439593760917,normal
18.162848324525477,134.31106567382812,3.477015420057373,normal
2.717120477539585,-33.48838806152344,76.77248926482086,normal
4.595900707023851,-19.32357788085937,1.2918582881127048,normal
6.671105079997005,-9.240989685058594,2.887433464804148,normal
38.87342617247754,209.57874298095703,4.270883690912051,fall
0.5683486697909128,-7.711944580078125,1.6435523000395422,normal
0.0085629330092726,2.992401123046875,3.812339398939908,normal
7.78416083749541,58.33911895751953,1.5820093473822734,normal
6.689827725487757,8.412295504729828,2.0128300534689707,normal
50.54279887036557,-436.5424346923828,43.422339385712746,fall
3.6862311455749865,301.0569763183594,15.80854175494424,fall
55.13474123205168,-17.085113525390625,12.364553832287552,normal
4.100563452964385,37.838172912597656,1.7817807953573643,normal
0.3846280480580085,2.708930969238281,0.6325543909895404,normal
65.7952994292556,320.1658630371094,43.89469719300752,normal
55.53961170568729,-52.71171569824219,13.828688491782223,fall
82.62808866774041,17.094751548761867,1.332321256068994,normal
12.849451161578587,-35.64348220825195,4.492477211422923,normal
12.465749977113733,-5.157279968261719,1.7232064799329052,normal
58.24910128493985,99.51095581054688,4.179947005628172,fall
78.88612288228455,-47.88597106933594,10.980983693836734,fall
82.37599200196743,-9.835665381585278,3.5958135781394702,normal
4.312960177428471,6.483935399143832,4.107510643215705,normal
21.46698165554452,-226.43577575683597,66.98046843169796,normal
63.29439993181133,184.66278076171875,27.966568136131905,fall
86.49997813856699,232.38510131835935,44.1038489339239,fall
21.76865727149989,-268.7956237792969,58.37573960521315,normal
87.40261100924901,-8.224493494057024,3.1372659928680946,normal
63.46173971438575,320.2649688720703,6.4504585365000295,fall
2.259836667906971,12.627836166628173,1.8608299828877604,normal
84.27044709533105,-30.090995237930137,11.563175688907322,normal
19.821121280210203,-171.41870447377457,4.747505153255901,normal
72.29759484208877,-85.97383881817008,4.079630553731306,normal
21.764914450032187,5.801198981056017,3.245770310445764,normal
5.263213466633245,-2.31170654296875,28.28626519204943,normal
1.6221978244788555,19.423826453658187,1.0219694144023368,normal
5.543170354325121,-209.49371337890625,6.539248333553875,normal
76.47496282574562,-55.62982124278987,3.227471664556745,normal
5.841262662272155,-2.995355865993949,2.9093824691685217,normal
82.02032312111292,90.076904296875,15.98611265857184,fall
3.970024864578151,-40.4725615318398,5.760953825954815,normal
33.562410611018386,-186.30252633615575,6.499549310405797,normal
6.880790882432019,-94.7442626953125,5.554764066021645,normal
0.0368256842731315,11.610145568847656,3.303958873780623,normal
7.514693281474398,-49.23385620117188,9.314886529826875,normal
72.42867063814957,201.61056518554688,17.07236949069349,fall
81.27458836302719,128.83727169712938,4.311057324407614,normal
70.66587906701739,436.9104766845703,6.4504585365000295,fall
84.71992928849099,96.4972686767578,10.980983693836734,fall
1.7174945754876372,6.432838439941406,1.511559637569129,normal
4.291617188191151,77.85667419433594,55.53682090937392,normal
62.22959291920783,231.2999725341797,11.326634477622292,fall
36.39219234209425,71.44123077392578,5.861115080911517,normal
77.00006542231118,11.29237881279043,4.714490202948412,normal
26.11906487912289,26.421514982780504,3.417499212987792,normal
0.5764151205292777,26.445350646972656,1.6902569189919108,normal
1.39471448547464,-52.70599365234375,1.076950751126324,normal
61.7751823410616,-283.14720153808594,27.601792611475915,fall
86.66093644435368,-25.26695251464844,1.8350963933200009,fall
84.48149068230752,2.117156982421875,9.655901071331485,fall
3.304641565972594,-18.34339141845703,2.556856787639002,normal
4.627727833892855,115.79761505126952,9.41586993596002,normal
0.569506983785175,-45.643043518066406,2.768436879692464,normal
56.877658611332464,-16.086502075195312,13.828688491782223,fall
38.53254239316186,383.6071014404297,44.1038489339239,fall
18.17905579919979,-61.949615478515625,3.0472270966128576,normal
13.0394101555672,232.1707534790039,5.973168089635336,fall
68.11675756236332,40.46333312988281,4.284425264487144,fall
79.6033757454471,-20.779283878131004,1.7660380843505834,normal
16.573620226108055,-25.69100853244771,3.0400910892950463,normal
81.21474319879118,7.01751708984375,81.15073438437585,fall
75.97583244326597,-72.2637231528535,7.212661483535911,normal
3.7394937515517257,-79.98916625976562,2.0953883460033054,normal
84.00487722100682,58.394269068971326,1.4729738563673322,normal
79.05856566344836,-73.48542472524821,2.1484405203025574,normal
0.926362693466424,231.9554901123047,7.771585898033693,normal
32.49923338025374,67.75073760036885,18.17604997683798,normal
0.6402565346252395,8.850288391113281,1.103705911513701,normal
1.0277482539754312,-11.113248792540771,1.6572479030254663,normal
57.964480645340615,17.853927612304688,4.179947005628172,fall
3.8296838598205256,69.93003845214844,4.822320425576994,normal
22.19399689451512,17.88806047793459,3.245770310445764,normal
23.17440575053015,6.72135916358282,6.719596756644919,normal
72.06282362732189,30.973218982169936,4.311057324407614,normal
1.194720556936256,11.56940460205078,1.269318708838025,normal
86.9219906826593,-1.868206177374058,0.1241102279208234,normal
1.7757394289770794,10.874519348144531,2.705836163325611,normal
68.15957413851183,48.54034423828125,13.828688491782223,fall
1.0163533517746783,47.57236825063934,5.760953825954815,normal
89.43270391577776,14.247272477455583,1.285789746120173,normal
79.33856102411755,192.1575164794922,7.846472735702346,fall
19.289223850129424,-52.16034073816028,9.471575789495546,normal
84.77736194822566,15.618553161621094,8.348682491410386,normal
66.09102116386148,2.666124139323214,4.907767353556437,normal
83.33200092085833,-226.50672912597656,9.655901071331485,fall
58.78221287042404,103.63689422607422,4.319885329244123,fall
46.62016194068261,158.5140527224229,4.357424479345468,normal
70.45390260280111,104.234619140625,60.79748625162003,normal
77.36521641433268,368.2225799560547,5.87118195251319,fall
22.659692000843147,-160.20309448242188,62.019929456871694,normal
4.773659066602451,-54.40956115722656,73.23882112903976,normal
88.534184844427,-10.00438360103323,5.654565785457166,normal
46.71466277291008,224.65896606445312,4.471101257684047,fall
27.62484425836521,263.06236267089844,43.75155845446068,fall
47.70048709975072,298.2498550415039,7.351769953513397,fall
51.74932119896077,285.23231506347656,8.932355732441817,fall
41.02063733623814,-22.307677438150616,2.7982765700041767,normal
83.64834083153634,-95.7035508600946,3.653517458277421,normal
58.03336632951208,371.60247802734375,44.1038489339239,fall
62.09700205716002,169.4702911376953,4.179947005628172,fall
78.2338163805616,21.10313415527344,3.9777004107543945,fall
82.33723000070096,-545.7778930664062,56.96384603609644,fall
86.03730795998803,72.81806945800781,5.8257546045982025,fall
82.3496897200122,49.64859212932457,1.604527077360686,normal
80.4528050390894,60.42228698730469,10.980983693836734,fall
79.43992841440922,168.91799926757812,11.326634477622292,fall
3.7654793454082633,-28.23577880859375,7.209537360385838,normal
83.78436474555785,64.32766959283565,8.056928037675164,normal
82.25436173531725,3.927855569983171,2.1492876329877504,normal
37.901892735277336,11.908388340437458,6.499549310405797,normal
35.32071470925411,157.79376983642578,4.746121865600905,normal
3.673484211572572,-5.295644949599667,2.599101067627862,normal
7.601406024095347,50.730743408203125,4.222204531224987,normal
2.087460188425681,0.1389312744140625,1.473058980416876,normal
86.0184295599546,21.42422900038002,2.094310264379573,normal
1.0710917504409998,15.347914905920192,0.1678800745342041,normal
19.663915095376545,-70.06656646728516,4.855775222500542,normal
1.5951069290474384,-55.48656463623047,19.38153750746268,normal
75.46185578581007,26.254638326109543,11.563175688907322,normal
1.4793300621592278,10.984268188476562,2.195062570198413,normal
1.9143320525905931,55.03958444808519,2.293729174358037,normal
37.989080442376086,302.30701446533203,6.376923369140684,fall
86.70242828550913,108.51974487304688,10.980983693836734,fall
55.961300623950855,-13.578643798828123,12.364553832287552,normal
30.23162404744309,28.684844970703125,4.56712782056406,normal
64.47909206733826,194.82261657714844,4.672878618919157,fall
3.941848454283712,45.49598693847656,9.314886529826875,normal
2.584847441845977,-96.71836853027344,3.101239625472119,normal
4.013102413705564,-6.00677490234375,0.5367733563885477,normal
1.4590318135686786,146.07078552246094,5.576786354225896,normal
18.626023229144263,11.132953524567805,4.402141888633746,normal
26.817436997894333,56.6836166381836,14.521825610676704,normal
68.90098552937646,213.18511962890625,5.004704914992402,fall
3.317725691353792,48.857460021972656,2.8363558978082346,normal
0.5554462657384286,33.783302307128906,2.791605232602488,normal
5.163526049018266,-50.88935852050781,3.104365823475804,normal
88.27743240145514,116.4800262451172,53.25526594883006,fall
1.6577193723428458,44.534124910034365,1.1409368900069667,normal
75.04906181264073,65.66047668457031,15.98611265857184,fall
1.6276577797575755,-15.14751434326172,2.878248385414149,normal
0.2037291006812036,48.30253601074219,4.341841992782942,normal
5.2906865245281605,0.0,0.0,normal
11.624203897109362,-45.58536529541016,66.98046843169796,normal
39.36784276267372,158.45443725585938,11.697278945866998,normal
76.0781527067892,435.1114654541016,35.15888761754222,fall
15.712892698174718,306.8678283691406,4.380420904447474,normal
51.0690101362712,116.62358422712389,5.555275468577058,normal
77.03320963147638,131.87210083007812,11.326634477622292,fall
39.70327719748449,-183.36454790167335,7.598722326409259,normal
25.48056272090148,-6.2114399729887575,3.417499212987792,normal
0.6860838267928878,26.251258850097656,1.9402779127805416,normal
2.216688914798967,-2.209053039550781,1.7099729764016165,normal
81.15481534559578,2830.2511596679688,81.15073438437585,fall
32.122966604410074,460.89134216308594,18.889654653659,fall
56.25098052963022,1324.211654663086,24.72586946618405,fall
4.097869619858806,-72.02728271484375,4.822320425576994,normal
76.86646268958073,-21.325180737342123,4.079630553731306,normal
1.425697332093316,-3.188095092773437,1.5847215498252418,normal
86.43770810695068,335.43365478515625,8.29161096419827,fall
84.33439384343922,319.2645263671875,58.37573960521315,normal
69.0618653039322,-17.095184326171875,10.980983693836734,fall
15.611102809224104,-312.089691930632,9.978827157000277,normal
3.5007856039553267,-11.462516784667969,0.5367733563885477,normal
68.28549282670167,186.76368713378903,6.102669876006658,fall
64.32037434038695,291.1054229736328,6.4504585365000295,fall
6.178467554000511,26.95815786920135,1.8608299828877604,normal
58.28360353373231,78.38584899902344,13.828688491782223,fall
75.6511670779131,-290.67089080810547,66.98046843169796,normal
1.0973475527731709,-62.35450744628906,3.254069712282161,normal
29.39876699651237,336.90513610839844,3.5991033357393896,fall
2.6088288463418974,13.73291015625,2.825900414178344,normal
4.826643173470109,-75.93011856079102,16.679066472894938,normal
33.050033621260525,286.78836822509766,6.376923369140684,fall
79.24452625684684,3077.414016723633,70.83373705243714,fall
44.69461940027799,234.918868284974,5.990365311690791,normal
1.4409995498953552,-30.30838372356426,2.599101067627862,normal
53.008856870255485,-53.15486119457725,5.431917471163231,normal
73.9512362243802,343.43284606933594,7.838003081940975,fall
39.66228303883035,264.0022659301758,4.270883690912051,fall
2.590839642787028,19.030494689941406,2.3322737630798858,normal
59.723353119811456,-181.67930603027344,55.53682090937392,normal
68.00566389208795,81.47575378417969,58.37573960521315,normal
70.67728781474983,-22.686309814453125,14.181923987871556,fall
69.10283425283741,180.17899354425288,10.997816060747647,normal
29.760428623663365,-117.62335274379048,9.942848573821124,normal
2.0280079677904683,-64.94979858398438,7.836355687208218,normal
63.04739669577934,4.983901977539063,5.8257546045982025,fall
65.97419429592188,-25.711669921875,63.34080027221184,normal
72.98803105586735,-5.248326774756423,3.6851292744195945,normal
86.93133096029841,22.262291070628496,2.416077386969277,normal
4.719076700808628,-29.172706604003903,1.6618944330540617,normal
10.24917616781686,41.13876570370669,1.5658735912239514,normal
59.70702217349868,-326.0932159423828,56.96384603609644,fall
82.8323276605281,18.198288666928534,1.872493486036774,normal
2.9503068085808994,-52.82386779785156,52.704511281602734,normal
84.68520910346233,30.034933758073358,1.7958933835641773,normal
4.808421657196484,-35.49396514892578,4.164479109272477,normal
67.59361556933455,90.1876595248862,7.64072912479827,normal
8.86789478037237,-43.26879501342773,7.209537360385838,normal
28.036095804139297,134.501953125,5.170116475867644,normal
3.0339764333872887,-10.716590881347656,1.4097093939338703,normal
41.05700559365944,26.77379608154297,4.306660257453988,normal
77.2682241390811,243.9484405517578,6.106646935870316,fall
87.02965677904166,49.50057585222457,5.205734184205809,normal
78.02712449776213,-29.683914184570312,8.348682491410386,normal
39.87947962799442,68.42903137207031,5.861115080911517,normal
1.9444522484986253,-85.41142487488715,2.132510581213681,normal
70.2936228575214,272.5543212890625,53.13386748577328,fall
79.35410726179785,28.975833582249365,2.1484405203025574,normal
2.701459774197079,-33.934364318847656,1.7225202872518242,normal
15.300524606085254,34.48127746582031,14.440972170484564,normal
72.23877326185352,427.9085540771485,6.704089964898401,fall
72.19591573496731,-24.915032787913717,0.7199842217551833,normal
30.402168734444476,67.73517455204934,1.9944064586747672,normal
22.510541441747986,16.441612243652344,1.9734522302622184,normal
71.88213572965375,-531.0454559326172,27.601792611475915,fall
4.688729909201556,-46.47274017333984,2.3322737630798858,normal
2.507219887405441,0.0,0.0,normal
1.4358607726093662,32.62470245361328,1.8790371609603491,normal
83.24627026573097,-24.20379638671875,12.404824644320705,fall
3.879039232573541,50.532073974609375,1.2065756937179364,normal
2.64255325362552,3.351132473388502,0.9993430732799792,normal
0.7591486231099294,11.843605041503906,0.7867610004226859,normal
13.352106015129143,83.38468551635742,4.252224850036251,normal
20.31021580874909,-154.40814971923828,11.714347452673724,normal
2.979755896139767,-39.67792510986328,2.768436879692464,normal
48.468841749966586,530.9676361083984,41.70184867208405,fall
31.01357649694164,-39.29021828550736,12.206283666995375,normal
88.87585897578398,19.47235107421875,6.704089964898401,fall
55.20813410831011,11.897506713867188,4.659345377714004,fall
26.57597544700423,177.47760772705078,3.9926732880860074,normal
53.31894777885791,42.31132507324219,4.530614464157551,fall
14.101183604598337,-0.619544565658548,2.590930920465423,normal
82.73560693088557,130.05972948657055,4.500269030088248,normal
0.7494931540839037,48.55213165283203,1.3675041912181047,normal
18.23485415325341,-0.3033620905319766,3.789359739481647,normal
0.2053362993996567,-25.260086059570312,1.2485715922836942,normal
1.943473588620791,115.4483413696289,1.2171689151795246,normal
2.778090197357164,23.63969484789553,0.3402765818594955,normal
7.13768480396863,235.3759002685547,1.5748836478481874,fall
22.084309575971314,-328.0288236999529,6.73077817741402,normal
59.55159083858592,619.6817779541016,53.25526594883006,fall
10.350265097442511,80.12420654296875,11.714347452673724,normal
4.886657607677839,-19.70481460785132,1.5573409288485704,normal
23.653404942071425,-7.59160769649757,11.730076506517864,normal
2.5477216502714417,18.95347595214844,1.2251377347600751,normal
1.3094829096406522,-30.106544494628903,1.736895038708952,normal
1.1669680328693648,-46.155853271484375,1.1512305007257613,normal
70.07080678481046,42.40465404527281,3.413998324782483,normal
0.4366270914583905,28.52622985839844,4.341841992782942,normal
22.812193428402693,0.537576891138135,3.417499212987792,normal
42.63533631444274,11.376735049547666,13.636098061650614,normal
85.62034472134633,208.7388610839844,14.196964144007056,fall
87.3036788256903,24.7265625,12.58913336110561,fall
80.87522634893375,13.104189028622024,1.7660380843505834,normal
0.6303627044308839,-31.73938751220703,2.9956194960025755,normal
86.0262969509414,-93.47735402874837,4.500269030088248,normal
86.5578714893411,-10.220489501953123,53.13386748577328,fall
6.966641207509272,99.19166564941406,6.389343663143137,normal
3.326354045817164,-25.237998962402344,2.71161105561397,normal
88.21089974819083,570.3007507324219,6.105657713347583,fall
62.94796671354564,-8.7872314453125,4.672878618919157,fall
4.058535640686284,-20.00232696533203,3.2810992779504584,normal
33.18267777123421,87.57270812988281,12.364553832287552,normal
0.8703673827661718,-24.60948944091797,1.6435523000395422,normal
6.094290112914028,36.42803192138672,1.4816906279794662,normal
89.18737003406329,33.93260540282596,1.347249133338977,normal
0.6285477744096325,-66.65107727050781,1.894364967720489,normal
24.16562510729493,-89.28580297172903,3.2187215855216387,normal
71.5319680344503,-636.8220520019531,25.46107057549876,fall
45.80946674153753,323.87237548828125,5.795913799187908,fall
76.1912389415819,9.72393035888672,8.720257569215534,normal
5.941553902830124,5.5359649658203125,3.7361920131834943,normal
42.30747265016124,120.82935333251952,16.279080599201034,normal
58.25862561800517,442.4290466308594,49.705370665369415,fall
89.00267576463061,-0.0224375835385603,1.2377995887367064,normal
53.418421227621074,171.50390625,6.4504585365000295,fall
69.12222281546089,-3.9237213134765625,13.828688491782223,fall
6.69775223953693,-35.126495361328125,66.98046843169796,normal
2.714508794867765,-21.620407104492188,1.207388210453711,normal
70.40129062744141,136.26022338867188,5.851320651884485,fall
43.82289607065397,-120.62757066496224,4.647422894184652,normal
66.43611741479398,206.8109893798828,9.516790710048411,fall
54.63266936308576,78.57170104980469,47.1274478254786,normal
13.530994475219773,-282.5157736995678,3.3310631680310028,normal
11.084316347988516,43.458595275878906,2.254761726385386,normal
85.7515625843362,76.78276062011719,7.443565969485604,fall
2.679816834287459,2.040863200179408,1.004694435984368,normal
80.68353560754939,461.2124633789063,7.846472735702346,fall
60.329683669029926,40.76362609863281,4.284425264487144,fall
64.21481116424724,274.82643127441406,6.9065276937256215,fall
88.53354582469716,-24.860641705380917,0.8875769278730132,normal
59.7934137869168,373.6415863037109,14.196964144007056,fall
88.2710532669797,135.9840265843066,5.07480117889817,normal
81.18993615268828,104.02702331542967,12.858144427116272,fall
15.874129166389576,236.1532974243164,2.337625947276983,fall
1.0218217041329885,13.11126708984375,3.4729017264148494,normal
40.47844914345304,-11.495819091796877,11.697278945866998,normal
4.075591031256092,-71.39552815103436,7.554301139492004,normal
13.616497047926956,8.012410059048982,5.760953825954815,normal
36.888868163994445,24.87429779568238,6.499549310405797,normal
69.47974850921544,541.1139678955078,9.516790710048411,fall
0.8766900756831065,-34.811553955078125,3.351800535745266,normal
26.25483523843294,185.64090728759768,3.9926732880860074,normal
34.68367680541898,329.6881484985352,5.284909808906608,fall
89.89337441394545,-1.1768481704198532,1.285789746120173,normal
7.27696611763244,20.85433959960937,2.825900414178344,normal
84.98923355697713,7.989349365234375,8.348682491410386,normal
0.0931722626797701,13.852043151855469,2.791605232602488,normal
4.2937703973352095,-134.95242093826542,7.554301139492004,normal
54.81519362789668,14.033203125,5.025505746764079,fall
3.0803015943571634,17.81078338623047,3.642333014767069,normal
85.4328455613314,-100.48484802246094,9.655901071331485,fall
6.100053213070924,34.42108154296875,2.4207131115640395,normal
83.22177475583268,-43.57795715332031,81.15073438437585,fall
88.85984911997446,233.08639526367188,56.96384603609644,fall
10.923591445756864,44.20967102050781,2.1156985145069696,normal
72.06406699160858,289.3384552001953,8.29161096419827,fall
0.3604214969754218,-29.21184539794922,1.3599851005140455,normal
80.11629949171716,138.26371364421797,10.997816060747647,normal
84.31039867527306,-0.6731265854287783,0.169232120016801,normal
5.166381374849463,-33.323019202615704,2.9093824691685217,normal
61.84376746881726,216.12521637296587,10.835235105668744,normal
89.15074277311517,16.4543773536161,0.6860808456597027,normal
86.98693864036463,-11.700439453125,1.8854097851385347,fall
68.42543794869715,178.93592834472656,5.8257546045982025,fall
61.47853751205019,100.81466674804688,6.283606398139348,fall
49.823439989790494,26.243649124468572,5.555275468577058,normal
2.865926784016254,25.562095642089844,4.951014283497465,normal
59.57722305465615,1.8790054321289065,4.599177527978931,fall
72.42624737794543,-166.24820709228516,13.492052529945916,normal
22.66349728778614,-1.0479156893319674,29.882800167473377,normal
10.965615551432878,-29.63080633551538,6.511217739384577,normal
45.31568861363163,-436.2436345987584,4.453823886312389,normal
81.43540765530193,70.0894546508789,3.966089146030768,normal
0.7659268630663013,20.845184326171875,4.9169656829081525,normal
74.16783384294972,2.480621337890625,19.39418980708193,fall
29.75176488716936,22.051791027681404,5.051175371605154,normal
88.85263232283684,-150.09384155273438,13.100915807619003,fall
76.83426451384872,182.7092742919922,5.186673052525819,fall
85.84861125687952,75.4218803070261,5.56096167486642,normal
0.2469758050732763,17.28984832763672,1.1955110979388557,normal
6.298748385284845,-0.397796630859375,2.09844598588691,normal
47.52874764847652,164.92169167936203,7.39954076276549,normal
80.71657940030593,10.67892041480916,2.952922074282625,normal
3.907995726728671,510.92811584472656,15.80854175494424,fall
81.86885935873701,-24.98295638823523,2.1492876329877504,normal
75.21501523762329,173.09921264648438,82.6704014789444,normal
12.640866024767009,276.9367218017578,49.06390827966466,normal
27.57662516394877,19.531402587890625,62.019929456871694,normal
52.68013138415834,141.85569763183594,5.258321110564161,fall
14.403132026539913,-194.54383850097656,58.37573960521315,normal
36.195738461073965,823.8844299316406,35.931521543296675,fall
3.8188258595687024,-2.1973800659179688,1.5484498396387845,normal
3.30646921196219,30.523302444310232,1.3395815105223612,normal
53.81764345461214,227.2281646728516,7.427901300526258,fall
30.089368073302275,169.03953552246094,5.461932321951871,normal
89.69666488975963,5.521248235024303,0.660357688863499,normal
82.24270528949904,182.68089294433597,7.443565969485604,fall
0.4210915843777481,-54.90680694580078,1.4384947267276198,normal
66.72076085626912,343.17100524902344,19.496122412212834,fall
3.033798916996928,41.905517578125,3.2153672535875195,normal
75.58064319902182,176.58920288085938,12.404824644320705,fall
88.03532418515702,-669.9980163574219,63.393264661625295,fall
73.8889536597839,96.21505737304688,5.753365323112689,fall
84.11615633008576,-6.055289262575387,0.7391277248397898,normal
60.91416591112236,-25.91725045861877,5.431917471163231,normal
39.16053116949345,106.34170532226562,25.354635797327475,normal
84.86331355567535,-66.72477722167969,25.46107057549876,fall
2.5674111160042288,8.638458251953125,1.578744304093262,normal
0.6466797800548247,-54.36767578125,1.473058980416876,normal
16.311868599740606,26.875991821289062,8.954051587970298,normal
75.2642884457793,-142.49480880550573,1.319343990107157,normal
1.88980516696003,-6.534919738769531,1.6757409587130598,normal
75.17445682245788,-64.59983825683594,3.931606565843808,normal
2.630199892840365,5.397262573242188,1.5927119681039428,normal
51.19914868878531,-85.51254272460938,13.828688491782223,fall
84.90398164630687,-252.00955115281255,2.901177831783869,normal
41.54404900934095,185.2594757080078,37.67326565191375,normal
60.62450793136457,-27.73944854736328,4.943944404716596,fall
45.87896044783757,-49.56474855625101,4.561566033235955,normal
43.35211841439657,-107.80632019042967,17.60958963578711,normal
18.72645330924589,34.04136743124731,1.8993717644226005,normal
73.86823810863979,238.18570063031717,7.212661483535911,normal
0.2113181569095044,3.3661651611328125,3.715800329232356,normal
66.71681133929133,809.8764038085938,20.926175384732048,fall
2.092022835050654,19.938976820318988,1.1409368900069667,normal
80.66778627272947,40.89955825504005,4.311057324407614,normal
0.6811891879832783,-20.710601806640625,2.705836163325611,normal
79.21189035945028,28.50565968676662,4.766005798073728,normal
88.84213475874185,255.01190185546875,5.186673052525819,fall
2.3240908043360538,-26.846580505371094,2.4412183649107844,normal
16.130076889381694,126.03103637695312,28.688902250125373,normal
80.52641751880725,98.10310363769533,6.704089964898401,fall
73.07671165045305,337.10838317871094,7.838003081940975,fall
78.34646384776103,-25.116321912087407,7.2544616007800755,normal
7.25782952025175,6.429935310197449,0.9646458147548662,normal
3.641633579211483,-3.900764898322295,1.5573409288485704,normal
1.50127995275963,-30.72679242522894,0.713603074411008,normal
8.921174195848335,11.09204566609744,5.760953825954815,normal
3.031236177042334,-6.863194390645583,3.350368159289071,normal
32.0618289761989,82.67877526613769,7.719979667983672,normal
18.851257102659083,-19.20146942138672,4.855775222500542,normal
67.96818400967321,137.13729858398438,5.87118195251319,fall
87.53374166826326,52.1685791015625,53.25526594883006,fall
22.097598152947956,64.48474822904988,1.9447652566949716,normal
45.34085039588948,217.7328872680664,7.351769953513397,fall
1.185973399569584,14.955825805664062,2.8363558978082346,normal
40.70899181186474,95.23006439208984,5.861115080911517,normal
11.063703177162246,253.79344940185547,1.9243921259009893,fall
85.62505575001707,-19.659632598241824,5.674490445645034,normal
28.66242244602547,187.13069915771484,6.068524160571961,normal
82.03228842175066,-48.7300928018318,6.936840079945242,normal
66.65096242741785,330.40077209472656,9.516790710048411,fall
55.57917775554669,-107.06703186035156,4.179947005628172,fall
68.18084054097731,-70.17013549804688,56.96384603609644,fall
7.251704285607547,7.654781341552734,5.512210226172655,normal
55.227100997581935,236.84783935546875,27.601792611475915,fall
8.742242621480557,13.005523681640623,3.851810657791285,normal
14.646104019630814,399.0717315673828,6.05042489089952,fall
56.12379516697353,37.821807861328125,4.179947005628172,fall
81.34505473164305,32.124835518348014,2.3765300870840065,normal
54.77023810518426,167.41744995117188,27.601792611475915,fall
75.71682049344125,308.26446533203125,12.858144427116272,fall
1.0593506598079636,20.489273071289062,1.8721296190497505,normal
61.0397634461094,15.611742059240054,8.756000928119931,normal
64.47795777471397,326.6992950439453,25.46107057549876,fall
8.736462089192035,17.148056030273438,1.7232064799329052,normal
2.6648034056522243,-3.4951558707825297,3.3077318742028794,normal
10.203957627885558,200.7245635986328,1.9243921259009893,fall
24.380000616976407,202.58262634277344,4.394686254439112,fall
3.0274682831517143,-62.51049041748047,4.657407984361509,normal
17.05066449674313,256.574821472168,4.711029346418076,fall
63.844478655901135,423.3865356445313,63.431671329709374,fall
66.15218550810677,138.29544067382812,25.46107057549876,fall
80.19296803586464,-320.1567077636719,32.752801875212,fall
84.71345832973878,-1.74224853515625,5.829408943200306,fall
87.48580121356602,386.0563659667969,12.3398799356058,fall
50.503457866349336,56.49696350097656,13.828688491782223,fall
3.1649136322237896,-24.352340698242188,0.9725942629834337,normal
51.64592239043216,10.389303560886145,1.6713211232490863,normal
0.4493861423033398,-9.091300964355469,1.165083678378024,normal
81.27150049163644,45.66562765144534,3.030439593760917,normal
27.304575839471365,267.5819778442383,6.376923369140684,fall
2.5017258706182286,109.42006024978328,1.3568386902753415,normal
63.88610255936877,-53.596729427694704,5.201151224271875,normal
18.95618864171492,146.45954132080078,2.469985729692312,normal
14.693021538428956,-43.89986142501916,2.199357019505868,normal
4.80388549788455,-12.087020874023438,19.38153750746268,normal
2.219319414288362,-10.000991821289062,1.894364967720489,normal
66.11773468701514,3.3721160888671875,13.828688491782223,fall
75.35125508312424,38.89595031738281,12.858144427116272,fall
89.17748126641473,33.72459411621094,56.96384603609644,fall
12.985684192175194,-110.3085708618164,16.679066472894938,normal
68.14252894021871,144.16854858398438,4.659345377714004,fall
85.06047866590757,-25.365785144381977,2.3765300870840065,normal
84.46197865753211,20.79437255859375,11.326634477622292,fall
19.68230925004635,267.4334817405947,11.876083382479138,normal
11.891266079068211,15.681381225585938,2.094277877992776,normal
59.49189412074657,80.47794342041016,10.16683035551698,fall
86.76405307413636,120.66078186035156,4.410392354369776,fall
5.315167237541124,4.513526977375003,9.4659560382354,normal
36.7519280829149,313.9902877807617,8.932355732441817,fall
2.35648736232307,203.5466766357422,5.782517744399332,fall
2.176853905918072,32.40531921386719,2.757474663104275,normal
78.67823142557724,-9.264450073242188,3.9777004107543945,fall
44.248864535783376,-24.060343569531955,5.431917471163231,normal
44.72839195799575,268.1414794921875,8.932355732441817,fall
47.700947915511,16.660995483398438,5.576678092398552,normal
30.49782620714298,91.11167907714844,62.019929456871694,normal
87.23262945402165,13.166427612304688,1.8854097851385347,fall
78.34610673552322,311.5583038330078,12.3398799356058,fall
7.521998020891583,210.24398803710935,4.011726804073453,normal
86.1937373507903,34.37370300292969,4.753890298938515,fall
77.98166182589424,1013.899154663086,27.601792611475915,fall
55.46469124806774,-29.26700592041016,4.179947005628172,fall
21.614936002864,446.1268615722656,82.6704014789444,normal
43.0982492669464,4.092494539040194,4.505535172030349,normal
52.02216590603067,18.772315979003903,4.530614464157551,fall
0.1331517864011541,13.561248779296877,2.060682784801948,normal
3.379677774688563,53.16089630126953,3.2810992779504584,normal
55.85749599416828,-42.93800354003906,53.13386748577328,fall
16.73033406503651,-31.03611691037219,11.730076506517864,normal
2.955596993039526,-9.50237274169922,1.3599851005140455,normal
74.91157585255101,1243.1231689453125,12.858144427116272,fall
31.50696619978449,-293.54140916748776,5.613090623565309,normal
84.09965911408463,-116.18075839646428,6.31509806553909,normal
86.94627885340896,-8.53409218141219,0.1241102279208234,normal
22.421718231515797,23.90427778540442,4.169401535774236,normal
25.057565589125545,-13.480037588114104,6.719596756644919,normal
2.762104510372333,-11.898651123046877,1.5927119681039428,normal
75.32018515285206,193.14971923828125,5.2313479269713525,fall
44.5721400568837,2281.972274780273,41.70184867208405,fall
31.63290546369753,29.22926572133675,2.4861280991613164,normal
4.712643866539647,-2.5421905517578125,4.822320425576994,normal
22.95920995134593,-181.6978454589844,75.69505380881779,normal
2.108024070208993,-35.340545333297555,0.982054494013524,normal
36.98343219423269,91.39846801757812,5.861115080911517,normal
86.33127174998654,36.42219543457031,12.404824644320705,fall
83.36549692306279,14.63773683127249,4.104986884431042,normal
69.26653605768979,-18.53759765625,10.83601137595896,normal
0.9515672859169232,33.20159912109375,1.7074672054688902,normal
1.0733487514331432,20.865211486816406,4.951014283497465,normal
7.120459484652829,643.5200500488281,8.079173867461215,fall
1.203255035975049,14.015007019042969,2.5585524425392623,normal
51.66392740438324,240.03273010253903,19.496122412212834,fall
54.391108338623575,-39.54071044921875,7.427901300526258,fall
71.3699109898711,193.0878989899266,7.212661483535911,normal
85.3605722573718,-41.94145202636719,81.15073438437585,fall
26.40649639739116,114.32258605957033,7.321853697132589,normal
1.9500506945513136,-5.039634704589844,1.7099729764016165,normal
48.07197615617595,108.55087280273438,18.99543076261083,normal
87.72890397909778,43.338973274972105,5.3825410283241695,normal
77.14336529225112,-78.20228576660156,43.66478246060224,fall
63.706624112401656,155.73760986328125,6.4504585365000295,fall
33.56235550664091,47.135353088378906,4.300653385200032,normal
23.969963616464447,100.70749282836914,3.401120559572071,normal
87.6227860040075,79.273681640625,12.3398799356058,fall
87.66645000884746,60.785980224609375,32.752801875212,fall
5.789724449113844,6.287956237792969,2.825900414178344,normal
77.36884840655102,74.77500915527344,32.752801875212,fall
76.68666172669685,408.45359802246094,12.3398799356058,fall
16.369766811292894,327.3457717895508,2.7116985573533565,fall
2.4072213917632936,4.625254472742247,1.6572479030254663,normal
2.044203740673551,169.13841247558594,3.22154120565449,normal
57.25782973917516,130.3095245361328,6.4504585365000295,fall
89.99758620079334,-9.210334865038703,1.5108474512346248,normal
1.834812155146675,-17.20355987548828,1.7225202872518242,normal
51.49619693061849,-15.152206420898438,35.931521543296675,fall
86.87278835719114,2.1453094482421875,4.753890298938515,fall
78.57908284073041,-52.862091064453125,76.69737029858017,fall
86.10287941185126,239.51499938964844,14.196964144007056,fall
12.91806562953212,-28.636413836875462,5.971416466511721,normal
69.33575701713657,149.67910766601562,5.004704914992402,fall
1.2557463220289795,24.27509307861328,1.5446501352732334,normal
2.961377093899042,-60.506629943847656,2.7751272997736947,normal
11.089860796691768,52.24994659423828,3.192821262595526,normal
3.0633294733123537,-41.192264556884766,1.2485715922836942,normal
3.142923531279592,-47.814788818359375,4.558004941777854,normal
2.735955036251952,31.63177879649642,1.526484368092123,normal
85.3447655790986,193.1529235839844,11.326634477622292,fall
89.66154975730201,34.08171511649831,0.7709555956279672,normal
77.46889264269322,-14.590107675206944,1.644166673619182,normal
29.229479181179983,149.29183959960938,4.56712782056406,normal
8.865735524609502,38.7725830078125,28.688902250125373,normal
3.880450937939983,53.29261779785156,1.7527776815430094,normal
84.99528299866618,758.0229949951172,47.12982015983887,fall
64.1449101449171,-71.53175354003906,76.69737029858017,fall
3.7678852100020266,100.1213836669922,15.3024321408965,normal
3.298947065082209,15.460853576660156,2.0375468972681805,normal
1.7604977287153123,-78.8785171508789,2.724863911568483,normal
11.432424954770791,29.12704467773437,52.704511281602734,normal
62.29572206137023,22.34161376953125,6.11428138585859,fall
86.70469707734625,239.8301696777344,7.846472735702346,fall
22.51753287360109,-68.07079568980531,2.1316881730720336,normal
44.06595472626333,135.86929321289062,5.592984754986055,normal
1.1759600873422018,-22.34447479248047,2.0953883460033054,normal
2.878113510406201,36.796924154576175,2.293729174358037,normal
83.41898192333997,250.1447296142578,6.106646935870316,fall
43.05560623221661,5.161456435930916,3.618404209917309,normal
27.748109375169765,-22.318004527553875,5.990365311690791,normal
1.760961878323725,-30.27259826660156,1.6689210437718112,normal
58.782801260165,-40.81260681152344,6.102669876006658,fall
71.85614170151862,-19.4970703125,6.11428138585859,fall
24.402290808343885,-615.7459679091922,5.613090623565309,normal
20.51164359442128,11.37447087726205,3.292184395562128,normal
50.55792195086422,114.6493148803711,4.229653333816422,fall
1.548515934046439,-35.80095291137695,1.126010816509368,normal
67.58776279603954,374.2964172363281,6.4504585365000295,fall
77.6117594989149,28.076705932617188,3.172615287399111,fall
83.80139505005738,-12.070083618164062,6.9114989286239705,fall
51.63832647830774,227.76809692382807,13.828688491782223,fall
74.2897070011634,-14.275131225585938,15.98611265857184,fall
77.95991330146273,299.08653259277344,4.284425264487144,fall
82.0803214618296,-42.02430725097656,12.404824644320705,fall
59.413729047270365,39.534759521484375,13.828688491782223,fall
7.050206713347657,12.363967895507812,2.258897542928582,normal
2.241298567820031,27.601089477539062,3.851810657791285,normal
52.72709133989169,532.0230102539062,87.00292613304994,normal
55.87574744788461,-9.40521240234375,4.284425264487144,fall
3.0885834676588417,11.93218231201172,1.4792112415776344,normal
18.812626879465537,15.230342616942288,3.976576248599329,normal
72.10242749330384,247.28851318359372,7.838003081940975,fall
78.30895956346802,16.094970703125,15.98611265857184,fall
72.33457003816194,134.62852478027344,32.752801875212,fall
28.75529572545193,68.18973541259766,3.822549711520555,normal
25.761434544207493,-46.94252014160156,47.9142977169124,normal
10.635428962650767,56.05648040771485,8.954051587970298,normal
3.186765485884689,19.74609375,2.058179686298101,normal
76.78668612389805,-2.2100989554911554,4.368140470516096,normal
56.80387089972939,68.58993530273438,20.3955133224924,normal
85.5602524548073,6.137237548828125,6.9114989286239705,fall
0.5845801688168686,22.700271606445312,2.878248385414149,normal
79.30440714928295,57.92545389400421,7.4818015965871965,normal
51.56957957020179,143.1420135498047,12.575130138074364,fall
34.804741625203945,-286.0728194554528,5.613090623565309,normal
71.72551142280102,-29.72975752310437,2.5295754888963278,normal
15.290544747017488,283.4294128417969,5.973168089635336,fall
0.2791175321549587,-54.97970581054688,2.705836163325611,normal
79.12439040731229,3.0905914306640625,6.105657713347583,fall
75.47801967740679,333.84178161621094,5.753365323112689,fall
63.02661126495385,31.05194091796875,6.102669876006658,fall
0.1618783579869045,-18.628921508789062,1.1791484910506829,normal
78.73200365178656,208.3930206298828,8.29161096419827,fall
0.515137942120544,10.942840576171877,3.303958873780623,normal
53.3344844320433,66.7232894897461,6.11428138585859,fall
56.536544466177325,-19.19517517089844,4.179947005628172,fall
0.592806240736006,-1.6989898681640625,0.9214807333725314,normal
28.19572692505938,-6.168937683105469,18.81486926331424,normal
54.89749477162975,188.44985961914065,54.531127701934345,fall
1.0626858314219931,-27.59937286376953,2.4412183649107844,normal
84.22684917174396,239.5813751220703,15.98611265857184,fall
85.06931655202608,-170.76942443847656,23.53648824128744,fall
1.5399725167469682,34.33845520019531,2.878248385414149,normal
14.970857652563016,316.3165283203125,2.7116985573533565,fall
22.643255778530367,44.74411010742188,4.855775222500542,normal
5.549486366567228,62.35267639160156,4.822320425576994,normal
71.01902364195446,199.79827880859372,25.46107057549876,fall
89.96136163894403,319.9527740478516,7.443565969485604,fall
87.80001878158136,161.62925720214844,20.47467650067317,fall
85.3374673426763,-32.270050048828125,4.753890298938515,fall
61.09040561345534,144.4622039794922,47.1274478254786,normal
12.348551989327635,-14.277915078935097,1.1854973731183094,normal
76.7065313254507,42.64045715332031,9.33077663453733,fall
71.99591854287918,-233.78448486328125,27.601792611475915,fall
1.0744472479126628,-9.275550842285156,0.9812477412698052,normal
23.832303272734727,25.94624277501309,3.909062461202304,normal
80.9209330551338,80.79826354980469,10.980983693836734,fall
79.12954270639976,-12.678455235738268,5.75382915724046,normal
1.4930479842173017,-9.473960539236383,6.026290780231024,normal
2.565149055468793,14.21710968017578,1.1736170916004989,normal
88.21353248608555,-228.79669189453125,10.980983693836734,fall
75.15002168407109,122.46231079101562,5.186673052525819,fall
74.79572896475968,156.5630619959697,3.6851292744195945,normal
39.423070986703046,-45.54138403171642,3.8157847634822417,normal
87.28219129952545,-110.36357600311877,0.9026518551564208,normal
30.04474509850099,473.4349822998047,54.531127701934345,fall
79.09743684811316,388.2536315917969,13.100915807619003,fall
58.186854114083744,891.5707397460938,27.601792611475915,fall
0.7402815242159287,-59.61959838867188,5.842576933180106,normal
68.79453451764567,-242.4271474761204,5.75382915724046,normal
52.19883078895801,-0.8475494384765625,4.884197227362726,fall
70.22538336238014,183.4906768798828,30.792844995403527,fall
86.19392413120345,37.94952392578125,10.980983693836734,fall
80.47645172126508,225.91873168945312,6.105657713347583,fall
62.85801010876476,-173.40980529785156,27.601792611475915,fall
1.8912412016278213,22.27890014648437,1.163607466939237,normal
1.642298497467755,-31.06773376464844,1.9194853515915304,normal
8.936799262028563,9.42345145543171,0.9646458147548662,normal
3.399213003914673,14.016036987304688,1.578744304093262,normal
31.16042101385129,75.48248291015625,3.6895313883332186,normal
80.29759370805793,-13.127517700195312,10.980983693836734,fall
70.86006179403118,50.617889984708086,9.471575789495546,normal
61.05086088107528,-36.39862060546875,13.828688491782223,fall
80.17659627144121,25.86902618408203,55.42305662624253,normal
0.0710745218409528,24.41082000732422,1.5847215498252418,normal
9.269133688382464,133.41934204101562,2.0669597239519675,normal
0.509354182053884,-4.418621063232422,1.894364967720489,normal
1.358453184962094,2.09747314453125,6.389343663143137,normal
63.78691778541644,7.365074157714844,5.004704914992402,fall
75.25755533084897,-29.862269972060677,11.563175688907322,normal
1.136029712407159,-20.492019653320312,3.4411941397896717,normal
60.69474034405272,184.5941162109375,20.3955133224924,normal
61.00600409477446,3.4708559429580474,11.04914501837137,normal
21.102762365563187,136.2469482421875,8.362749014013891,normal
52.24050382624488,11.770706176757812,4.44692874420668,fall
85.2122502729402,16.787567138671875,9.655901071331485,fall
37.450428466923626,338.14395904541016,4.0951989844454495,fall
76.87990275978375,446.1829376220703,6.704089964898401,fall
75.03456218583851,113.28620155996208,14.19041823397415,normal
0.4978525778163221,29.945297241210938,1.7001466311756397,normal
1.6459209000214878,24.567745045865987,1.5590563078458244,normal
9.677027297521958,304.0045166015625,6.05042489089952,fall
52.877458284010544,298.0415246078986,10.355487602449957,normal
14.999801224607996,291.74549102783203,5.973168089635336,fall
78.8627523475026,165.274658203125,30.51987712410997,fall
38.81882138994678,51.08970586798733,5.10828051959443,normal
2.447903594849574,5.7440185546875,1.103705911513701,normal
86.56436583266856,200.7199859619141,12.3398799356058,fall
79.16217698678744,98.22349548339844,6.704089964898401,fall
27.902679894432065,38.47102061746023,5.990365311690791,normal
11.502610993611931,78.90899346406971,3.0969239383555607,normal
2.2070056778213254,6.648216247558594,2.887433464804148,normal
1.6476363552837312,68.88233184814453,1.578744304093262,normal
13.073994358353218,-38.98246765136719,4.596883240032202,normal
56.91932670474557,380.4487609863281,8.932355732441817,fall
6.189490055781309,-15.55328335974516,1.1331786649748796,normal
4.486668010117975,119.73644256591795,10.407527440649227,normal
73.14193373663447,-142.57186889648438,13.828688491782223,fall
56.58824496547044,-41.10694885253906,27.601792611475915,fall
19.230403726192115,-3.115355700022492,0.7742284023680597,normal
88.73020159739157,690.3252410888672,13.100915807619003,fall
72.98479409235784,-120.96611335783204,3.6851292744195945,normal
1.675662616251452,-37.7505111694336,0.9165139931415224,normal
3.810477128233368,-20.284767150878903,3.2412939594707213,normal
31.307404825095915,-294.38358306884766,66.98046843169796,normal
80.08783134201654,-42.10492166714569,7.365663028706933,normal
43.595796484258926,-26.25732421875,8.519157706857815,normal
54.43819486583781,0.157928466796875,7.846472735702346,fall
86.0045838869622,144.0209197998047,15.98611265857184,fall
61.7686280556996,130.6139373779297,5.025505746764079,fall
86.05368838389882,-11.092758178710938,4.753890298938515,fall
86.85452470601402,146.34639271014362,5.654565785457166,normal
2.962333942444817,156.28681182861328,1.2171689151795246,normal
6.941583938768454,-68.23334616505795,32.83876998007711,normal
23.9553055261349,-3.621799932170066,11.730076506517864,normal
81.27457500876501,111.36955261230467,6.704089964898401,fall
66.09732446421367,70.90255737304688,6.102669876006658,fall
74.8909784479758,10.958633422851562,53.13386748577328,fall
5.378386135813607,123.42670440673828,2.9819028899260624,normal
3.084259522734483,87.83008575439453,4.6671936324282175,normal
84.20867198422982,-10.574367531355064,8.484710725533091,normal
78.55478941302013,6.584243774414063,3.172615287399111,fall
6.006453526518617,49.98398004699989,1.7382101347875327,normal
26.82230980559942,135.84205627441406,63.34080027221184,normal
2.118974920722393,0.436248779296875,0.7580002416390796,normal
11.034432462497886,-107.12860107421876,7.531474752324317,normal
9.51385959568301,-38.01579361011453,3.292184395562128,normal
11.986282904397063,13.016281127929688,1.7232064799329052,normal
70.62454905508946,14.038009643554688,5.862497699303027,normal
87.53056003378178,-1.2638057959378877,0.5426861338642937,normal
87.6105118737783,48.8901208009185,1.4729738563673322,normal
38.76475420368125,647.7670669555664,28.91133158849497,normal
2.309553205640112,50.04981994628906,3.7017664722505135,normal
56.61391303726539,97.8179168701172,4.319885329244123,fall
1.2475332124323897,-8.923301696777344,3.351800535745266,normal
14.9659320239633,263.3052062988281,3.966756254607177,fall
2.7469426677438347,-9.537187041895743,1.5573409288485704,normal
74.39015720181887,-29.695816040039062,3.931606565843808,normal
42.35066438514941,-92.14527829390224,5.971416466511721,normal
68.16750817108759,-36.26678466796875,25.46107057549876,fall
71.2997937055529,-4.864974347416228,14.19041823397415,normal
3.398319617773071,-26.064620839266823,4.738785570411906,normal
2.345284568832767,-5.575904846191406,1.7099729764016165,normal
51.505786556184944,19.588851928710938,4.530614464157551,fall
10.624006557043725,-66.65683056304837,3.135210919378776,normal
37.573697339211975,-16.032654309928848,13.636098061650614,normal
89.04931805858472,41.55555725097656,11.326634477622292,fall
2.976478790769431,-60.5657958984375,2.768436879692464,normal
0.8572421482191762,-3.628463745117188,9.41586993596002,normal
85.31027749038333,-57.29602253163143,5.654565785457166,normal
3.88572303260112,40.293731689453125,1.2275232585508378,normal
77.52403154905764,232.09487915039065,69.46927255994777,fall
61.636387550066345,92.89764404296876,4.672878618919157,fall
0.0894432814924489,3.601226806640625,3.642333014767069,normal
40.8370714071252,-268.1683318511596,6.73077817741402,normal
4.4856058240834695,11.661758422851562,1.4753937383836253,normal
35.6705903706648,115.1308822631836,3.625952500423175,normal
19.1049085948003,-35.62299728393555,5.068795998828506,normal
84.97145115280743,7.832107543945312,4.410392354369776,fall
69.66509728633024,12.134857177734377,56.96384603609644,fall
80.80657073505667,563.8323211669922,15.98611265857184,fall
4.411863309331776,2.843856811523437,1.931006621031993,normal
68.17754248989148,-51.65519714355469,13.828688491782223,fall
76.54909540018309,318.5321044921875,5.753365323112689,fall
45.64175009041203,203.2196044921875,8.519157706857815,normal
2.1364977927840543,-65.03231048583984,1.9194853515915304,normal
7.063319004160072,37.89447784423828,8.347616158678003,normal
33.37667604236929,-248.9966583251953,83.06487374543491,normal
1.4527869480237938,-5.739669799804688,2.362372064289656,normal
78.60948695171352,53.68176122021183,11.655498072163931,normal
40.01355294234962,376.5249252319336,5.329876136930636,fall
89.58647114062833,217.6947784423828,11.326634477622292,fall
33.713759858930764,37.52662950548034,7.39954076276549,normal
71.13648149886325,31.948471069335938,11.326634477622292,fall
3.5946977605410364,-131.61895751953125,55.53682090937392,normal
74.56405043007163,4.569854736328125,13.66648291794803,normal
43.052139857653664,10.415637759040328,12.262311450991552,normal
7.54871640158022,32.61646270751953,1.558413089455839,normal
5.862901299236202,-4.705924987792969,4.164479109272477,normal
8.622477216275623,-58.020057678222656,1.7232064799329052,normal
1.8817826852198365,-1.483612060546875,2.556856787639002,normal
55.25513302395556,-76.79864371698875,7.719979667983672,normal
13.017195817375796,-63.65169105678152,4.440413464558855,normal
32.084921958586726,159.91458892822266,18.81486926331424,normal
57.50572036961438,-43.87229919433594,68.60986319469703,normal
12.72813481334897,12.254257552313444,4.440413464558855,normal
2.365767034368949,-36.2783432006836,1.6598809268862544,normal
2.951178801127736,-3.72816062993409,0.9993430732799792,normal
0.852586582903786,16.91242218017578,3.3264095484902945,normal
88.98545108506072,316.2993621826172,7.846472735702346,fall
85.78864672555966,338.7952423095703,22.76211765140789,fall
68.0437818530846,238.1458282470703,44.1038489339239,fall
11.367543760135304,1.3685989379882812,2.1156985145069696,normal
79.1192128905162,46.71890258789063,8.720257569215534,normal
12.348032460918528,145.70228576660156,2.384541642517858,normal
17.294473846761452,79.94158633420807,5.772045194305072,normal
3.6686106307145216,6.795501708984375,2.9956194960025755,normal
18.770896799282724,-54.1959544607287,9.471575789495546,normal
1.3603046841583155,-46.26651763916016,1.3502129663621978,normal
4.653190054119595,-49.9828323783674,1.3970800691493448,normal
18.21481755967224,182.83768673517463,2.337886287591541,normal
88.20761286713736,29.7692732296722,5.56096167486642,normal
75.20124170113272,281.12388610839844,6.106646935870316,fall
61.55262614698788,-217.7588653564453,35.931521543296675,fall
88.31072444114868,-1.590261767792278,1.3007349585686114,normal
70.76118312241115,-135.24513244628906,14.181923987871556,fall
61.73256639739926,-31.79237365722656,13.828688491782223,fall
74.69199228579754,17.70093965056793,3.6851292744195945,normal
59.68678433798839,74.4415283203125,24.03826575414021,fall
25.811274065302,305.26634216308594,14.081886142969404,fall
88.90384684930319,457.4093627929688,13.100915807619003,fall
3.0493471558744054,10.085906982421877,3.104365823475804,normal
79.94002571156821,14.432383482683152,7.2544616007800755,normal
1.304077040089206,43.269081115722656,1.1791484910506829,normal
73.48072905458436,-500.2972412109375,15.423117794718834,fall
24.97232828468581,-36.48914337158203,5.068795998828506,normal
15.95909806187711,-48.27890396118164,5.068795998828506,normal
29.03074960092829,-55.59379577636719,9.669125873251836,normal
83.53264044537885,-2.1887969970703125,81.15073438437585,fall
67.63082548138338,175.23927610143855,7.64072912479827,normal
3.454956388725283,94.14650505032849,7.554301139492004,normal
3.666388552385264,-26.60654067993164,1.020644229722972,normal
69.33944584876052,139.53048706054688,5.851320651884485,fall
26.72817282804497,61.959228515625,63.34080027221184,normal
30.884736152486845,-62.68867492675781,60.79748625162003,normal
68.17640704590305,50.30708312988281,6.4504585365000295,fall
25.38655481685341,10.169815135164978,4.357424479345468,normal
4.617309836080148,15.243759155273438,1.7817807953573643,normal
4.345781146043512,32.28158148021657,0.504670756891425,normal
35.68022003994168,205.61302185058597,8.519157706857815,normal
40.05394018742344,-46.15081787109375,12.364553832287552,normal
20.891652569320453,1.193529492787316,11.730076506517864,normal
4.089729508445579,72.75126626503342,1.9669379589610971,normal
76.47846416638723,0.7692861795009075,1.1468493243646236,normal
85.57500364763192,102.43858337402344,6.105657713347583,fall
41.31494435846767,218.43292236328125,6.7501055961758,fall
65.79970934552875,313.2023620605469,6.283606398139348,fall
1.360607700381676,-23.828338667516565,6.026290780231024,normal
0.9534606886576856,82.437744140625,2.4476976268157613,normal
57.15082262073659,22.231521606445312,4.530614464157551,fall
72.54751681672978,782.5426483154297,19.496122412212834,fall
33.31098756405926,360.9228515625,7.517305682870619,fall
68.14347521401662,86.91352844238281,6.283606398139348,fall
87.2042662494377,90.93385113429429,5.72496186829197,normal
0.7044772643014217,-32.54997253417969,1.736895038708952,normal
76.84317695541023,149.39437866210938,5.753365323112689,fall
20.65877583974968,1.3123558512673883,6.647066402572797,normal
84.92550368564969,301.1254119873047,7.846472735702346,fall
20.568843056892376,-4.017677307128906,2.3990528481022,normal
72.47285629742643,387.4280548095703,9.516790710048411,fall
84.21543099258804,220.86090087890625,8.29161096419827,fall
0.2366108683710153,-64.90001678466797,0.9812477412698052,normal
0.0038585863053086,-19.40471649169922,1.5927119681039428,normal
0.6865846043330636,91.00616455078124,2.387766873133966,normal
4.696297732441954,-32.587852478027344,0.7684719850045192,normal
7.522278107574207,-128.45672607421875,7.457053488319314,normal
0.0365754953625701,-47.7117919921875,2.195062570198413,normal
70.94384638810264,16.190757751464844,13.492052529945916,normal
2.0319016039132145,-85.25619506835938,3.642333014767069,normal
3.7580823249116246,-6.981697082519531,2.3053431853419304,normal
48.34287522339263,265.03074645996094,22.41830789901852,fall
1.6047833914002216,37.32227325439453,3.4729017264148494,normal
50.89662036331582,-15.932235717773438,4.179947005628172,fall
55.23169060908624,259.7687530517578,11.326634477622292,fall
12.517218472888546,-74.32891845703125,16.679066472894938,normal
68.18056250968672,-20.379867553710938,7.770959819671454,normal
72.3790502884871,332.362060546875,7.838003081940975,fall
87.51847756588305,90.94894409179688,9.655901071331485,fall
39.37140063477319,28.57992130396573,7.4818015965871965,normal
11.350632991569691,115.73844909667967,2.561960978387657,normal
1.621336787954595,13.234634399414062,2.757474663104275,normal
38.719291182383394,214.2713928222656,18.99543076261083,normal
2.6994254033805563,12.769546508789062,76.77248926482086,normal
7.074115044973777,11.478996276855469,3.509504812864792,normal
86.91276472876822,-202.08778381347656,53.13386748577328,fall
12.42287241325175,53.85049022452297,3.264463978209511,normal
89.42814234723905,-19.98891051871436,2.787957897661954,normal
6.955501977079473,20.928497314453125,4.729706345184217,normal
87.3146878716748,14.820785522460938,1.8350963933200009,fall
17.214496383471563,-5.841438941906555,4.746689070570891,normal
51.89598129178032,-122.60050012000752,5.431917471163231,normal
1.56045473633363,70.73123931884766,2.784014984608147,normal
29.446749168301626,16.362320876949614,11.730076506517864,normal
0.7893755182483742,54.20642852783203,2.8369182178601706,normal
9.426227572262682,43.63037919739384,1.7382101347875327,normal
3.0477877653098844,-4.661426693544049,2.3815439249486143,normal
2.4609749646130243,13.016624450683594,1.6757409587130598,normal
6.987935234025978,4.342231750488281,1.4904692360403424,normal
81.03335308492241,10.39131623298458,6.31509806553909,normal
1.0049774489195678,47.986106872558594,5.591210019614618,normal
58.000773847146114,235.7533264160156,5.8257546045982025,fall
25.612855200969044,9.978103637695312,14.726828124542642,normal
78.87614006342774,234.42123413085935,5.186673052525819,fall
15.616827552655243,-85.89237213134766,70.52625860760732,normal
58.9805853461506,191.50840759277344,13.828688491782223,fall
8.339638526806578,29.2168028051106,0.0426498874036038,normal
52.50929840471012,-25.71613311767578,4.179947005628172,fall
88.40476626815354,143.0651092529297,11.326634477622292,fall
56.88948405711877,285.3950500488281,63.431671329709374,fall
3.060091935534224,-11.84612274169922,1.578744304093262,normal
10.9322711074453,21.42620086669922,2.792156682366944,normal
88.08589121979685,-39.99229431152344,9.655901071331485,fall
71.18602764156812,36.12419128417969,4.284425264487144,fall
84.31937878854713,28.524515224052568,2.7780537024421363,normal
1.6592012188955818,83.95145416259766,3.3264095484902945,normal
6.892384621359401,36.20670318603516,4.347329407392365,normal
4.981844852173531,-12.307090759277344,1.4792112415776344,normal
3.592188143364233,-78.91490936279297,1.307722797120721,normal
5.388596314854295,56.008422524339785,0.5464015740891313,normal
51.66043531038579,285.2366638183594,10.16683035551698,fall
56.91536461663648,80.57807922363281,7.846472735702346,fall
38.12919148915197,196.4322931546847,4.191760694305842,normal
17.79973347896433,-44.72500697273086,5.630486363335832,normal
3.7851267063377056,25.28217315673828,4.3084791572029015,normal
6.128783710762558,-5.528755187988281,3.2153672535875195,normal
62.65265908419174,88.13850402832031,4.672878618919157,fall
78.18997422855365,217.9712677001953,14.196964144007056,fall
72.0867203615802,285.4712677001953,20.90493668751464,fall
83.25856421346859,-6.112038777298192,2.3765300870840065,normal
19.698323746875896,12.268444267125092,1.8993717644226005,normal
20.106917864567198,-132.12734280185194,9.942848573821124,normal
71.74922170333772,201.7401123046875,4.284425264487144,fall
88.18628605600951,80.64079284667969,6.704089964898401,fall
55.68056352664797,60.90522766113281,4.884197227362726,fall
75.69464947865235,-90.49575805664062,15.98611265857184,fall
19.108603841532613,-77.57308959960938,8.362749014013891,normal
83.03897417294318,238.73313903808597,6.106646935870316,fall
71.3764027128259,424.3833160400391,30.792844995403527,fall
15.657006334727969,-22.17404800494569,6.536813399369397,normal
26.292198063610403,156.763916015625,14.853867853478224,normal
40.88215585711631,312.45243072509766,8.932355732441817,fall
28.31884351599036,178.00609588623047,4.142570169461672,normal
1.928463432471064,-27.64263153076172,0.961871439134338,normal
4.607338847916981,30.88703155517578,1.4792112415776344,normal
81.86956650717012,180.7170867919922,6.449834292746473,fall
85.26533190225874,274.9674224853516,6.105657713347583,fall
23.48653765180373,-12.239404926307431,16.80168524322659,normal
0.9851146917324052,13.53984832763672,1.886906459659176,normal
1.1925119098935246,-51.4468002319336,2.724863911568483,normal
83.50769239329331,7.003999044594618,1.604527077360686,normal
71.7148961870136,92.24265295098724,4.311057324407614,normal
67.59965086152046,57.80342102050781,4.659345377714004,fall
74.8199196522623,302.0100402832031,15.98611265857184,fall
57.82721161070079,-41.849212646484375,30.51987712410997,fall
6.335895954668623,0.0029754638671875,4.558004941777854,normal
6.037629781062583,-86.47830963134766,14.440972170484564,normal
66.64549245479496,66.17637634277344,4.672878618919157,fall
49.45294553515776,0.849849076021442,5.929917637484586,normal
1.1260939396534435,107.0587908151236,1.3568386902753415,normal
34.45788801247576,320.9740182363026,7.1718770719742615,normal
7.646895617567219,-21.80156707763672,1.4904692360403424,normal
63.57119636992975,61.60240173339844,63.393264661625295,fall
19.84953789286353,-113.34982151026796,5.630486363335832,normal
60.10214944938882,140.81336975097656,62.06309788758306,fall
83.89531590926084,211.12106323242188,6.105657713347583,fall
72.64818993208769,316.4165496826172,6.4504585365000295,fall
41.91150868617778,127.32765197753906,14.853867853478224,normal
84.59265472265982,19.32197570800781,6.9114989286239705,fall
20.990797946162346,-80.75775146484375,83.06487374543491,normal
74.89029855258873,-61.30816368186753,1.319343990107157,normal
4.4010340666864725,-22.335747678050023,5.772045194305072,normal
86.50592659509536,-15.829925537109377,4.753890298938515,fall
31.51104177044789,75.42640686035156,60.79748625162003,normal
31.73585315848164,26.28742218017578,6.068524160571961,normal
70.42609301398436,793.8290405273438,27.601792611475915,fall
50.3782976089751,-10.980606079101562,62.65377358576289,fall
32.05231530072017,-144.68421936035156,6.068524160571961,normal
60.13559063843381,255.47653198242188,5.8257546045982025,fall
23.55918257530281,-133.22620865862655,4.505535172030349,normal
57.73200141505367,56.95404052734375,4.284425264487144,fall
12.24652948708597,-97.32504799380136,4.612473073524112,normal
89.99180367474197,-19.353275023309465,1.0102327179956632,normal
61.93915088618966,-10.444107055664062,4.659345377714004,fall
56.64072825438994,4.317626953125,12.364553832287552,normal
1.81077149147046,-38.46302032470703,1.3407601217160343,normal
2.5498513315104416,-47.29957580566406,6.389343663143137,normal
77.52748343716775,1748.2958221435547,14.196964144007056,fall
41.81084614841815,230.3757476806641,47.96745723621213,normal
3.275251395119369,19.566993713378903,0.9671898018260396,normal
0.3933891147630283,-130.72826385498047,4.384013247830552,normal
24.72581716783005,15.771852324887751,6.719596756644919,normal
81.96427029099505,-95.75225830078124,56.96384603609644,fall
57.89155240490286,90.91725602411285,7.4818015965871965,normal
8.329438920350507,18.17230224609375,1.2606970243381823,normal
50.86415631508069,240.06591796875,12.288351780307115,fall
88.25844816354291,74.76905822753906,17.07236949069349,fall
85.67753140195731,119.560546875,56.96384603609644,fall
83.68857130826399,-47.6806640625,12.404824644320705,fall
8.814776302125354,30.48340320147772,12.206283666995375,normal
12.473941908340318,58.96614074707031,3.387899840320147,normal
1.1874165687643443,74.45241802138091,2.293729174358037,normal
7.270828941846097,114.1230010986328,0.2071042558859837,normal
51.64289146228784,-54.23011779785156,68.60986319469703,normal
15.180164075296016,26.80689600629365,4.468496956270343,normal
27.99213216554092,-25.947418212890625,11.714347452673724,normal
37.18919023048272,720.6161499023438,24.72586946618405,fall
82.48327207626815,2.0862308534560325,1.671728042929388,normal
86.15319613092554,-31.828536987304688,1.8854097851385347,fall
30.28643313287425,308.73252868652344,41.70184867208405,fall
41.233116314049006,16.8234998389212,2.6381784939201083,normal
59.31661186331368,76.14212036132812,82.6704014789444,normal
1.0012208546956678,-14.630355834960938,3.642333014767069,normal
5.20882501064043,42.88009643554688,1.370572896324858,normal
81.95673328926605,102.2575943643782,6.31509806553909,normal
85.88755728042487,185.1308441162109,7.443565969485604,fall
85.91711918726438,240.78414916992188,12.3398799356058,fall
23.129355699535704,87.9931640625,14.440972170484564,normal
4.9610154196299785,177.40310668945312,5.554764066021645,normal
2.1311812893825857,43.543853759765625,2.70736157994498,normal
1.760936920677309,164.7311782836914,10.3025293651428,normal
71.58744419840922,3.2818003710826407,0.6195114123877232,normal
19.27417614302326,-6.476570171580302,0.5687841122439288,normal
4.12489338582883,102.2808837890625,4.6671936324282175,normal
78.50444974168057,52.78106689453125,3.9777004107543945,fall
86.21844679921482,39.822359021814464,0.8875769278730132,normal
19.045455531560517,-119.4345474243164,3.0472270966128576,normal
81.88735214927786,178.8837432861328,4.284425264487144,fall
3.996802241338408,46.66522979736328,2.3322737630798858,normal
0.1690936793130668,197.497363283742,1.643019657086933,normal
73.06958095708721,-88.004150390625,54.754919670128174,normal
2.5456976640206577,-8.165945724823743,1.880823528407345,normal
17.32834206041724,-0.8457417407179005,1.9624662323560624,normal
79.83988204784966,-34.38388686460931,1.9312266789652028,normal
4.15861760753246,5.596847534179688,2.757474663104275,normal
52.72567524468134,14.615707397460938,24.71744948326572,normal
74.17487298949581,-59.04417718346906,3.030439593760917,normal
1.5368483262038344,-14.66949462890625,1.4384947267276198,normal
84.1164733418543,246.08001708984372,5.8257546045982025,fall
63.079704251442514,98.23402404785156,68.60986319469703,normal
1.905202037653319,26.07868194580078,3.2358577682729006,normal
4.170801425101863,262.7355194091797,3.646980952686673,normal
84.46460126104873,529.7220611572266,6.106646935870316,fall
6.516535909202728,20.632553100585938,2.825900414178344,normal
0.9579686986113216,-158.64086151123047,4.384013247830552,normal
10.052249419395183,-85.28995513916016,3.300010900353489,normal
58.46062831495355,184.16473388671875,7.323082587488571,fall
0.3625516449030823,-30.882568359375,3.22154120565449,normal
57.971681294636895,-503.4429931640625,27.601792611475915,fall
78.6375399904046,187.98751831054688,32.752801875212,fall
0.4753927819665808,-64.39388541521565,2.3819784139549265,normal
5.984322620062924,55.67699432373047,3.4268877423979225,normal
1.5710001612369016,-17.631797790527344,1.886906459659176,normal
87.5277919309897,134.0265655517578,5.186673052525819,fall
60.96029127886074,-0.645904541015625,4.284425264487144,fall
39.02250210997063,199.0854263305664,4.346280639258353,normal
80.19570643736554,24.888251669323253,1.7660380843505834,normal
1.8348747224138453,0.8824539184570312,3.177285685005355,normal
34.0146222447912,380.60794830322266,4.0951989844454495,fall
14.702422061949855,85.20570829441861,2.199357019505868,normal
31.39257402785795,96.09626770019533,5.861115080911517,normal
65.35575357802732,0.9254236738207486,1.272150580807235,normal
5.5276690276112594,18.27129364013672,2.237772357327689,normal
5.113582199956364,-5.112690013785188,2.5919904013866333,normal
79.50654785365174,-28.208541870117188,10.980983693836734,fall
0.615423234058169,-30.458335876464844,2.705836163325611,normal
29.996130920583347,-53.99880143889543,2.297043041257922,normal
2.5134328205675507,-0.4259490966796875,10.92185756727919,normal
85.25880862334355,472.0719909667969,6.106646935870316,fall
3.386681565061502,-79.39407348632812,1.4134796103820366,normal
53.5976153739297,-29.6832275390625,4.284425264487144,fall
43.90189212139085,29.28943634033203,30.30881804369261,normal
4.788940505781623,26.02237701416016,0.8783504515345091,normal
34.11091979176591,52.34092712402344,82.6704014789444,normal
36.31844378022111,201.05552673339844,27.601792611475915,fall
1.8531842910075167,-25.782737731933597,4.347329407392365,normal
87.05212401055795,-1.8105756186013764,1.4729738563673322,normal
3.4122469695227724,21.7584228515625,1.7817807953573643,normal
34.823215474557415,23.13788136475133,5.10828051959443,normal
88.76658024982294,-18.04835942664882,1.5108474512346248,normal
0.9805041721704852,-20.72662353515625,2.060682784801948,normal
77.47695979490808,291.4750671386719,4.410392354369776,fall
46.04281711748176,0.8681796843971802,7.719979667983672,normal
11.769556535267856,-215.44429779052732,16.679066472894938,normal
27.31361598091201,24.262392805660323,3.417499212987792,normal
85.94156861440999,181.41403198242188,11.326634477622292,fall
1.4795310802830854,-33.45314025878906,1.1512305007257613,normal
53.7927624358941,-24.38983910788576,1.170022086833825,normal
76.52320131093698,-2.10205078125,57.1167143513312,fall
1.9015544203599253,-102.3809051513672,3.4411941397896717,normal
77.16910532574293,31.13957340890201,3.030439593760917,normal
0.981205873236154,-35.34416198730469,3.254069712282161,normal
4.249601999154781,15.284064780011535,5.772045194305072,normal
2.721867899020753,-6.972999572753906,1.6837933549370852,normal
17.846201728200434,989.7759246826172,41.70184867208405,fall
0.6196174730252273,-119.21150207519533,70.79779083865623,normal
87.59208999897814,32.190204969288324,3.673662622725842,normal
86.43908340164874,-139.37164306640625,56.96384603609644,fall
2.1064966014035185,-54.52583312988281,3.812339398939908,normal
76.28508408750514,20.698471069335938,17.07236949069349,fall
0.6933563343070276,-11.551780700683594,2.724863911568483,normal
1.3019187467860165,6.710700988769531,1.269318708838025,normal
84.45589224737836,4.346237182617188,56.96384603609644,fall
8.49198171285248,-13.57492446899414,1.6891673745694415,normal
65.42534588924049,20.82550048828125,12.404824644320705,fall
77.16831505599984,90.90545654296876,54.531127701934345,fall
74.16326786609105,302.786865234375,63.393264661625295,fall
87.98359543236731,144.4983673095703,14.196964144007056,fall
83.93287918143504,215.3432464599609,29.199717734043595,fall
70.00060222389949,259.8014831542969,4.672878618919157,fall
11.39247076239836,57.253153301116576,3.135210919378776,normal
45.5785009510825,-389.52735900878906,87.00292613304994,normal
1.4579116167941912,-10.256881713867188,1.5637459885855076,normal
2.933438459752908,32.975807189941406,1.8790371609603491,normal
33.197455290082964,156.0567855834961,3.625952500423175,normal
75.0692088994788,110.97518920898438,3.931606565843808,normal
1.460409429405127,-29.710235595703125,3.2412939594707213,normal
4.051444202721696,34.44007873535156,4.164479109272477,normal
1.6828320857047847,5.172615051269531,0.7580002416390796,normal
3.617112900537158,17.275772094726562,6.389343663143137,normal
52.831300528002096,-47.0745849609375,30.51987712410997,fall
77.90688391612379,-15.600711602682242,1.644166673619182,normal
77.59534529156666,14.754038896791064,1.2683268081649004,normal
81.15321422960467,246.02554321289065,4.410392354369776,fall
20.06918161772744,258.6887741088867,4.711029346418076,fall
74.40383103640592,-75.1862852965636,1.319343990107157,normal
33.617085081349664,490.7963562011719,12.288351780307115,fall
74.86586337062418,-27.010574340820312,3.931606565843808,normal
75.52323152086315,317.2603575814249,3.6851292744195945,normal
20.16415355852491,-195.5011367797852,2.792156682366944,normal
12.981567558352785,2.4333572387695312,4.852344328773569,normal
83.69332840899163,-15.6279571548729,1.034758436751687,normal
18.136239327395103,-12.82074878092068,6.536813399369397,normal
84.50921711337806,-39.7510682788925,5.674490445645034,normal
2.1096988654394773,2.545166015625,1.163607466939237,normal
0.8872174672101911,46.8943977355957,3.094463094794256,normal
69.39698687744307,-264.7540283203125,55.42305662624253,normal
52.446114863128905,-2.08831787109375,5.258321110564161,fall
85.37560937654915,676.5241241455078,6.105657713347583,fall
7.5083931520987806,31.248550415039062,4.558004941777854,normal
88.06867051911425,202.76046752929688,12.404824644320705,fall
85.00800273173407,96.93122863769533,4.410392354369776,fall
9.620418327244638,54.08832550048828,1.449536234089777,normal
26.196177356757808,37.9629135131836,3.9592825029078815,normal
71.61245372815704,-47.672882080078125,13.828688491782223,fall
29.293311541985744,-95.30319213867188,8.519157706857815,normal
1.0868186191976406,-28.74242552194673,0.6851765617245484,normal
5.248733174998093,176.13750457763672,3.0529442472949544,normal
85.80072871103394,-20.150963146942463,5.674490445645034,normal
6.217804944547941,4.8086439639752045,1.5432250415510156,normal
6.684921789342778,-59.22786712646485,1.4261933141578522,normal
43.16046631462243,-397.3820809066548,6.73077817741402,normal
3.8693116103742473,-0.3491592407226562,11.714347452673724,normal
4.42694834835049,19.69310760498047,2.094277877992776,normal
4.550032602119616,9.494247436523438,4.3084791572029015,normal
11.501692437815487,69.57665883180513,1.6081312874217737,normal
72.29976445995423,0.0,0.0,normal
7.428861522099578,206.8963623046875,2.374946421923683,normal
72.81278684443366,-262.42401123046875,82.6704014789444,normal
88.16090734427546,-0.2877509085846331,0.3451751691826388,normal
47.34854833614133,106.74945831298828,5.592984754986055,normal
87.34398686923011,224.30007934570312,7.443565969485604,fall
40.29840238047419,-1.7425410279395934,29.17037571717085,normal
13.2095830766739,3.2382735907472884,4.746689070570891,normal
0.5972923707833744,-54.63808253234427,0.8677102143789859,normal
0.7265353793926276,-3.0307301087045557,0.1141903616173153,normal
82.6118061929044,-4.58997717807313,2.7436022279165826,normal
2.536237477526987,-38.43349456787109,1.076950751126324,normal
53.57449155794902,119.8465561625723,7.212661483535911,normal
86.78375506381344,44.58457946777344,4.753890298938515,fall
51.87445158318785,73.31532300477774,6.626354884192189,normal
0.1743864473541919,-62.30094909667969,2.060682784801948,normal
10.031140832606306,-91.5058708190918,16.679066472894938,normal
9.26413899575851,-4.068717956542969,1.4904692360403424,normal
85.91839652250265,8.990895694999072,1.163454168564115,normal
69.58903182969655,90.24856567382812,6.9065276937256215,fall
9.565003745226718,61.51039123535156,1.7287212216009646,normal
68.08504287887835,4207.39631652832,70.83373705243714,fall
51.823046755515854,84.19120788574219,5.025505746764079,fall
61.82789693521411,-92.2233975578174,6.626354884192189,normal
20.84202860395744,3.802870029265645,4.169401535774236,normal
72.08653785839853,-23.415396089811907,0.7199842217551833,normal
82.71994326887419,-99.3939971923828,23.53648824128744,fall
84.76087764125252,64.57557678222656,13.100915807619003,fall
69.47216911771433,79.94293212890625,5.851320651884485,fall
76.4564386992806,218.20541381835935,15.423117794718834,fall
9.387541232996314,48.96297454833984,3.822549711520555,normal
83.3860937975307,-47.58168633594397,2.7961831753621595,normal
0.1304282775111787,-60.58948516845703,2.2205931064499245,normal
78.29081027529678,3.214874267578125,28.084669937743094,normal
0.0385258504140297,0.1428794860839843,1.1209714270929116,normal
5.217026407298151,64.05155181884766,2.3882925767557026,normal
4.280984505941697,-34.66812917209589,1.643019657086933,normal
69.04380698221938,223.5147857666016,76.69737029858017,fall
86.32896850716207,62.47280427341243,4.714490202948412,normal
10.548144325070265,30.49541473388672,3.2153672535875195,normal
82.86261857467669,141.17454528808594,11.326634477622292,fall
68.49893180995028,285.2961730957031,53.25526594883006,fall
12.77995981517208,164.08275604248047,8.722879059094815,normal
78.06781732070017,-284.6058654785156,53.16446641257976,fall
77.3306350874396,39.24833438162013,11.655498072163931,normal
1.759094742045984,-20.853309631347656,5.591210019614618,normal
0.8598116379640253,12.700790348525068,2.234447711260429,normal
2.7879146285865435,-31.38896942138672,2.9956194960025755,normal
88.33511029838716,247.8115081787109,6.704089964898401,fall
83.83606630775468,61.66411909079845,0.8078526254503515,normal
65.43519741311717,91.32293701171876,6.283606398139348,fall
87.20855912242473,11.804654815420664,0.9026518551564208,normal
89.2618415198834,76.96632385253906,13.100915807619003,fall
3.1737843767157914,49.18682098388672,2.387766873133966,normal
1.378207915472615,171.40972137451172,1.2065756937179364,normal
0.4437931841497957,-3.8912200927734375,2.306708788088939,normal
3.0349279933276483,0.0,0.0,normal
0.2494066671286326,-8.794326782226562,2.060682784801948,normal
85.70919817810585,-14.695359640382897,1.872493486036774,normal
1.3480246886549476,-12.464332580566406,1.334856444511824,normal
65.98019601781876,61.99639176642898,8.756000928119931,normal
17.13538712957566,378.6995315551758,5.973168089635336,fall
9.553265561819378,-144.40822720144808,9.978827157000277,normal
8.735446343086839,24.49527740478516,3.177285685005355,normal
67.97948059687717,218.58718872070312,11.326634477622292,fall
86.11191499183637,210.68161010742188,6.704089964898401,fall
1.64026995119663,21.772499084472656,1.3762191523596303,normal
24.868000644022075,682.5936126708984,54.531127701934345,fall
77.74589008151231,19.670304154297348,1.718342295235388,normal
80.08761819585527,206.22116088867188,7.443565969485604,fall
23.45010679353065,-56.85264587402344,26.90158281944776,normal
86.95885488099624,213.36456298828125,6.106646935870316,fall
69.20892586923482,125.9465789794922,7.838003081940975,fall
3.991659004456297,29.831199645996094,3.2153672535875195,normal
2.1817978458136023,5.2333831787109375,1.5847215498252418,normal
18.31713583240484,3.2851030760202424,2.8777643275233267,normal
77.18193616293895,69.16946411132812,10.980983693836734,fall
16.075041346575816,291.4173889160156,3.966756254607177,fall
35.607286223220804,68.96733128902959,3.1423523344899564,normal
1.1347608688050572,-3.8437271118164062,2.5585524425392623,normal
86.60898694358109,17.834365209580987,1.0097207777788242,normal
86.72477030427888,35.667572021484375,29.199717734043595,fall
87.69042809645504,-110.4510498046875,5.8257546045982025,fall
1.7232717986998007,34.11048889160156,3.192821262595526,normal
21.48242084995014,-43.71939972486268,11.730076506517864,normal
54.6765468270404,73.67866516113281,13.828688491782223,fall
3.652796071657359,7.1280670166015625,2.71161105561397,normal
6.435744966812907,79.40265655517578,1.635424822899635,normal
4.551580231178148,-88.60050201416016,7.457053488319314,normal
1.307712162683827,-26.732940673828125,3.2412939594707213,normal
1.4480957085381736,11.903586010331802,3.3077318742028794,normal
45.37834522857432,99.803466796875,58.37573960521315,normal
3.4220051865285246,25.87474822998047,1.4792112415776344,normal
68.42262485495216,139.92874145507812,6.4504585365000295,fall
34.2784757194332,434.85443115234375,43.75155845446068,fall
5.038005379695057,24.599340192608288,1.7382101347875327,normal
8.96000098375607,24.15058135986328,1.4230146194782742,normal
51.22504234853479,-58.07762145996094,21.73765387424992,normal
1.1183052264823423,-7.3862457275390625,1.2485715922836942,normal
4.083009589646572,23.376203542082127,0.9993430732799792,normal
3.381853870954957,-10.97259521484375,0.9310024716255724,normal
84.34605913121914,-22.26464610388765,5.674490445645034,normal
71.40275329492118,-621.7671203613281,27.601792611475915,fall
0.2846997676264264,-46.33632659912109,1.2707643213737978,normal
0.5199977925513051,46.38090133666992,3.192821262595526,normal
81.94702671824913,-57.94944763183594,81.15073438437585,fall
82.94561650128915,-1.0893422423728198,1.332321256068994,normal
75.56396794786153,26.73526003642989,1.82278509710477,normal
89.90304855157395,-57.34840293015353,3.4463215000706526,normal
86.72665718995155,36.50819507675088,8.484710725533091,normal
88.90256939832996,62.22908020019531,4.410392354369776,fall
0.9072766507692508,-57.1783447265625,0.7867610004226859,normal
2.246406228344282,-20.26736965105247,1.004694435984368,normal
42.19784471853797,145.49171447753906,4.133940015601056,normal
79.42423650123168,4433.892059326172,70.83373705243714,fall
85.29542710265855,-11.042633056640623,56.96384603609644,fall
21.383799237063563,0.7827886698330777,3.245770310445764,normal
87.61833183756008,-4.452625927427543,0.5426861338642937,normal
4.546591418159783,5.584487915039063,2.1150975948482627,normal
2.777983073412208,13.591327085868034,3.350368159289071,normal
62.817516621325055,-57.83364464588364,2.824869629626164,normal
78.47157861871071,-36.632080078125,3.172615287399111,fall
81.78125908454712,144.76089477539062,7.846472735702346,fall
77.59505383923099,-14.437191529721929,7.2544616007800755,normal
15.045719046505914,203.0360412597656,62.06309788758306,fall
78.41233266471725,-17.817306518554688,7.871618699870979,fall
0.0331524856977384,53.62153881869125,0.683429163096263,normal
50.307656182553096,18.411941528320312,29.07798212469193,normal
3.87563993210381,-83.04827767570451,7.554301139492004,normal
17.759965503917538,158.50730895996094,63.64246934223289,normal
2.369094003047102,-13.859619131691607,1.0098085588235417,normal
3.831867254978244,16.775665283203125,2.887433464804148,normal
88.63720082300024,-27.998514818546983,5.327486160143636,normal
62.9158115998136,101.0833740234375,30.792844995403527,fall
0.2482451052723587,35.780296325683594,1.886906459659176,normal
59.40224298017659,-576.0665130615234,14.196964144007056,fall
2.4865098714682694,0.0,0.0,normal
0.4039328520368391,32.775535583496094,1.6757409587130598,normal
54.137006038128725,322.80223846435547,7.351769953513397,fall
2.2519013461677715,-29.724655151367188,1.23613138542122,normal
76.8524761379166,50.29151916503906,3.9777004107543945,fall
0.6379269711267322,-22.061004638671875,1.537807753469742,normal
22.631404865946017,-97.1304702758789,6.20815932978218,normal
22.82070574042508,-38.72928923242483,4.402141888633746,normal
6.991312450340745,41.16853217732071,1.6881884275102292,normal
5.020671975145421,22.47013092041016,3.245219477868557,normal
0.0383068841778775,497.603759765625,43.33964909952249,fall
